channel_id,channel_number,channel_name,proposed_name,category,channel_type,disposition,deployment,scene_count,library_percent,distinct_performers,distinct_studios,filter_definition,tag_ids,tag_names,performer_ids,performer_names,studio_ids,studio_names,count_changed,quality_score,reason_selected
100|Mick Blue Has the Remote,100,Mick Blue Has the Remote,Mick Blue,Performers,performer_spotlight,keep,import-ready,573,2.82,466,53,"{""include"":{""performers_all"":[""157""]},""exclude"":{""tags_any"":[""9320""]}}",,,157,Mick Blue,,,no,85,performer with 50+ post-JAV scenes (573)
101|Shane Diesel: HR Would Like a Word,101,Shane Diesel: HR Would Like a Word,Shane Diesel,Performers,performer_spotlight,keep,import-ready,410,2.02,326,12,"{""include"":{""performers_all"":[""239""]},""exclude"":{""tags_any"":[""9320""]}}",,,239,Shane Diesel,,,no,78,performer with 50+ post-JAV scenes (410)
102|Keiran Lee vs. the Bedtime Schedule,102,Keiran Lee vs. the Bedtime Schedule,Keiran Lee,Performers,performer_spotlight,keep,import-ready,371,1.83,372,19,"{""include"":{""performers_all"":[""60""]},""exclude"":{""tags_any"":[""9320""]}}",,,60,Keiran Lee,,,no,79,performer with 50+ post-JAV scenes (371)
103|Manuel Ferrara: The Plot Thickens,103,Manuel Ferrara: The Plot Thickens,Manuel Ferrara,Performers,performer_spotlight,keep,import-ready,365,1.8,287,31,"{""include"":{""performers_all"":[""155""]},""exclude"":{""tags_any"":[""9320""]}}",,,155,Manuel Ferrara,,,no,79,performer with 50+ post-JAV scenes (365)
104|Xander Corvus & the Missing Script,104,Xander Corvus & the Missing Script,Xander Corvus,Performers,performer_spotlight,keep,import-ready,355,1.75,361,73,"{""include"":{""performers_all"":[""176""]},""exclude"":{""tags_any"":[""9320""]}}",,,176,Xander Corvus,,,no,81,performer with 50+ post-JAV scenes (355)
105|Bobby Beefcake: Do Not Auto-Play at Work,105,Bobby Beefcake: Do Not Auto-Play at Work,Bobby Beefcake,Performers,performer_spotlight,keep,import-ready,326,1.61,321,5,"{""include"":{""performers_all"":[""408""]},""exclude"":{""tags_any"":[""9320""]}}",,,408,Bobby Beefcake,,,no,76,performer with 50+ post-JAV scenes (326)
106|Anissa Kate: Overtime Approved,106,Anissa Kate: Overtime Approved,Anissa Kate,Performers,performer_spotlight,keep,import-ready,321,1.58,232,146,"{""include"":{""performers_all"":[""297""]},""exclude"":{""tags_any"":[""9320""]}}",,,297,Anissa Kate,,,no,82,performer with 50+ post-JAV scenes (321)
107|Danny Mountain Presents: Questionable Decisions,107,Danny Mountain Presents: Questionable Decisions,Danny Mountain,Performers,performer_spotlight,keep,import-ready,288,1.42,262,80,"{""include"":{""performers_all"":[""150""]},""exclude"":{""tags_any"":[""9320""]}}",,,150,Danny Mountain,,,no,81,performer with 50+ post-JAV scenes (288)
108|Johnny Castle: Main Character Hours,108,Johnny Castle: Main Character Hours,Johnny Castle,Performers,performer_spotlight,keep,import-ready,273,1.34,216,62,"{""include"":{""performers_all"":[""119""]},""exclude"":{""tags_any"":[""9320""]}}",,,119,Johnny Castle,,,no,80,performer with 50+ post-JAV scenes (273)
109|Riley Reid: The Binge Committee,109,Riley Reid: The Binge Committee,Riley Reid,Performers,performer_spotlight,keep,import-ready,273,1.34,212,86,"{""include"":{""performers_all"":[""156""]},""exclude"":{""tags_any"":[""9320""]}}",,,156,Riley Reid,,,no,81,performer with 50+ post-JAV scenes (273)
110|Tyler Nixon: The Skip Intro Department,110,Tyler Nixon: The Skip Intro Department,Tyler Nixon,Performers,performer_spotlight,keep,import-ready,257,1.27,231,56,"{""include"":{""performers_all"":[""154""]},""exclude"":{""tags_any"":[""9320""]}}",,,154,Tyler Nixon,,,no,80,performer with 50+ post-JAV scenes (257)
111|Ramon Nomar: No Meeting Could Replace This,111,Ramon Nomar: No Meeting Could Replace This,Ramon Nomar,Performers,performer_spotlight,keep,import-ready,249,1.23,318,57,"{""include"":{""performers_all"":[""214""]},""exclude"":{""tags_any"":[""9320""]}}",,,214,Ramon Nomar,,,no,81,performer with 50+ post-JAV scenes (249)
112|Ryan Madison: The Unscheduled Special,112,Ryan Madison: The Unscheduled Special,Ryan Madison,Performers,performer_spotlight,keep,import-ready,243,1.2,169,7,"{""include"":{""performers_all"":[""11""]},""exclude"":{""tags_any"":[""9320""]}}",,,11,Ryan Madison,,,no,76,performer with 50+ post-JAV scenes (243)
113|Johnny Sins: Cancel Your Plans,113,Johnny Sins: Cancel Your Plans,Johnny Sins,Performers,performer_spotlight,keep,import-ready,234,1.15,267,38,"{""include"":{""performers_all"":[""139""]},""exclude"":{""tags_any"":[""9320""]}}",,,139,Johnny Sins,,,no,80,performer with 50+ post-JAV scenes (234)
114|Abella Danger: The Remote Majority,114,Abella Danger: The Remote Majority,Abella Danger,Performers,performer_spotlight,keep,import-ready,222,1.09,194,68,"{""include"":{""performers_all"":[""169""]},""exclude"":{""tags_any"":[""9320""]}}",,,169,Abella Danger,,,no,80,performer with 50+ post-JAV scenes (222)
115|Christian Clay: Premium Procrastination,115,Christian Clay: Premium Procrastination,Christian Clay,Performers,performer_spotlight,keep,import-ready,220,1.08,223,10,"{""include"":{""performers_all"":[""470""]},""exclude"":{""tags_any"":[""9320""]}}",,,470,Christian Clay,,,no,77,performer with 50+ post-JAV scenes (220)
116|Tommy Pistol: Doing the Most,116,Tommy Pistol: Doing the Most,Tommy Pistol,Performers,performer_spotlight,keep,import-ready,221,1.09,274,42,"{""include"":{""performers_all"":[""61""]},""exclude"":{""tags_any"":[""9320""]}}",,,61,Tommy Pistol,,,no,80,performer with 50+ post-JAV scenes (221)
117|Chloe Temple: The Late Fee Channel,117,Chloe Temple: The Late Fee Channel,Chloe Temple,Performers,performer_spotlight,keep,import-ready,220,1.08,199,108,"{""include"":{""performers_all"":[""811""]},""exclude"":{""tags_any"":[""9320""]}}",,,811,Chloe Temple,,,no,81,performer with 50+ post-JAV scenes (220)
118|James Deen: Zero Inbox Energy,118,James Deen: Zero Inbox Energy,James Deen,Performers,performer_spotlight,keep,import-ready,217,1.07,239,50,"{""include"":{""performers_all"":[""373""]},""exclude"":{""tags_any"":[""9320""]}}",,,373,James Deen,,,no,80,performer with 50+ post-JAV scenes (217)
119|Seth Gamble: Please Remain Tuned,119,Seth Gamble: Please Remain Tuned,Seth Gamble,Performers,performer_spotlight,keep,import-ready,212,1.04,236,62,"{""include"":{""performers_all"":[""146""]},""exclude"":{""tags_any"":[""9320""]}}",,,146,Seth Gamble,,,no,80,performer with 50+ post-JAV scenes (212)
120|Alberto Blanco: The Extended Lunch Break,120,Alberto Blanco: The Extended Lunch Break,Alberto Blanco,Performers,performer_spotlight,keep,import-ready,211,1.04,218,16,"{""include"":{""performers_all"":[""4""]},""exclude"":{""tags_any"":[""9320""]}}",,,4,Alberto Blanco,,,no,78,performer with 50+ post-JAV scenes (211)
121|Kendra Lust: Not in the Employee Handbook,121,Kendra Lust: Not in the Employee Handbook,Kendra Lust,Performers,performer_spotlight,keep,import-ready,203,1.0,157,50,"{""include"":{""performers_all"":[""574""]},""exclude"":{""tags_any"":[""9320""]}}",,,574,Kendra Lust,,,no,79,performer with 50+ post-JAV scenes (203)
122|Nicole Aniston: Plot Armor Included,122,Nicole Aniston: Plot Armor Included,Nicole Aniston,Performers,performer_spotlight,keep,import-ready,202,1.0,168,93,"{""include"":{""performers_all"":[""68""]},""exclude"":{""tags_any"":[""9320""]}}",,,68,Nicole Aniston,,,no,81,performer with 50+ post-JAV scenes (202)
123|Bill Bailey: The Agenda Has Changed,123,Bill Bailey: The Agenda Has Changed,Bill Bailey,Performers,performer_spotlight,keep,import-ready,197,0.97,185,52,"{""include"":{""performers_all"":[""232""]},""exclude"":{""tags_any"":[""9320""]}}",,,232,Bill Bailey,,,no,75,performer with 50+ post-JAV scenes (197)
124|Luna Star: One More Episode,124,Luna Star: One More Episode,Luna Star,Performers,performer_spotlight,keep,import-ready,194,0.96,138,56,"{""include"":{""performers_all"":[""521""]},""exclude"":{""tags_any"":[""9320""]}}",,,521,Luna Star,,,no,75,performer with 50+ post-JAV scenes (194)
125|Charles Dera: The Not-So-Silent Partner,125,Charles Dera: The Not-So-Silent Partner,Charles Dera,Performers,performer_spotlight,keep,import-ready,191,0.94,254,55,"{""include"":{""performers_all"":[""367""]},""exclude"":{""tags_any"":[""9320""]}}",,,367,Charles Dera,,,no,76,performer with 50+ post-JAV scenes (191)
126|Markus Dupree: After the Group Chat,126,Markus Dupree: After the Group Chat,Markus Dupree,Performers,performer_spotlight,keep,import-ready,187,0.92,218,27,"{""include"":{""performers_all"":[""21""]},""exclude"":{""tags_any"":[""9320""]}}",,,21,Markus Dupree,,,no,74,performer with 50+ post-JAV scenes (187)
127|J Mac: This Meeting Runs Late,127,J Mac: This Meeting Runs Late,J Mac,Performers,performer_spotlight,keep,import-ready,184,0.91,199,38,"{""include"":{""performers_all"":[""317""]},""exclude"":{""tags_any"":[""9320""]}}",,,317,J Mac,,,no,75,performer with 50+ post-JAV scenes (184)
128|Owen Gray: The Recommendation Engine,128,Owen Gray: The Recommendation Engine,Owen Gray,Performers,performer_spotlight,keep,import-ready,182,0.9,180,8,"{""include"":{""performers_all"":[""1219""]},""exclude"":{""tags_any"":[""9320""]}}",,,1219,Owen Gray,,,no,72,performer with 50+ post-JAV scenes (182)
129|Scott Nails: Airplane Mode Recommended,129,Scott Nails: Airplane Mode Recommended,Scott Nails,Performers,performer_spotlight,keep,import-ready,170,0.84,172,24,"{""include"":{""performers_all"":[""480""]},""exclude"":{""tags_any"":[""9320""]}}",,,480,Scott Nails,,,no,73,performer with 50+ post-JAV scenes (170)
130|Steve Holmes: The Couch Has Questions,130,Steve Holmes: The Couch Has Questions,Steve Holmes,Performers,performer_spotlight,keep,import-ready,169,0.83,234,34,"{""include"":{""performers_all"":[""186""]},""exclude"":{""tags_any"":[""9320""]}}",,,186,Steve Holmes,,,no,75,performer with 50+ post-JAV scenes (169)
131|Romi Rain: Nothing on the Calendar,131,Romi Rain: Nothing on the Calendar,Romi Rain,Performers,performer_spotlight,keep,import-ready,167,0.82,157,59,"{""include"":{""performers_all"":[""124""]},""exclude"":{""tags_any"":[""9320""]}}",,,124,Romi Rain,,,no,75,performer with 50+ post-JAV scenes (167)
132|Isiah Maxwell: The Ratings Department,132,Isiah Maxwell: The Ratings Department,Isiah Maxwell,Performers,performer_spotlight,keep,import-ready,165,0.81,235,51,"{""include"":{""performers_all"":[""228""]},""exclude"":{""tags_any"":[""9320""]}}",,,228,Isiah Maxwell,,,no,75,performer with 50+ post-JAV scenes (165)
133|Marley Brinx: Full-Time Distraction,133,Marley Brinx: Full-Time Distraction,Marley Brinx,Performers,performer_spotlight,keep,import-ready,156,0.77,80,75,"{""include"":{""performers_all"":[""656""]},""exclude"":{""tags_any"":[""9320""]}}",,,656,Marley Brinx,,,no,74,performer with 50+ post-JAV scenes (156)
134|Oliver Flynn: Nobody Read the Memo,134,Oliver Flynn: Nobody Read the Memo,Oliver Flynn,Performers,performer_spotlight,keep,import-ready,156,0.77,193,28,"{""include"":{""performers_all"":[""10""]},""exclude"":{""tags_any"":[""9320""]}}",,,10,Oliver Flynn,,,no,74,performer with 50+ post-JAV scenes (156)
135|Derrick Pierce: The Opening Credits Club,135,Derrick Pierce: The Opening Credits Club,Derrick Pierce,Performers,performer_spotlight,keep,import-ready,155,0.76,175,31,"{""include"":{""performers_all"":[""140""]},""exclude"":{""tags_any"":[""9320""]}}",,,140,Derrick Pierce,,,no,74,performer with 50+ post-JAV scenes (155)
136|Brandi Love Has the Remote,136,Brandi Love Has the Remote,Brandi Love,Performers,performer_spotlight,keep,import-ready,153,0.75,130,48,"{""include"":{""performers_all"":[""255""]},""exclude"":{""tags_any"":[""9320""]}}",,,255,Brandi Love,,,no,74,performer with 50+ post-JAV scenes (153)
137|Gabbie Carter: HR Would Like a Word,137,Gabbie Carter: HR Would Like a Word,Gabbie Carter,Performers,performer_spotlight,keep,import-ready,151,0.74,84,76,"{""include"":{""performers_all"":[""621""]},""exclude"":{""tags_any"":[""9320""]}}",,,621,Gabbie Carter,,,no,74,performer with 50+ post-JAV scenes (151)
138|Cory Chase vs. the Bedtime Schedule,138,Cory Chase vs. the Bedtime Schedule,Cory Chase,Performers,performer_spotlight,keep,import-ready,147,0.72,120,38,"{""include"":{""performers_all"":[""12""]},""exclude"":{""tags_any"":[""9320""]}}",,,12,Cory Chase,,,no,74,performer with 50+ post-JAV scenes (147)
139|Casey Calvert: The Plot Thickens,139,Casey Calvert: The Plot Thickens,Casey Calvert,Performers,performer_spotlight,keep,import-ready,145,0.71,156,49,"{""include"":{""performers_all"":[""256""]},""exclude"":{""tags_any"":[""9320""]}}",,,256,Casey Calvert,,,no,75,performer with 50+ post-JAV scenes (145)
140|Rissa May & the Missing Script,140,Rissa May & the Missing Script,Rissa May,Performers,performer_spotlight,keep,import-ready,144,0.71,101,93,"{""include"":{""performers_all"":[""3532""]},""exclude"":{""tags_any"":[""9320""]}}",,,3532,Rissa May,,,no,75,performer with 50+ post-JAV scenes (144)
141|Danny D: Do Not Auto-Play at Work,141,Danny D: Do Not Auto-Play at Work,Danny D,Performers,performer_spotlight,keep,import-ready,142,0.7,267,17,"{""include"":{""performers_all"":[""213""]},""exclude"":{""tags_any"":[""9320""]}}",,,213,Danny D,,,no,74,performer with 50+ post-JAV scenes (142)
142|Alexis Texas: Overtime Approved,142,Alexis Texas: Overtime Approved,Alexis Texas,Performers,performer_spotlight,keep,import-ready,141,0.69,102,30,"{""include"":{""performers_all"":[""733""]},""exclude"":{""tags_any"":[""9320""]}}",,,733,Alexis Texas,,,no,73,performer with 50+ post-JAV scenes (141)
143|Erik Everhard Presents: Questionable Decisions,143,Erik Everhard Presents: Questionable Decisions,Erik Everhard,Performers,performer_spotlight,keep,import-ready,139,0.68,156,43,"{""include"":{""performers_all"":[""181""]},""exclude"":{""tags_any"":[""9320""]}}",,,181,Erik Everhard,,,no,74,performer with 50+ post-JAV scenes (139)
144|Jules Jordan: Main Character Hours,144,Jules Jordan: Main Character Hours,Jules Jordan,Performers,performer_spotlight,keep,import-ready,139,0.68,105,2,"{""include"":{""performers_all"":[""372""]},""exclude"":{""tags_any"":[""9320""]}}",,,372,Jules Jordan,,,no,68,performer with 50+ post-JAV scenes (139)
145|Jessie Rogers: The Binge Committee,145,Jessie Rogers: The Binge Committee,Jessie Rogers,Performers,performer_spotlight,keep,import-ready,138,0.68,114,85,"{""include"":{""performers_all"":[""848""]},""exclude"":{""tags_any"":[""9320""]}}",,,848,Jessie Rogers,,,no,75,performer with 50+ post-JAV scenes (138)
146|Brooklyn Chase: The Skip Intro Department,146,Brooklyn Chase: The Skip Intro Department,Brooklyn Chase,Performers,performer_spotlight,keep,import-ready,133,0.66,133,72,"{""include"":{""performers_all"":[""81""]},""exclude"":{""tags_any"":[""9320""]}}",,,81,Brooklyn Chase,,,no,75,performer with 50+ post-JAV scenes (133)
147|Dani Daniels: No Meeting Could Replace This,147,Dani Daniels: No Meeting Could Replace This,Dani Daniels,Performers,performer_spotlight,keep,import-ready,131,0.65,109,44,"{""include"":{""performers_all"":[""56""]},""exclude"":{""tags_any"":[""9320""]}}",,,56,Dani Daniels,,,no,74,performer with 50+ post-JAV scenes (131)
148|Kyle Mason: The Unscheduled Special,148,Kyle Mason: The Unscheduled Special,Kyle Mason,Performers,performer_spotlight,keep,import-ready,130,0.64,162,51,"{""include"":{""performers_all"":[""19""]},""exclude"":{""tags_any"":[""9320""]}}",,,19,Kyle Mason,,,no,75,performer with 50+ post-JAV scenes (130)
149|Stacy Cruz: Cancel Your Plans,149,Stacy Cruz: Cancel Your Plans,Stacy Cruz,Performers,performer_spotlight,keep,import-ready,131,0.65,87,57,"{""include"":{""performers_all"":[""469""]},""exclude"":{""tags_any"":[""9320""]}}",,,469,Stacy Cruz,,,no,74,performer with 50+ post-JAV scenes (131)
150|Krissy Lynn: The Remote Majority,150,Krissy Lynn: The Remote Majority,Krissy Lynn,Performers,performer_spotlight,keep,import-ready,128,0.63,120,60,"{""include"":{""performers_all"":[""510""]},""exclude"":{""tags_any"":[""9320""]}}",,,510,Krissy Lynn,,,no,75,performer with 50+ post-JAV scenes (128)
151|Vince Karter: Premium Procrastination,151,Vince Karter: Premium Procrastination,Vince Karter,Performers,performer_spotlight,keep,import-ready,128,0.63,163,26,"{""include"":{""performers_all"":[""801""]},""exclude"":{""tags_any"":[""9320""]}}",,,801,Vince Karter,,,no,74,performer with 50+ post-JAV scenes (128)
152|Ryan McLane: Doing the Most,152,Ryan McLane: Doing the Most,Ryan McLane,Performers,performer_spotlight,keep,import-ready,127,0.63,122,39,"{""include"":{""performers_all"":[""152""]},""exclude"":{""tags_any"":[""9320""]}}",,,152,Ryan McLane,,,no,74,performer with 50+ post-JAV scenes (127)
153|Mia Malkova: The Late Fee Channel,153,Mia Malkova: The Late Fee Channel,Mia Malkova,Performers,performer_spotlight,keep,import-ready,124,0.61,120,63,"{""include"":{""performers_all"":[""116""]},""exclude"":{""tags_any"":[""9320""]}}",,,116,Mia Malkova,,,no,75,performer with 50+ post-JAV scenes (124)
154|Dillion Harper: Zero Inbox Energy,154,Dillion Harper: Zero Inbox Energy,Dillion Harper,Performers,performer_spotlight,keep,import-ready,123,0.61,108,41,"{""include"":{""performers_all"":[""566""]},""exclude"":{""tags_any"":[""9320""]}}",,,566,Dillion Harper,,,no,74,performer with 50+ post-JAV scenes (123)
155|Van Wylde: Please Remain Tuned,155,Van Wylde: Please Remain Tuned,Van Wylde,Performers,performer_spotlight,keep,import-ready,122,0.6,186,49,"{""include"":{""performers_all"":[""418""]},""exclude"":{""tags_any"":[""9320""]}}",,,418,Van Wylde,,,no,75,performer with 50+ post-JAV scenes (122)
156|Aria Alexander: The Extended Lunch Break,156,Aria Alexander: The Extended Lunch Break,Aria Alexander,Performers,performer_spotlight,keep,import-ready,119,0.59,106,56,"{""include"":{""performers_all"":[""889""]},""exclude"":{""tags_any"":[""9320""]}}",,,889,Aria Alexander,,,no,74,performer with 50+ post-JAV scenes (119)
157|Allie Haze: Not in the Employee Handbook,157,Allie Haze: Not in the Employee Handbook,Allie Haze,Performers,performer_spotlight,keep,import-ready,117,0.58,98,42,"{""include"":{""performers_all"":[""162""]},""exclude"":{""tags_any"":[""9320""]}}",,,162,Allie Haze,,,no,74,performer with 50+ post-JAV scenes (117)
158|Mr. Pete: Plot Armor Included,158,Mr. Pete: Plot Armor Included,Mr. Pete,Performers,performer_spotlight,keep,import-ready,116,0.57,139,42,"{""include"":{""performers_all"":[""182""]},""exclude"":{""tags_any"":[""9320""]}}",,,182,Mr. Pete,,,no,74,performer with 50+ post-JAV scenes (116)
159|Codey Steele: The Agenda Has Changed,159,Codey Steele: The Agenda Has Changed,Codey Steele,Performers,performer_spotlight,keep,import-ready,115,0.57,174,36,"{""include"":{""performers_all"":[""2""]},""exclude"":{""tags_any"":[""9320""]}}",,,2,Codey Steele,,,no,74,performer with 50+ post-JAV scenes (115)
160|Penny Barber: One More Episode,160,Penny Barber: One More Episode,Penny Barber,Performers,performer_spotlight,keep,import-ready,114,0.56,63,28,"{""include"":{""performers_all"":[""996""]},""exclude"":{""tags_any"":[""9320""]}}",,,996,Penny Barber,,,no,72,performer with 50+ post-JAV scenes (114)
161|Asa Akira: The Not-So-Silent Partner,161,Asa Akira: The Not-So-Silent Partner,Asa Akira,Performers,performer_spotlight,keep,import-ready,110,0.54,109,26,"{""include"":{""performers_all"":[""887""]},""exclude"":{""tags_any"":[""9320""]}}",,,887,Asa Akira,,,no,73,performer with 50+ post-JAV scenes (110)
162|Ryan Driller: After the Group Chat,162,Ryan Driller: After the Group Chat,Ryan Driller,Performers,performer_spotlight,keep,import-ready,109,0.54,134,50,"{""include"":{""performers_all"":[""153""]},""exclude"":{""tags_any"":[""9320""]}}",,,153,Ryan Driller,,,no,74,performer with 50+ post-JAV scenes (109)
163|Chris Strokes: This Meeting Runs Late,163,Chris Strokes: This Meeting Runs Late,Chris Strokes,Performers,performer_spotlight,keep,import-ready,108,0.53,120,32,"{""include"":{""performers_all"":[""234""]},""exclude"":{""tags_any"":[""9320""]}}",,,234,Chris Strokes,,,no,73,performer with 50+ post-JAV scenes (108)
164|The Pope: The Recommendation Engine,164,The Pope: The Recommendation Engine,The Pope,Performers,performer_spotlight,keep,import-ready,108,0.53,83,9,"{""include"":{""performers_all"":[""3152""]},""exclude"":{""tags_any"":[""9320""]}}",,,3152,The Pope,,,no,70,performer with 50+ post-JAV scenes (108)
165|Michael Vegas: Airplane Mode Recommended,165,Michael Vegas: Airplane Mode Recommended,Michael Vegas,Performers,performer_spotlight,keep,import-ready,105,0.52,196,35,"{""include"":{""performers_all"":[""190""]},""exclude"":{""tags_any"":[""9320""]}}",,,190,Michael Vegas,,,no,74,performer with 50+ post-JAV scenes (105)
166|Chad White: The Couch Has Questions,166,Chad White: The Couch Has Questions,Chad White,Performers,performer_spotlight,keep,import-ready,103,0.51,125,52,"{""include"":{""performers_all"":[""159""]},""exclude"":{""tags_any"":[""9320""]}}",,,159,Chad White,,,no,74,performer with 50+ post-JAV scenes (103)
167|April Olsen: Nothing on the Calendar,167,April Olsen: Nothing on the Calendar,April Olsen,Performers,performer_spotlight,keep,import-ready,102,0.5,115,69,"{""include"":{""performers_all"":[""998""]},""exclude"":{""tags_any"":[""9320""]}}",,,998,April Olsen,,,no,75,performer with 50+ post-JAV scenes (102)
168|Small Hands: The Ratings Department,168,Small Hands: The Ratings Department,Small Hands,Performers,performer_spotlight,keep,import-ready,100,0.49,132,26,"{""include"":{""performers_all"":[""158""]},""exclude"":{""tags_any"":[""9320""]}}",,,158,Small Hands,,,no,73,performer with 50+ post-JAV scenes (100)
169|Rebel Lynn: Full-Time Distraction,169,Rebel Lynn: Full-Time Distraction,Rebel Lynn,Performers,performer_spotlight,keep,import-ready,99,0.49,58,55,"{""include"":{""performers_all"":[""803""]},""exclude"":{""tags_any"":[""9320""]}}",,,803,Rebel Lynn,,,no,67,performer with 50+ post-JAV scenes (99)
170|Tommy Gunn: Nobody Read the Memo,170,Tommy Gunn: Nobody Read the Memo,Tommy Gunn,Performers,performer_spotlight,keep,import-ready,98,0.48,128,43,"{""include"":{""performers_all"":[""191""]},""exclude"":{""tags_any"":[""9320""]}}",,,191,Tommy Gunn,,,no,68,performer with 50+ post-JAV scenes (98)
171|Mickey Mod: The Opening Credits Club,171,Mickey Mod: The Opening Credits Club,Mickey Mod,Performers,performer_spotlight,keep,import-ready,97,0.48,110,14,"{""include"":{""performers_all"":[""1057""]},""exclude"":{""tags_any"":[""9320""]}}",,,1057,Mickey Mod,,,no,66,performer with 50+ post-JAV scenes (97)
172|Jay Romero Has the Remote,172,Jay Romero Has the Remote,Jay Romero,Performers,performer_spotlight,keep,import-ready,96,0.47,90,33,"{""include"":{""performers_all"":[""764""]},""exclude"":{""tags_any"":[""9320""]}}",,,764,Jay Romero,,,no,67,performer with 50+ post-JAV scenes (96)
173|Jordan Ash: HR Would Like a Word,173,Jordan Ash: HR Would Like a Word,Jordan Ash,Performers,performer_spotlight,keep,import-ready,94,0.46,104,23,"{""include"":{""performers_all"":[""223""]},""exclude"":{""tags_any"":[""9320""]}}",,,223,Jordan Ash,,,no,67,performer with 50+ post-JAV scenes (94)
174|Alexa Grace vs. the Bedtime Schedule,174,Alexa Grace vs. the Bedtime Schedule,Alexa Grace,Performers,performer_spotlight,keep,import-ready,93,0.46,87,61,"{""include"":{""performers_all"":[""1021""]},""exclude"":{""tags_any"":[""9320""]}}",,,1021,Alexa Grace,,,no,68,performer with 50+ post-JAV scenes (93)
175|Ariana Marie: The Plot Thickens,175,Ariana Marie: The Plot Thickens,Ariana Marie,Performers,performer_spotlight,keep,import-ready,93,0.46,100,40,"{""include"":{""performers_all"":[""67""]},""exclude"":{""tags_any"":[""9320""]}}",,,67,Ariana Marie,,,no,68,performer with 50+ post-JAV scenes (93)
176|Bridgette B & the Missing Script,176,Bridgette B & the Missing Script,Bridgette B,Performers,performer_spotlight,keep,import-ready,93,0.46,104,45,"{""include"":{""performers_all"":[""474""]},""exclude"":{""tags_any"":[""9320""]}}",,,474,Bridgette B,,,no,68,performer with 50+ post-JAV scenes (93)
177|Abigail Mac: Do Not Auto-Play at Work,177,Abigail Mac: Do Not Auto-Play at Work,Abigail Mac,Performers,performer_spotlight,keep,import-ready,92,0.45,97,32,"{""include"":{""performers_all"":[""47""]},""exclude"":{""tags_any"":[""9320""]}}",,,47,Abigail Mac,,,no,67,performer with 50+ post-JAV scenes (92)
178|Lucas Frost: Overtime Approved,178,Lucas Frost: Overtime Approved,Lucas Frost,Performers,performer_spotlight,keep,import-ready,92,0.45,107,47,"{""include"":{""performers_all"":[""262""]},""exclude"":{""tags_any"":[""9320""]}}",,,262,Lucas Frost,,,no,68,performer with 50+ post-JAV scenes (92)
179|Bonnie Rotten Presents: Questionable Decisions,179,Bonnie Rotten Presents: Questionable Decisions,Bonnie Rotten,Performers,performer_spotlight,keep,import-ready,91,0.45,95,25,"{""include"":{""performers_all"":[""401""]},""exclude"":{""tags_any"":[""9320""]}}",,,401,Bonnie Rotten,,,no,67,performer with 50+ post-JAV scenes (91)
180|Jean Val Jean: Main Character Hours,180,Jean Val Jean: Main Character Hours,Jean Val Jean,Performers,performer_spotlight,keep,import-ready,91,0.45,99,9,"{""include"":{""performers_all"":[""894""]},""exclude"":{""tags_any"":[""9320""]}}",,,894,Jean Val Jean,,,no,65,performer with 50+ post-JAV scenes (91)
181|Jennifer Mendez: The Binge Committee,181,Jennifer Mendez: The Binge Committee,Jennifer Mendez,Performers,performer_spotlight,keep,import-ready,91,0.45,67,59,"{""include"":{""performers_all"":[""3016""]},""exclude"":{""tags_any"":[""9320""]}}",,,3016,Jennifer Mendez,,,no,68,performer with 50+ post-JAV scenes (91)
182|John Strong: The Skip Intro Department,182,John Strong: The Skip Intro Department,John Strong,Performers,performer_spotlight,keep,import-ready,92,0.45,168,37,"{""include"":{""performers_all"":[""20""]},""exclude"":{""tags_any"":[""9320""]}}",,,20,John Strong,,,no,68,performer with 50+ post-JAV scenes (92)
183|Valentina Nappi: No Meeting Could Replace This,183,Valentina Nappi: No Meeting Could Replace This,Valentina Nappi,Performers,performer_spotlight,keep,import-ready,91,0.45,110,34,"{""include"":{""performers_all"":[""481""]},""exclude"":{""tags_any"":[""9320""]}}",,,481,Valentina Nappi,,,no,68,performer with 50+ post-JAV scenes (91)
184|Zac Wild: The Unscheduled Special,184,Zac Wild: The Unscheduled Special,Zac Wild,Performers,performer_spotlight,keep,import-ready,91,0.45,90,28,"{""include"":{""performers_all"":[""492""]},""exclude"":{""tags_any"":[""9320""]}}",,,492,Zac Wild,,,no,67,performer with 50+ post-JAV scenes (91)
185|Alex Coal: Cancel Your Plans,185,Alex Coal: Cancel Your Plans,Alex Coal,Performers,performer_spotlight,keep,import-ready,90,0.44,74,55,"{""include"":{""performers_all"":[""264""]},""exclude"":{""tags_any"":[""9320""]}}",,,264,Alex Coal,,,no,68,performer with 50+ post-JAV scenes (90)
186|Bruce Venture: The Remote Majority,186,Bruce Venture: The Remote Majority,Bruce Venture,Performers,performer_spotlight,keep,import-ready,90,0.44,84,31,"{""include"":{""performers_all"":[""257""]},""exclude"":{""tags_any"":[""9320""]}}",,,257,Bruce Venture,,,no,67,performer with 50+ post-JAV scenes (90)
187|Brad Newman: Premium Procrastination,187,Brad Newman: Premium Procrastination,Brad Newman,Performers,performer_spotlight,keep,import-ready,89,0.44,88,30,"{""include"":{""performers_all"":[""712""]},""exclude"":{""tags_any"":[""9320""]}}",,,712,Brad Newman,,,no,67,performer with 50+ post-JAV scenes (89)
188|Quinton James: Doing the Most,188,Quinton James: Doing the Most,Quinton James,Performers,performer_spotlight,keep,import-ready,89,0.44,118,39,"{""include"":{""performers_all"":[""251""]},""exclude"":{""tags_any"":[""9320""]}}",,,251,Quinton James,,,no,68,performer with 50+ post-JAV scenes (89)
189|Damon Dice: The Late Fee Channel,189,Damon Dice: The Late Fee Channel,Damon Dice,Performers,performer_spotlight,keep,import-ready,88,0.43,123,44,"{""include"":{""performers_all"":[""147""]},""exclude"":{""tags_any"":[""9320""]}}",,,147,Damon Dice,,,no,68,performer with 50+ post-JAV scenes (88)
190|Kristof Cale: Zero Inbox Energy,190,Kristof Cale: Zero Inbox Energy,Kristof Cale,Performers,performer_spotlight,keep,import-ready,88,0.43,122,15,"{""include"":{""performers_all"":[""603""]},""exclude"":{""tags_any"":[""9320""]}}",,,603,Kristof Cale,,,no,66,performer with 50+ post-JAV scenes (88)
191|Remy LaCroix: Please Remain Tuned,191,Remy LaCroix: Please Remain Tuned,Remy LaCroix,Performers,performer_spotlight,keep,import-ready,88,0.43,106,42,"{""include"":{""performers_all"":[""114""]},""exclude"":{""tags_any"":[""9320""]}}",,,114,Remy LaCroix,,,no,68,performer with 50+ post-JAV scenes (88)
192|Alex Legend: The Extended Lunch Break,192,Alex Legend: The Extended Lunch Break,Alex Legend,Performers,performer_spotlight,keep,import-ready,87,0.43,95,35,"{""include"":{""performers_all"":[""432""]},""exclude"":{""tags_any"":[""9320""]}}",,,432,Alex Legend,,,no,67,performer with 50+ post-JAV scenes (87)
193|Melissa Moore: Not in the Employee Handbook,193,Melissa Moore: Not in the Employee Handbook,Melissa Moore,Performers,performer_spotlight,keep,import-ready,87,0.43,84,57,"{""include"":{""performers_all"":[""1040""]},""exclude"":{""tags_any"":[""9320""]}}",,,1040,Melissa Moore,,,no,68,performer with 50+ post-JAV scenes (87)
194|Nathan Bronson: Plot Armor Included,194,Nathan Bronson: Plot Armor Included,Nathan Bronson,Performers,performer_spotlight,keep,import-ready,88,0.43,108,37,"{""include"":{""performers_all"":[""454""]},""exclude"":{""tags_any"":[""9320""]}}",,,454,Nathan Bronson,,,no,68,performer with 50+ post-JAV scenes (88)
195|Alex Jones: The Agenda Has Changed,195,Alex Jones: The Agenda Has Changed,Alex Jones,Performers,performer_spotlight,keep,import-ready,87,0.43,152,28,"{""include"":{""performers_all"":[""1074""]},""exclude"":{""tags_any"":[""9320""]}}",,,1074,Alex Jones,,,no,68,performer with 50+ post-JAV scenes (87)
196|Victoria June: One More Episode,196,Victoria June: One More Episode,Victoria June,Performers,performer_spotlight,keep,import-ready,86,0.42,65,61,"{""include"":{""performers_all"":[""530""]},""exclude"":{""tags_any"":[""9320""]}}",,,530,Victoria June,,,no,68,performer with 50+ post-JAV scenes (86)
197|Mark Wood: The Not-So-Silent Partner,197,Mark Wood: The Not-So-Silent Partner,Mark Wood,Performers,performer_spotlight,keep,import-ready,85,0.42,72,34,"{""include"":{""performers_all"":[""8""]},""exclude"":{""tags_any"":[""9320""]}}",,,8,Mark Wood,,,no,67,performer with 50+ post-JAV scenes (85)
198|Ricky Johnson: After the Group Chat,198,Ricky Johnson: After the Group Chat,Ricky Johnson,Performers,performer_spotlight,keep,import-ready,84,0.41,155,27,"{""include"":{""performers_all"":[""444""]},""exclude"":{""tags_any"":[""9320""]}}",,,444,Ricky Johnson,,,no,68,performer with 50+ post-JAV scenes (84)
199|Milan Ponjevic: This Meeting Runs Late,199,Milan Ponjevic: This Meeting Runs Late,Milan Ponjevic,Performers,performer_spotlight,keep,import-ready,83,0.41,115,20,"{""include"":{""performers_all"":[""32""]},""exclude"":{""tags_any"":[""9320""]}}",,,32,Milan Ponjevic,,,no,67,performer with 50+ post-JAV scenes (83)
200|Ashlynn Brooke: The Recommendation Engine,200,Ashlynn Brooke: The Recommendation Engine,Ashlynn Brooke,Performers,performer_spotlight,keep,import-ready,82,0.4,56,3,"{""include"":{""performers_all"":[""668""]},""exclude"":{""tags_any"":[""9320""]}}",,,668,Ashlynn Brooke,,,no,62,performer with 50+ post-JAV scenes (82)
201|Jake Adams: Airplane Mode Recommended,201,Jake Adams: Airplane Mode Recommended,Jake Adams,Performers,performer_spotlight,keep,import-ready,82,0.4,102,23,"{""include"":{""performers_all"":[""741""]},""exclude"":{""tags_any"":[""9320""]}}",,,741,Jake Adams,,,no,67,performer with 50+ post-JAV scenes (82)
202|Jessy Jones: The Couch Has Questions,202,Jessy Jones: The Couch Has Questions,Jessy Jones,Performers,performer_spotlight,keep,import-ready,82,0.4,116,39,"{""include"":{""performers_all"":[""65""]},""exclude"":{""tags_any"":[""9320""]}}",,,65,Jessy Jones,,,no,68,performer with 50+ post-JAV scenes (82)
203|Mike Adriano: Nothing on the Calendar,203,Mike Adriano: Nothing on the Calendar,Mike Adriano,Performers,performer_spotlight,keep,import-ready,79,0.39,59,17,"{""include"":{""performers_all"":[""141""]},""exclude"":{""tags_any"":[""9320""]}}",,,141,Mike Adriano,,,no,65,performer with 50+ post-JAV scenes (79)
204|Rion King: The Ratings Department,204,Rion King: The Ratings Department,Rion King,Performers,performer_spotlight,keep,import-ready,79,0.39,95,30,"{""include"":{""performers_all"":[""456""]},""exclude"":{""tags_any"":[""9320""]}}",,,456,Rion King,,,no,67,performer with 50+ post-JAV scenes (79)
205|Will Pounder: Full-Time Distraction,205,Will Pounder: Full-Time Distraction,Will Pounder,Performers,performer_spotlight,keep,import-ready,78,0.38,130,38,"{""include"":{""performers_all"":[""769""]},""exclude"":{""tags_any"":[""9320""]}}",,,769,Will Pounder,,,no,68,performer with 50+ post-JAV scenes (78)
206|April O'Neil: Nobody Read the Memo,206,April O'Neil: Nobody Read the Memo,April O'Neil,Performers,performer_spotlight,keep,import-ready,77,0.38,57,33,"{""include"":{""performers_all"":[""896""]},""exclude"":{""tags_any"":[""9320""]}}",,,896,April O'Neil,,,no,66,performer with 50+ post-JAV scenes (77)
207|Kylie Rocket: The Opening Credits Club,207,Kylie Rocket: The Opening Credits Club,Kylie Rocket,Performers,performer_spotlight,keep,import-ready,77,0.38,152,44,"{""include"":{""performers_all"":[""1007""]},""exclude"":{""tags_any"":[""9320""]}}",,,1007,Kylie Rocket,,,no,68,performer with 50+ post-JAV scenes (77)
208|Andi Avalon Has the Remote,208,Andi Avalon Has the Remote,Andi Avalon,Performers,performer_spotlight,keep,import-ready,76,0.37,86,47,"{""include"":{""performers_all"":[""29""]},""exclude"":{""tags_any"":[""9320""]}}",,,29,Andi Avalon,,,no,68,performer with 50+ post-JAV scenes (76)
209|Dan Damage: HR Would Like a Word,209,Dan Damage: HR Would Like a Word,Dan Damage,Performers,performer_spotlight,keep,import-ready,72,0.35,108,12,"{""include"":{""performers_all"":[""27""]},""exclude"":{""tags_any"":[""9320""]}}",,,27,Dan Damage,,,no,66,performer with 50+ post-JAV scenes (72)
210|Adrianna Luna vs. the Bedtime Schedule,210,Adrianna Luna vs. the Bedtime Schedule,Adrianna Luna,Performers,performer_spotlight,keep,import-ready,71,0.35,50,23,"{""include"":{""performers_all"":[""51""]},""exclude"":{""tags_any"":[""9320""]}}",,,51,Adrianna Luna,,,no,66,performer with 50+ post-JAV scenes (71)
211|Prince Yahshua: The Plot Thickens,211,Prince Yahshua: The Plot Thickens,Prince Yahshua,Performers,performer_spotlight,keep,import-ready,71,0.35,127,25,"{""include"":{""performers_all"":[""569""]},""exclude"":{""tags_any"":[""9320""]}}",,,569,Prince Yahshua,,,no,67,performer with 50+ post-JAV scenes (71)
212|Jenna Presley & the Missing Script,212,Jenna Presley & the Missing Script,Jenna Presley,Performers,performer_spotlight,keep,import-ready,70,0.34,82,36,"{""include"":{""performers_all"":[""3408""]},""exclude"":{""tags_any"":[""9320""]}}",,,3408,Jenna Presley,,,no,67,performer with 50+ post-JAV scenes (70)
213|Logan Pierce: Do Not Auto-Play at Work,213,Logan Pierce: Do Not Auto-Play at Work,Logan Pierce,Performers,performer_spotlight,keep,import-ready,69,0.34,108,32,"{""include"":{""performers_all"":[""194""]},""exclude"":{""tags_any"":[""9320""]}}",,,194,Logan Pierce,,,no,67,performer with 50+ post-JAV scenes (69)
214|Chris Diamond: Overtime Approved,214,Chris Diamond: Overtime Approved,Chris Diamond,Performers,performer_spotlight,keep,import-ready,68,0.33,84,11,"{""include"":{""performers_all"":[""551""]},""exclude"":{""tags_any"":[""9320""]}}",,,551,Chris Diamond,,,no,65,performer with 50+ post-JAV scenes (68)
215|Robby Echo Presents: Questionable Decisions,215,Robby Echo Presents: Questionable Decisions,Robby Echo,Performers,performer_spotlight,keep,import-ready,69,0.34,100,29,"{""include"":{""performers_all"":[""1622""]},""exclude"":{""tags_any"":[""9320""]}}",,,1622,Robby Echo,,,no,67,performer with 50+ post-JAV scenes (69)
216|Toni Ribas: Main Character Hours,216,Toni Ribas: Main Character Hours,Toni Ribas,Performers,performer_spotlight,keep,import-ready,68,0.33,115,22,"{""include"":{""performers_all"":[""62""]},""exclude"":{""tags_any"":[""9320""]}}",,,62,Toni Ribas,,,no,67,performer with 50+ post-JAV scenes (68)
217|Iona Grace: The Binge Committee,217,Iona Grace: The Binge Committee,Iona Grace,Performers,performer_spotlight,keep,import-ready,67,0.33,40,4,"{""include"":{""performers_all"":[""3769""]},""exclude"":{""tags_any"":[""9320""]}}",,,3769,Iona Grace,,,no,62,performer with 50+ post-JAV scenes (67)
218|Olive Glass: The Skip Intro Department,218,Olive Glass: The Skip Intro Department,Olive Glass,Performers,performer_spotlight,keep,import-ready,66,0.33,64,40,"{""include"":{""performers_all"":[""397""]},""exclude"":{""tags_any"":[""9320""]}}",,,397,Olive Glass,,,no,67,performer with 50+ post-JAV scenes (66)
219|Maestro: No Meeting Could Replace This,219,Maestro: No Meeting Could Replace This,Maestro,Performers,performer_spotlight,keep,import-ready,65,0.32,78,7,"{""include"":{""performers_all"":[""5262""]},""exclude"":{""tags_any"":[""9320""]}}",,,5262,Maestro,,,no,64,performer with 50+ post-JAV scenes (65)
220|Parker Ambrose: The Unscheduled Special,220,Parker Ambrose: The Unscheduled Special,Parker Ambrose,Performers,performer_spotlight,keep,import-ready,65,0.32,81,30,"{""include"":{""performers_all"":[""33""]},""exclude"":{""tags_any"":[""9320""]}}",,,33,Parker Ambrose,,,no,67,performer with 50+ post-JAV scenes (65)
221|Sophia Leone: Cancel Your Plans,221,Sophia Leone: Cancel Your Plans,Sophia Leone,Performers,performer_spotlight,keep,import-ready,65,0.32,49,46,"{""include"":{""performers_all"":[""1022""]},""exclude"":{""tags_any"":[""9320""]}}",,,1022,Sophia Leone,,,no,67,performer with 50+ post-JAV scenes (65)
222|Angela White: The Remote Majority,222,Angela White: The Remote Majority,Angela White,Performers,performer_spotlight,keep,import-ready,64,0.32,105,20,"{""include"":{""performers_all"":[""546""]},""exclude"":{""tags_any"":[""9320""]}}",,,546,Angela White,,,no,66,performer with 50+ post-JAV scenes (64)
223|Eva Lovia: Premium Procrastination,223,Eva Lovia: Premium Procrastination,Eva Lovia,Performers,performer_spotlight,keep,import-ready,64,0.32,74,20,"{""include"":{""performers_all"":[""57""]},""exclude"":{""tags_any"":[""9320""]}}",,,57,Eva Lovia,,,no,66,performer with 50+ post-JAV scenes (64)
224|Kevin Crows: Doing the Most,224,Kevin Crows: Doing the Most,Kevin Crows,Performers,performer_spotlight,keep,import-ready,64,0.32,51,5,"{""include"":{""performers_all"":[""867""]},""exclude"":{""tags_any"":[""9320""]}}",,,867,Kevin Crows,,,no,63,performer with 50+ post-JAV scenes (64)
225|Kurea Hasumi: The Late Fee Channel,225,Kurea Hasumi: The Late Fee Channel,Kurea Hasumi,Performers,performer_spotlight,keep,import-ready,64,0.32,40,21,"{""include"":{""performers_all"":[""8926""]},""exclude"":{""tags_any"":[]}}",,,8926,Kurea Hasumi,,,no,65,sanctioned JAV-only performer channel (no JAV exclusion)
226|Marco Banderas: Zero Inbox Energy,226,Marco Banderas: Zero Inbox Energy,Marco Banderas,Performers,performer_spotlight,keep,import-ready,65,0.32,138,31,"{""include"":{""performers_all"":[""175""]},""exclude"":{""tags_any"":[""9320""]}}",,,175,Marco Banderas,,,no,68,performer with 50+ post-JAV scenes (65)
227|Jordi El Nino Polla: Please Remain Tuned,227,Jordi El Nino Polla: Please Remain Tuned,Jordi El Nino Polla,Performers,performer_spotlight,keep,import-ready,63,0.31,111,11,"{""include"":{""performers_all"":[""477""]},""exclude"":{""tags_any"":[""9320""]}}",,,477,Jordi El Nino Polla,,,no,65,performer with 50+ post-JAV scenes (63)
228|Dylan Ryan: The Extended Lunch Break,228,Dylan Ryan: The Extended Lunch Break,Dylan Ryan,Performers,performer_spotlight,keep,import-ready,62,0.31,43,4,"{""include"":{""performers_all"":[""4041""]},""exclude"":{""tags_any"":[""9320""]}}",,,4041,Dylan Ryan,,,no,62,performer with 50+ post-JAV scenes (62)
229|Jax Slayher: Not in the Employee Handbook,229,Jax Slayher: Not in the Employee Handbook,Jax Slayher,Performers,performer_spotlight,keep,import-ready,62,0.31,72,27,"{""include"":{""performers_all"":[""6""]},""exclude"":{""tags_any"":[""9320""]}}",,,6,Jax Slayher,,,no,66,performer with 50+ post-JAV scenes (62)
230|Lena Paul: Plot Armor Included,230,Lena Paul: Plot Armor Included,Lena Paul,Performers,performer_spotlight,keep,import-ready,61,0.3,80,33,"{""include"":{""performers_all"":[""559""]},""exclude"":{""tags_any"":[""9320""]}}",,,559,Lena Paul,,,no,67,performer with 50+ post-JAV scenes (61)
231|Madison Ivy: The Agenda Has Changed,231,Madison Ivy: The Agenda Has Changed,Madison Ivy,Performers,performer_spotlight,keep,import-ready,61,0.3,61,22,"{""include"":{""performers_all"":[""501""]},""exclude"":{""tags_any"":[""9320""]}}",,,501,Madison Ivy,,,no,66,performer with 50+ post-JAV scenes (61)
232|Kenna James: One More Episode,232,Kenna James: One More Episode,Kenna James,Performers,performer_spotlight,keep,import-ready,60,0.3,90,15,"{""include"":{""performers_all"":[""108""]},""exclude"":{""tags_any"":[""9320""]}}",,,108,Kenna James,,,no,66,performer with 50+ post-JAV scenes (60)
233|Adriana Chechik: The Not-So-Silent Partner,233,Adriana Chechik: The Not-So-Silent Partner,Adriana Chechik,Performers,performer_spotlight,keep,import-ready,59,0.29,118,25,"{""include"":{""performers_all"":[""219""]},""exclude"":{""tags_any"":[""9320""]}}",,,219,Adriana Chechik,,,no,67,performer with 50+ post-JAV scenes (59)
234|Aiden Starr: After the Group Chat,234,Aiden Starr: After the Group Chat,Aiden Starr,Performers,performer_spotlight,keep,import-ready,59,0.29,97,7,"{""include"":{""performers_all"":[""974""]},""exclude"":{""tags_any"":[""9320""]}}",,,974,Aiden Starr,,,no,64,performer with 50+ post-JAV scenes (59)
235|Sean Lawless: This Meeting Runs Late,235,Sean Lawless: This Meeting Runs Late,Sean Lawless,Performers,performer_spotlight,keep,import-ready,59,0.29,105,26,"{""include"":{""performers_all"":[""24""]},""exclude"":{""tags_any"":[""9320""]}}",,,24,Sean Lawless,,,no,67,performer with 50+ post-JAV scenes (59)
236|Stella Cox: The Recommendation Engine,236,Stella Cox: The Recommendation Engine,Stella Cox,Performers,performer_spotlight,keep,import-ready,59,0.29,74,38,"{""include"":{""performers_all"":[""2623""]},""exclude"":{""tags_any"":[""9320""]}}",,,2623,Stella Cox,,,no,67,performer with 50+ post-JAV scenes (59)
237|Dante Colle: Airplane Mode Recommended,237,Dante Colle: Airplane Mode Recommended,Dante Colle,Performers,performer_spotlight,keep,import-ready,58,0.29,66,23,"{""include"":{""performers_all"":[""42""]},""exclude"":{""tags_any"":[""9320""]}}",,,42,Dante Colle,,,no,66,performer with 50+ post-JAV scenes (58)
238|John Long: The Couch Has Questions,238,John Long: The Couch Has Questions,John Long,Performers,performer_spotlight,keep,import-ready,58,0.29,64,2,"{""include"":{""performers_all"":[""333""]},""exclude"":{""tags_any"":[""9320""]}}",,,333,John Long,,,no,62,performer with 50+ post-JAV scenes (58)
239|Kelly Madison: Nothing on the Calendar,239,Kelly Madison: Nothing on the Calendar,Kelly Madison,Performers,performer_spotlight,keep,import-ready,58,0.29,55,4,"{""include"":{""performers_all"":[""874""]},""exclude"":{""tags_any"":[""9320""]}}",,,874,Kelly Madison,,,no,63,performer with 50+ post-JAV scenes (58)
240|Krysta Kaos: The Ratings Department,240,Krysta Kaos: The Ratings Department,Krysta Kaos,Performers,performer_spotlight,keep,import-ready,58,0.29,38,3,"{""include"":{""performers_all"":[""5373""]},""exclude"":{""tags_any"":[""9320""]}}",,,5373,Krysta Kaos,,,no,62,performer with 50+ post-JAV scenes (58)
241|Peter Green: Full-Time Distraction,241,Peter Green: Full-Time Distraction,Peter Green,Performers,performer_spotlight,keep,import-ready,58,0.29,73,24,"{""include"":{""performers_all"":[""17""]},""exclude"":{""tags_any"":[""9320""]}}",,,17,Peter Green,,,no,66,performer with 50+ post-JAV scenes (58)
242|Emily Willis: Nobody Read the Memo,242,Emily Willis: Nobody Read the Memo,Emily Willis,Performers,performer_spotlight,keep,import-ready,57,0.28,79,15,"{""include"":{""performers_all"":[""1069""]},""exclude"":{""tags_any"":[""9320""]}}",,,1069,Emily Willis,,,no,65,performer with 50+ post-JAV scenes (57)
243|Holly Michaels: The Opening Credits Club,243,Holly Michaels: The Opening Credits Club,Holly Michaels,Performers,performer_spotlight,keep,import-ready,57,0.28,32,11,"{""include"":{""performers_all"":[""403""]},""exclude"":{""tags_any"":[""9320""]}}",,,403,Holly Michaels,,,no,63,performer with 50+ post-JAV scenes (57)
244|Maximo Garcia Has the Remote,244,Maximo Garcia Has the Remote,Maximo Garcia,Performers,performer_spotlight,keep,import-ready,57,0.28,64,17,"{""include"":{""performers_all"":[""1174""]},""exclude"":{""tags_any"":[""9320""]}}",,,1174,Maximo Garcia,,,no,65,performer with 50+ post-JAV scenes (57)
245|Mona Azar: HR Would Like a Word,245,Mona Azar: HR Would Like a Word,Mona Azar,Performers,performer_spotlight,keep,import-ready,57,0.28,79,28,"{""include"":{""performers_all"":[""1368""]},""exclude"":{""tags_any"":[""9320""]}}",,,1368,Mona Azar,,,no,67,performer with 50+ post-JAV scenes (57)
246|Anna Bell Peaks vs. the Bedtime Schedule,246,Anna Bell Peaks vs. the Bedtime Schedule,Anna Bell Peaks,Performers,performer_spotlight,keep,import-ready,53,0.26,48,19,"{""include"":{""performers_all"":[""419""]},""exclude"":{""tags_any"":[""9320""]}}",,,419,Anna Bell Peaks,,,no,65,performer with 50+ post-JAV scenes (53)
247|Avi Love: The Plot Thickens,247,Avi Love: The Plot Thickens,Avi Love,Performers,performer_spotlight,keep,import-ready,53,0.26,61,26,"{""include"":{""performers_all"":[""1117""]},""exclude"":{""tags_any"":[""9320""]}}",,,1117,Avi Love,,,no,66,performer with 50+ post-JAV scenes (53)
248|Charly Summer & the Missing Script,248,Charly Summer & the Missing Script,Charly Summer,Performers,performer_spotlight,keep,import-ready,53,0.26,76,32,"{""include"":{""performers_all"":[""778""]},""exclude"":{""tags_any"":[""9320""]}}",,,778,Charly Summer,,,no,67,performer with 50+ post-JAV scenes (53)
249|Cherie DeVille: Do Not Auto-Play at Work,249,Cherie DeVille: Do Not Auto-Play at Work,Cherie DeVille,Performers,performer_spotlight,keep,import-ready,53,0.26,114,28,"{""include"":{""performers_all"":[""83""]},""exclude"":{""tags_any"":[""9320""]}}",,,83,Cherie DeVille,,,no,67,performer with 50+ post-JAV scenes (53)
250|Preston Parker: Overtime Approved,250,Preston Parker: Overtime Approved,Preston Parker,Performers,performer_spotlight,keep,import-ready,53,0.26,46,23,"{""include"":{""performers_all"":[""225""]},""exclude"":{""tags_any"":[""9320""]}}",,,225,Preston Parker,,,no,65,performer with 50+ post-JAV scenes (53)
251|Johnny Love Presents: Questionable Decisions,251,Johnny Love Presents: Questionable Decisions,Johnny Love,Performers,performer_spotlight,keep,import-ready,52,0.26,56,32,"{""include"":{""performers_all"":[""263""]},""exclude"":{""tags_any"":[""9320""]}}",,,263,Johnny Love,,,no,66,performer with 50+ post-JAV scenes (52)
252|Saeko Matsushita: Main Character Hours,252,Saeko Matsushita: Main Character Hours,Saeko Matsushita,Performers,performer_spotlight,keep,import-ready,52,0.26,1,10,"{""include"":{""performers_all"":[""1661""]},""exclude"":{""tags_any"":[]}}",,,1661,Saeko Matsushita,,,no,59,sanctioned JAV-only performer channel (no JAV exclusion)
253|Alexis Fawx: The Binge Committee,253,Alexis Fawx: The Binge Committee,Alexis Fawx,Performers,performer_spotlight,keep,import-ready,51,0.25,94,21,"{""include"":{""performers_all"":[""478""]},""exclude"":{""tags_any"":[""9320""]}}",,,478,Alexis Fawx,,,no,66,performer with 50+ post-JAV scenes (51)
254|Alina Belle: The Skip Intro Department,254,Alina Belle: The Skip Intro Department,Alina Belle,Performers,performer_spotlight,keep,import-ready,51,0.25,25,35,"{""include"":{""performers_all"":[""1891""]},""exclude"":{""tags_any"":[""9320""]}}",,,1891,Alina Belle,,,no,65,performer with 50+ post-JAV scenes (51)
255|Dredd: No Meeting Could Replace This,255,Dredd: No Meeting Could Replace This,Dredd,Performers,performer_spotlight,keep,import-ready,51,0.25,50,4,"{""include"":{""performers_all"":[""995""]},""exclude"":{""tags_any"":[""9320""]}}",,,995,Dredd,,,no,62,performer with 50+ post-JAV scenes (51)
256|Chanel Preston: The Unscheduled Special,256,Chanel Preston: The Unscheduled Special,Chanel Preston,Performers,performer_spotlight,keep,import-ready,50,0.25,85,32,"{""include"":{""performers_all"":[""82""]},""exclude"":{""tags_any"":[""9320""]}}",,,82,Chanel Preston,,,no,67,performer with 50+ post-JAV scenes (50)
257|Kendra Sunderland: Cancel Your Plans,257,Kendra Sunderland: Cancel Your Plans,Kendra Sunderland,Performers,performer_spotlight,keep,import-ready,50,0.25,49,13,"{""include"":{""performers_all"":[""531""]},""exclude"":{""tags_any"":[""9320""]}}",,,531,Kendra Sunderland,,,no,64,performer with 50+ post-JAV scenes (50)
jw:v1:special:feature-length,258,Feature Length (60+ Min),Feature Length (60+ Min),Discovery & Deep Cuts,special_duration,new,import-ready,1566,7.71,1620,172,"{""include"":{""duration_min_seconds"":3600},""exclude"":{""tags_any"":[""9320""]}}",,,,,,,,84,scenes with duration >= 3600 seconds (inclusive)
jw:v1:special:vault-2010s,259,2010s Vault,2010s Vault,Discovery & Deep Cuts,special_era,new,import-ready,10789,53.15,2963,619,"{""include"":{""scene_date"":{""from"":""2010-01-01"",""to"":""2019-12-31""}},""exclude"":{""tags_any"":[""9320""]}}",,,,,,,,86,scenes dated 2010-01-01 through 2019-12-31
jw:v1:special:vault-2020s,260,2020s Vault,2020s Vault,Discovery & Deep Cuts,special_era,new,import-ready,7831,38.58,2835,703,"{""include"":{""scene_date"":{""from"":""2020-01-01"",""to"":""2026-12-31""}},""exclude"":{""tags_any"":[""9320""]}}",,,,,,,,86,scenes dated 2020-01-01 through 2026-12-31 (analysis semantics preserved; the fixed upper bound needs annual regeneration)
jw:v1:special:fringe-studios,261,Fringe Studios,Fringe Studios,Discovery & Deep Cuts,special_fringe_studios,new,import-ready,2035,10.03,1437,854,"{""include"":{""studios_any_union"":[""1"",""2"",""6"",""11"",""14"",""16"",""18"",""24"",""25"",""26"",""27"",""30"",""38"",""45"",""47"",""55"",""56"",""57"",""63"",""65"",""68"",""69"",""71"",""74"",""75"",""77"",""80"",""91"",""100"",""104"",""106"",""111"",""115"",""121"",""122"",""123"",""124"",""126"",""128"",""131"",""137"",""138"",""141"",""142"",""148"",""150"",""154"",""155"",""157"",""159"",""161"",""166"",""167"",""169"",""170"",""172"",""174"",""177"",""178"",""179"",""184"",""185"",""187"",""190"",""191"",""194"",""207"",""210"",""214"",""221"",""225"",""227"",""229"",""232"",""234"",""243"",""244"",""245"",""250"",""252"",""253"",""256"",""262"",""265"",""267"",""268"",""271"",""275"",""277"",""279"",""283"",""285"",""290"",""291"",""294"",""295"",""299"",""300"",""301"",""303"",""304"",""307"",""309"",""312"",""313"",""316"",""318"",""320"",""327"",""335"",""346"",""348"",""349"",""358"",""359"",""360"",""362"",""364"",""365"",""377"",""380"",""381"",""382"",""383"",""384"",""387"",""392"",""393"",""398"",""401"",""402"",""404"",""405"",""407"",""411"",""417"",""419"",""422"",""424"",""426"",""428"",""429"",""430"",""431"",""434"",""435"",""436"",""437"",""439"",""441"",""442"",""445"",""449"",""450"",""451"",""455"",""456"",""459"",""463"",""464"",""465"",""466"",""473"",""476"",""482"",""489"",""496"",""497"",""498"",""499"",""500"",""501"",""503"",""506"",""507"",""509"",""510"",""513"",""514"",""516"",""520"",""522"",""523"",""525"",""526"",""528"",""529"",""551"",""568"",""582"",""585"",""586"",""588"",""589"",""593"",""595"",""597"",""598"",""600"",""601"",""602"",""603"",""605"",""610"",""611"",""617"",""623"",""625"",""630"",""631"",""632"",""633"",""636"",""637"",""641"",""644"",""649"",""659"",""669"",""670"",""676"",""677"",""685"",""686"",""689"",""691"",""692"",""694"",""699"",""707"",""709"",""710"",""713"",""714"",""718"",""719"",""720"",""721"",""722"",""726"",""729"",""732"",""733"",""734"",""744"",""750"",""753"",""761"",""765"",""766"",""767"",""769"",""770"",""779"",""781"",""788"",""795"",""799"",""811"",""812"",""813"",""817"",""832"",""833"",""839"",""842"",""843"",""856"",""858"",""859"",""860"",""862"",""864"",""866"",""868"",""869"",""872"",""876"",""877"",""882"",""894"",""922"",""924"",""928"",""929"",""934"",""935"",""937"",""938"",""940"",""943"",""945"",""949"",""952"",""955"",""956"",""958"",""960"",""967"",""969"",""970"",""971"",""972"",""978"",""982"",""986"",""994"",""995"",""998"",""1001"",""1004"",""1010"",""1012"",""1023"",""1028"",""1034"",""1035"",""1044"",""1045"",""1048"",""1050"",""1051"",""1052"",""1055"",""1063"",""1064"",""1071"",""1078"",""1079"",""1089"",""1090"",""1092"",""1093"",""1098"",""1100"",""1104"",""1110"",""1114"",""1118"",""1123"",""1146"",""1160"",""1161"",""1163"",""1164"",""1167"",""1170"",""1175"",""1186"",""1190"",""1192"",""1193"",""1194"",""1196"",""1200"",""1205"",""1214"",""1215"",""1217"",""1227"",""1230"",""1233"",""1257"",""1262"",""1263"",""1265"",""1275"",""1280"",""1282"",""1289"",""1290"",""1293"",""1296"",""1303"",""1307"",""1308"",""1310"",""1311"",""1318"",""1319"",""1322"",""1325"",""1326"",""1328"",""1333"",""1335"",""1342"",""1348"",""1350"",""1359"",""1361"",""1362"",""1363"",""1368"",""1370"",""1372"",""1375"",""1376"",""1381"",""1398"",""1401"",""1402"",""1403"",""1410"",""1411"",""1413"",""1414"",""1416"",""1419"",""1422"",""1427"",""1435"",""1436"",""1438"",""1439"",""1441"",""1451"",""1461"",""1463"",""1467"",""1472"",""1485"",""1489"",""1491"",""1496"",""1517"",""1518"",""1521"",""1523"",""1524"",""1525"",""1527"",""1534"",""1535"",""1537"",""1538"",""1540"",""1541"",""1543"",""1544"",""1546"",""1548"",""1549"",""1550"",""1552"",""1553"",""1554"",""1555"",""1556"",""1560"",""1564"",""1566"",""1569"",""1571"",""1576"",""1577"",""1579"",""1580"",""1582"",""1586"",""1587"",""1591"",""1592"",""1593"",""1594"",""1596"",""1602"",""1604"",""1610"",""1611"",""1613"",""1614"",""1616"",""1620"",""1627"",""1629"",""1632"",""1635"",""1652"",""1654"",""1657"",""1664"",""1672"",""1674"",""1675"",""1681"",""1684"",""1685"",""1689"",""1692"",""1702"",""1704"",""1706"",""1709"",""1711"",""1715"",""1717"",""1719"",""1726"",""1731"",""1732"",""1733"",""1735"",""1741"",""1743"",""1746"",""1747"",""1751"",""1752"",""1758"",""1759"",""1762"",""1766"",""1770"",""1771"",""1773"",""1777"",""1784"",""1785"",""1788"",""1789"",""1790"",""1791"",""1792"",""1798"",""1799"",""1800"",""1805"",""1808"",""1809"",""1810"",""1811"",""1812"",""1813"",""1817"",""1819"",""1820"",""1821"",""1822"",""1823"",""1824"",""1826"",""1830"",""1831"",""1833"",""1834"",""1835"",""1837"",""1838"",""1839"",""1842"",""1843"",""1844"",""1847"",""1848"",""1851"",""1852"",""1853"",""1855"",""1856"",""1857"",""1859"",""1861"",""1862"",""1863"",""1864"",""1865"",""1871"",""1873"",""1878"",""1879"",""1882"",""1883"",""1884"",""1885"",""1886"",""1887"",""1888"",""1889"",""1890"",""1892"",""1893"",""1896"",""1897"",""1898"",""1899"",""1903"",""1904"",""1905"",""1906"",""1907"",""1908"",""1914"",""1916"",""1917"",""1918"",""1919"",""1921"",""1923"",""1925"",""1926"",""1936"",""1938"",""1943"",""1945"",""1946"",""1950"",""1954"",""1955"",""1957"",""1961"",""1967"",""1971"",""1972"",""1974"",""1984"",""1991"",""2019"",""2020"",""2028"",""2029"",""2035"",""2036"",""2038"",""2047"",""2054"",""2059"",""2069"",""2073"",""2078"",""2082"",""2083"",""2087"",""2088"",""2089"",""2093"",""2097"",""2099"",""2102"",""2103"",""2104"",""2108"",""2109"",""2111"",""2117"",""2119"",""2120"",""2122"",""2123"",""2124"",""2128"",""2131"",""2133"",""2146"",""2150"",""2164"",""2221"",""2228"",""2253"",""2254"",""2257"",""2258"",""2260"",""2261"",""2268"",""2271"",""2275"",""2277"",""2283"",""2284"",""2285"",""2287"",""2288"",""2290"",""2291"",""2295"",""2299"",""2300"",""2304"",""2307"",""2310"",""2311"",""2313"",""2320"",""2322"",""2323"",""2327"",""2341"",""2346"",""2361"",""2362"",""2363"",""2365"",""2373"",""2376"",""2393"",""2396"",""2402"",""2403"",""2423"",""2424"",""2429"",""2442"",""2444"",""2445"",""2447"",""2448"",""2449"",""2451"",""2457"",""2458"",""2459"",""2478"",""2480"",""2481"",""2482"",""2483"",""2487"",""2491"",""2500"",""2501"",""2506"",""2517"",""2526"",""2551"",""2554"",""2610"",""2621"",""2622"",""2638"",""2640"",""2641"",""2642"",""2643"",""2644"",""2645"",""2648"",""2649"",""2650"",""2667"",""2668"",""2670"",""2671"",""2672"",""2673"",""2674"",""2676"",""2677"",""2678"",""2679"",""2681"",""2682"",""2685"",""2686"",""2687"",""2689"",""2690"",""2691"",""2692"",""2698"",""2699"",""2700"",""2701"",""2702"",""2703"",""2704"",""2706"",""2707"",""2708"",""2709"",""2710"",""2725"",""2730"",""2734"",""2735"",""2738"",""2739"",""2740"",""2742"",""2745"",""2746"",""2747"",""2748"",""2749"",""2750"",""2751"",""2752"",""2782"",""2790"",""2791"",""2792"",""2793"",""2794"",""2795""]},""exclude"":{""tags_any"":[""9320""]}}",,,,,1|2|6|11|14|16|18|24|25|26|27|30|38|45|47|55|56|57|63|65|68|69|71|74|75|77|80|91|100|104|106|111|115|121|122|123|124|126|128|131|137|138|141|142|148|150|154|155|157|159|161|166|167|169|170|172|174|177|178|179|184|185|187|190|191|194|207|210|214|221|225|227|229|232|234|243|244|245|250|252|253|256|262|265|267|268|271|275|277|279|283|285|290|291|294|295|299|300|301|303|304|307|309|312|313|316|318|320|327|335|346|348|349|358|359|360|362|364|365|377|380|381|382|383|384|387|392|393|398|401|402|404|405|407|411|417|419|422|424|426|428|429|430|431|434|435|436|437|439|441|442|445|449|450|451|455|456|459|463|464|465|466|473|476|482|489|496|497|498|499|500|501|503|506|507|509|510|513|514|516|520|522|523|525|526|528|529|551|568|582|585|586|588|589|593|595|597|598|600|601|602|603|605|610|611|617|623|625|630|631|632|633|636|637|641|644|649|659|669|670|676|677|685|686|689|691|692|694|699|707|709|710|713|714|718|719|720|721|722|726|729|732|733|734|744|750|753|761|765|766|767|769|770|779|781|788|795|799|811|812|813|817|832|833|839|842|843|856|858|859|860|862|864|866|868|869|872|876|877|882|894|922|924|928|929|934|935|937|938|940|943|945|949|952|955|956|958|960|967|969|970|971|972|978|982|986|994|995|998|1001|1004|1010|1012|1023|1028|1034|1035|1044|1045|1048|1050|1051|1052|1055|1063|1064|1071|1078|1079|1089|1090|1092|1093|1098|1100|1104|1110|1114|1118|1123|1146|1160|1161|1163|1164|1167|1170|1175|1186|1190|1192|1193|1194|1196|1200|1205|1214|1215|1217|1227|1230|1233|1257|1262|1263|1265|1275|1280|1282|1289|1290|1293|1296|1303|1307|1308|1310|1311|1318|1319|1322|1325|1326|1328|1333|1335|1342|1348|1350|1359|1361|1362|1363|1368|1370|1372|1375|1376|1381|1398|1401|1402|1403|1410|1411|1413|1414|1416|1419|1422|1427|1435|1436|1438|1439|1441|1451|1461|1463|1467|1472|1485|1489|1491|1496|1517|1518|1521|1523|1524|1525|1527|1534|1535|1537|1538|1540|1541|1543|1544|1546|1548|1549|1550|1552|1553|1554|1555|1556|1560|1564|1566|1569|1571|1576|1577|1579|1580|1582|1586|1587|1591|1592|1593|1594|1596|1602|1604|1610|1611|1613|1614|1616|1620|1627|1629|1632|1635|1652|1654|1657|1664|1672|1674|1675|1681|1684|1685|1689|1692|1702|1704|1706|1709|1711|1715|1717|1719|1726|1731|1732|1733|1735|1741|1743|1746|1747|1751|1752|1758|1759|1762|1766|1770|1771|1773|1777|1784|1785|1788|1789|1790|1791|1792|1798|1799|1800|1805|1808|1809|1810|1811|1812|1813|1817|1819|1820|1821|1822|1823|1824|1826|1830|1831|1833|1834|1835|1837|1838|1839|1842|1843|1844|1847|1848|1851|1852|1853|1855|1856|1857|1859|1861|1862|1863|1864|1865|1871|1873|1878|1879|1882|1883|1884|1885|1886|1887|1888|1889|1890|1892|1893|1896|1897|1898|1899|1903|1904|1905|1906|1907|1908|1914|1916|1917|1918|1919|1921|1923|1925|1926|1936|1938|1943|1945|1946|1950|1954|1955|1957|1961|1967|1971|1972|1974|1984|1991|2019|2020|2028|2029|2035|2036|2038|2047|2054|2059|2069|2073|2078|2082|2083|2087|2088|2089|2093|2097|2099|2102|2103|2104|2108|2109|2111|2117|2119|2120|2122|2123|2124|2128|2131|2133|2146|2150|2164|2221|2228|2253|2254|2257|2258|2260|2261|2268|2271|2275|2277|2283|2284|2285|2287|2288|2290|2291|2295|2299|2300|2304|2307|2310|2311|2313|2320|2322|2323|2327|2341|2346|2361|2362|2363|2365|2373|2376|2393|2396|2402|2403|2423|2424|2429|2442|2444|2445|2447|2448|2449|2451|2457|2458|2459|2478|2480|2481|2482|2483|2487|2491|2500|2501|2506|2517|2526|2551|2554|2610|2621|2622|2638|2640|2641|2642|2643|2644|2645|2648|2649|2650|2667|2668|2670|2671|2672|2673|2674|2676|2677|2678|2679|2681|2682|2685|2686|2687|2689|2690|2691|2692|2698|2699|2700|2701|2702|2703|2704|2706|2707|2708|2709|2710|2725|2730|2734|2735|2738|2739|2740|2742|2745|2746|2747|2748|2749|2750|2751|2752|2782|2790|2791|2792|2793|2794|2795,"All Anal All The Time|3rd Degree Films|Hot and Mean|Kelly Madison|Family Strokes|Stranded Teens|POV Life|CFNM Teens|Sloppy Toppy|Sis Loves Me|I Know That Girl|That Sitcom Show|We Live Together|Blacked|Wild On Cam|American Daydreams|The Lesbian Experience|Lesbian Girl On Girl|Fucking Machines|Holly Randall|Episodes|She's A Freak|Office Obsession|Naughty Athletics|Bang POV|Big Tits At School|Out of the Family|West Coast Productions|Innocent High|Wicked Partners|2 Chicks Same Time|Dirty Masseur|Fuck Team Five|Manojob|Massage Girls 18|Monsters Of Cock|MR. POV|My Friend's Hot Girl|Naughty Bookworms|Pure 18|Tonight's Girlfriend Classic|Hush Pass|Shane Diesel's Bangin' Babes|John Leslie|Powersville|Next Door Amateur|Only Teen Blowjobs|Suze Randall Productions|Puba|Harmony Films|Harmony Vision|Sweetheart Video|Rawcut|BangBros 18|Bang Bus|First Class POV|The Score Group|Teens Do Porn|BSkow|BangBros Clips|Tugjobs|Smash Pictures|Footsie Babes|She's New|Jizz Bomb|The Dick Suckers|Web Young|Real Slut Party|Party of 3|Amateur Allure|Club Sandy|Jessica Jaymes XXX|Porn Goes Pro|PervCity|Top Web Models|Big Tits at Work|Big Tit Cream Pie|Big Tits, Round Asses|GloryHole|Got MYLF|Interracial Blowbang|Mom Is Horny|POV Pornstars|Cuckold Sessions|HarmonyVision|Rocco Siffredi|DDF Busty|MILF Body|Day With A Pornstar|Moms In Control|Sweet FemDom|Babe Archives|Fantasy HD|ATK Galleria|Barely Legal|Nubiles|Latina Sex Tapes|Tricky Spa|Tiny 4K|Petite HD Porn|HD Love|BlowJob Fridays|Freaks Of Cock|Dare Dorm|Darkreach Communications|Karups Hometown Amateurs|Digital Sin|3rd Degree|Fresh Outta High School|Big Tits In Sports|CFNM Secret|Monster Curves|The Lisa Ann|Pretty Dirty|Naughty America|Family XXX|Moms Lick Teens|VR Bangers|True Anal|TRENCHCOATx|MilfGONZO|Smut Factor|Ass Masterpiece|Bad Milfs|Blacked Raw|Watching My Mom Go Black|Give Me Teens|Pink Visual|Cum Louder|Blockbuster|Dog House Digital|InTheCrack|JoyMii|Kin8tengoku|Adam & Eve Pictures|HD Porn|Live Gonzo|ZTOD|ALS Scan|BANG! Real Teens|Bratty Sis|Confessions|Taboo|Daughter Swap|Family Hookups|Family Swap|Freeuse Fantasy|FTVGirls|Hookup Hotshot|Jay's POV|Jesh by Jesh|FansDB: Dreddxxx (onlyfans)|Perv Therapy|Porn Dude Casting|Producers Fun|Shoplyfter|Sis Swap|YesGirlz|Gonzo|BANG! Casting|BANG! Confessions|Mr. Anal|Fucking Awesome|Let's Try Anal|Concoxxxion|Babes Unleashed|Nanny Spy|Public Pickups|Share My BF|Spy Fam|Titty Attack|DuskTV|Private Milfs|Hot Bush|In The VIP|Naughty Weddings|She's Gonna Squirt|Wicked Live|BFFs|Dad Crush|My Babysitters Club|Scam Angels|Screwbox|Swallowed|Teens Love Anal|Fall in Lovia|Massage Creep|Bellesa House|ToughLoveX|MILF Next Door|Step Mom Lessons|Perv Mom|Public Bang|Full of JOI|Lil Humpers|Moms Teach Sex|Mylf of The Month|Hands On Hardcore|A POV Story|Anal Mom|Watching My Daughter Go Black|She Loves Black|Love Her Boobs|Mommy's Boy|Mom Swap|JMac|Foster Tapes|Twistys Live|Property Exploits|Kinky Spa|Pimp|Tight and Teen|Make Him Cuckold|Life Selector|Czech Casting|The Real Workout|Debt 4K|Anal Introductions|Cum Perfection|Jim Slip|X-Play|Shiny Bound|Manyvids: 2 Drops Studio|FansDB: Plugtalkshow (onlyfans)|Slayed|MetArt|Wow Girls|ALS Angels|Venom|Cruelty Party|Shady PI|Teen BFF|Exxxtra Small|Marks Head Bobbers And Hand Jobbers|The Sex Scout|21 Naturals|Anal 4K|Cum 4K|Euro Sex Parties|Lesbian X|Nubiles Porn|Petite Ballerinas Fucked|Pix And Video|The Life Erotic|Porno Static|My Very First Time|My Dirty Maid|Step Siblings|Whoa Boyz|Filthy Massage|Hot Wives Cheating|Inserted|Model Media US|Interracial Pickups|Blacks On Sluts|Culioneros|FansDB: Angelawhite (onlyfans)|CockyBoys|Reckless In Miami|Mike's Apartment|Captain Stabbin|Hoby Buchanon|Doghouse Digital|Buttman|Intimate Lesbians|Women Seeking Women|DarkX|Fetish Network|LesbianX|Mark's Head Bobbers and Hand Jobbers|Mofos Lab|Nympho|Squirtalicious|BAM Visions|HDPOV|Latin Adultery|Wives on Vacation|Assablanca|Girl Grind|Brazzers Live|Killergram|SinDrive|Fakehub|Horny Hostel|Jax Slayher|Tommy Wood|Only Blowjob|Asshole Fever|Teen Mega World|WTFPass|Cuck 4K|Cuck Hunter|YNGR|Dick Drainers|Hot Crazy Mess|LA New Girl|Mind Under Master|My Family Pies|Psycho Thrillers Films|Tease POV|Teens Love Black Cocks|Mike Hunt Inc|Sins Life|Kendra Lust|Dungeon Corp|Primal's Disgraced Superheroines|MILF Sugar Babes|Milking Table|Bikini Riot|Whipped Ass|Mofos World Wide|Massage Parlor|TMW VR Net|Dirty Flix|Can He Score?|Brave Films|FansDB: Innocenthotwifexxx (onlyfans)|Dane Jones|DaringSex HD|Frolic Me|Hot Legs and Feet|Lesbea|Massage Rooms|Girls Only Porn|Ultra Films|Viv Thomas|Josh Stone XXX|Exploited Teens|Team Skeet X Fucking Awesome|Hardcore Gangbang|OnlyFans (network)|Akalexromero|Thagson|Black Meat White Feet|Fucked Hard GFs|Couples Seeking Teens|Mom Is a Milf|Reality Gang|Globe Twatters|Shanes World|Wank It Now|JBVideo|Electro Sluts|Sadistic Rope|Kink University|This Girl Sucks|Delilah Cass|Humiliation POV|PornPortal (Aylo)|Bang! Trickery|Cum4K|GirlCum|Mom Lover|Mature.nl|Teen Core Club|18videoz|FTV Milfs|Smash Pictures / Pink Velvet|Forbidden Fruits Films|Muffia|The Flourish XXX|Slut Inspection|Bride 4K|Modern-Day Sins|It's POV|Virtual Taboo|Streetfuck|18club|Manyvids: Danielle Maye|MILF Overload|Lustery|Water Bondage|Class Media|Manyvids: Roxy Cox|Primal's POV Family Lust|Primal's Mental Domination|Primal's Taboo Family Relations|Primal's Fantasy POV|KENNY KONG AMWF PORN|Mr. LuckyPOV|Open Family|Gangbang Creampie|Disgraced 18|Deep Throat Love|Martin Spell|Zishy|MrBigFatDick|Hijab Hookup|BBC Pie|L.A. New Girl|Net Girl|Hijab MYLFs|Mylfdom|Hailey Rose|Serenity Cox|PurgatoryX|Sex With Muslims|Bang! Roadside XXX|Deviante|YummyGirl|Reality Lovers|BCM.XXX|SexLikeReal (Network)|Interracial Vision|Alex Adams Media|SINematica|Shame 4K|Black For Wife|MYLF Blows|Assylum|Family Sinners|FansDB: Mrthroatmonster (manyvids)|FansDB: Thepovgod (onlyfans)|JM Productions|Fill Up My Mom|Vince Karter|21 Bonus|Romero Multimedia|TeamSkeet Labs|Kinky Bites|Wankz|Dream Zone Entertainment|Wives in Pantyhose|Staxxx|PerfectSlave|Young Legal Porn|Jake Malone|Princess Cum|Roleplay With Me|The Nudie|Girl Girl|TeamSkeet X CamSoda|Girl Girl XXX|I Made Porn|S3XUS|RawAttack|All Anal|Anal Only|Caught Fapping|Freeuse MILF|Mom Drips|The POV GOD|Ricky's Room|Stay Home MILF|Pretty & Raw|Fantasy Massage|Filthy Family|Karups Older Women|MomPov|VNA Girls|Tabu Tales|Tales From The Edge|AE Films|NannySpy|Josh Stone|Bitch Slap Studios|Crazy College GFs|Inn of Sin Video|Family.XXX|Primal's TEASING, EDGING GRINDING|Primal's FOOTJOBS|Bad Daddy POV|House of Fyre|Peachy Keen Films|Primals Dark Reflections|Bonus Content|Dirty Auditions|Gloryhole Secrets|Mr. LuckyRaw|Under The Bed|Manyvids: Little Puck|Manyvids: Jack And Jill|Little Puck|MYLF X Little Puck|Cheating Whore Wives|Rodney Moore|Kick Ass Pictures|Nacho Vidal Hardcore|Teeny Taboo|TeamSkeet X James Deen|Team Skeet X Baeb|Black Bull Challenge|FullPornNetwork|UP CLOSE|Woodman|Nick Marxx|5K Porn|Is This Real?!|Fit18|Manyvids: Jakknife|Team Skeet Allstars|Angelo Godshack Original|Popporn Productions|Titty Creampies|Erika Lust Films|My Girl Loves Anal|BaDoink|Skow for Girlfriends|Lew Rubens|JoyBear Pictures|My Younger Lover|Czech AV|5KPorn|Fitness Rooms|Hard Porn World|K Klixen Productions|Little Caprice Dreams|Oye Loca|Porno Academie|Nade Nasty|My Daughter's Hot Friend|TeamSkeet Allstars|Shady Spa|Teens Love Money|Fitting-Room|Jacquie & Michel TV|Sex Selector|Wifey's World|Pulse Distribution|Creepy PA|Facials4k|Pervert Gallery|Magma Film|V9 Video|Pure Passion|FansDB: Kayleighdavis (onlyfans)|FansDB: Katiecooper4 (onlyfans)|MetArt X|GoonMuse|Jonathan Jordan XXX|Little Asians|FansDB: Jmac1864 (onlyfans)|Let's Post It|DreddXXX|DDF Babes|Cream Her|Czech Boobs|Teen From Bohemia|Czech Hitchhikers|Czech Sex Casting|Digi Creations XXX|Family Screw|Maximo Garcia|Fucking Street|GGG by John Thompson|GrandparentsX|Ignore 4K|Law 4k|Loan 4K|Mom Shoot|MYLF X Jonathan Jordan|MYLF After Dark|POV Perv|David Epic Studio|VIPissy Cash|Giorgio's Lab|N&F Studio|The Greys VIP|Sex In Taxi|Stalker Prodz|Swap 4K|Puffy Network|Breed Me|FansDB: Oliveglass (onlyfans)|Nude Yoga Porn|We Are Hairy|Bang Casting|Jesus Reyes|5Kteens|Perv Nana|Yes Girlz|Casting Couch-HD|Busted|Cheese|MilfAF|New Mylfs|Younger Mommy|Realtime Bondage|Kiss Me / Fuck Me|Dare We Share|J Macs POV|angels.love|TeamSkeet X CumKitchen|Dagfs Network|Fake Producer|FragileSlave|Jak Knife|BaddiesonlyPOV|Mr. LuckyLIFE|FansDB: Angiefaith (onlyfans)|FansDB: Manuelferraratv (onlyfans)|Use POV|Kylierocket|POV Masters|Sexy Modern Bull|Daddy 4K|HardWerk Pictures|Horny Household Clips|Filthy Taboo|Peter's Kingdom|Digital Videovision|Petite.XXX|Cum Swapping Sis|Lez Be Bad|Reality Sis|BBC Surprise|Titan Media Inc.|PervPrincipal|Pegas Productions|Evolved Fights|Tommywood|Mr. Biggz|Ask Your Mother|Nookies Originals|Not My Grandpa!|Erika Korti Studio|Mommy 4K|Vengeance XXX|JOI Babes|Club Castings|Submissed|Heavy Handfuls|Third Degree Films|All Her Luv|LucidFlix|Mission: Asspossible|Plum|MILFs Like It Black|Sapphix|TeamSkeet X Eva Elfie|Jerkmate|Spice Vids|Team Skeet X Eva Elfie|PornHub Premium: Eva Elfie|Maitland Ward|Jeff's Models|Taboolu|Eva de Vil|AllOver30|Elegant Anal|Eve Angel Official|Mommy JOI|Amateur Euro|Perfect Gonzo|Blurred Media|Chris Marxxx|Hot and Tatted|Mylfed|Teens Love Cream|TeamSkeet X Model Media US|Salieri XXX|Mom Cum|MYLF Labs|Sex Video Casting|Lone MILF|Adult Doorway|FILF|ExCoGigirls|Latina Rampage|leche69.com|Septo Studios|Seduced By A Real Lesbian|In The Crack Clips|LittleMutt|My Porn Babes|Secret Crush|Divine-DD|Pornhub: Pure Pleasure|New Sensations - Romance Series|Bizarre Entertainment|Powersville Inc.|SuperHeroineLimited|Strip Club Tryouts|The Yes List|MixedX|Slutty BBWs|We Like Girls|Joanna Angel|Got2Pee|Pegged|FreakMob Media|Squirting Lesbian|Nasty Media Group|True Lesbian|Pampered Penny|FansDB: Realmikeadriano (onlyfans)|Penny Barber|Where The Boys Aren't|ATKingdom|WowPorn|Primal's HANDJOBS|JB Video|Pornhub|Exotic 4K|ShinyBound Productions|Momotaro Eizo|Lil' Latinas|FansDB: Misslexa (onlyfans)|Glory Hole Swallow|Mrs Siren|SkinzErotica|Mylked|Go Stuck Yourself|MYLF X Stephousehold|Lesbian Stepdaughters|Shower 4K|WaXXXed|TagTeamPOV|XXX Job Interviews|Leah Layz|Manyvids: Riley Jacobs|Pervfect|Stella Sedona|TeamSkeet X Stella Sedona|FansDB: Tribal2 (onlyfans)|FansDB: Clarkandmartha (onlyfans)|FansDB: Ellyclutch (onlyfans)|CamSoda|Teen Sneaks|FansDB: Imawful69_ (onlyfans)|FansDB: Gabbiecarter (onlyfans)|Video Art Holland|Mean Dungeon|Marc Dorcel Productions|SlaveOrders|MeanBitches|Bopping Babes|FansDB: Thehotwifetour (onlyfans)|Manyvids: Lisey Sweet|PervyPass|Teenage Tryouts|Steve Rickz|Fucking Office|Adult Time x Dirty Cinema|Primal's Edging Orgasm|Your Mom Does Porn|Mean Amazon Bitches|Slut Stepsister|Swappz Features|Teasing and Pleasing|Kink Raw Test Shoots|Household Fantasy|EnjoyX|sensual.love|Sensual Heat|SinDeluxe|Property Sex VR|PureXXXFilms|BoundHoneys|MontysPOV|FansDB: Tribalbbc (onlyfans)|Team Skeet X Cam Soda|FantasyPOV|Wife Loves Black|Beauty and the Senior|21 Naturals (Network)|LesbianCash|Fantasy Girl Pass|Eros Arts|Pure Pass|Teen Depot|Teddy Tarantino|Tommy Murr|Serve 4k|Sin DeLuxe|Bondage Liberation|Kristina Grace|Perv Massage|Swhores|Adam-costa|8K Milfs|Juicy Entertainment|LustReality VR|Mrs Mischief|The Bitch Wife|APD Nudes|Sheer and Lace|Skinz Erotica|Cutie Pie|princess-rae (OnlyFans)|freddygong (ManyVids)|Manyvids: Mrs Mischief|FansDB: Valentineb69 (onlyfans)|Bang! Adventures|My Stepdaughter's Friend|IslandBoyVids|Manyvids: Devilshots Facials|Lil Sis|Pure TS|Purzel|Squeeze VR|HobbyPorn: German Scout|The Classic Porn|FansDB: Antoniosaintx (manyvids)",,81,"ANY of 794 maximal studios/trees with fewer than 10 hierarchical post-JAV scenes (materialized snapshot, pruned to maximal nodes)"
jw:v1:special:new-arrivals,262,New Arrivals (Last 180 Days),New Arrivals (Last 180 Days),Discovery & Deep Cuts,special_recent,new,import-ready,4620,22.76,2308,955,"{""include"":{""created_within_days"":180},""exclude"":{""tags_any"":[""9320""]}}",,,,,,,,86,created_at within 180 calendar days of query time (dynamic; generation-time reference anchor 2026-03-12)
jw:v1:special:one-scene-performers,263,One-Scene Performers,One-Scene Performers,Discovery & Deep Cuts,special_one_scene,new,import-ready,1797,8.85,3047,313,"{""include"":{""performers_any"":[""31"",""40"",""43"",""45"",""94"",""95"",""127"",""161"",""198"",""201"",""203"",""216"",""240"",""245"",""259"",""273"",""274"",""275"",""286"",""299"",""316"",""324"",""327"",""344"",""350"",""353"",""388"",""405"",""410"",""414"",""446"",""479"",""486"",""495"",""499"",""544"",""545"",""560"",""591"",""622"",""628"",""639"",""663"",""675"",""680"",""683"",""689"",""695"",""719"",""725"",""726"",""731"",""732"",""735"",""739"",""745"",""780"",""781"",""793"",""796"",""799"",""831"",""844"",""850"",""899"",""911"",""921"",""938"",""939"",""944"",""949"",""954"",""956"",""966"",""967"",""975"",""977"",""980"",""984"",""988"",""997"",""1005"",""1011"",""1015"",""1026"",""1027"",""1031"",""1041"",""1053"",""1054"",""1061"",""1065"",""1122"",""1129"",""1150"",""1197"",""1200"",""1202"",""1205"",""1207"",""1212"",""1217"",""1251"",""1252"",""1260"",""1273"",""1280"",""1285"",""1292"",""1310"",""1328"",""1340"",""1345"",""1347"",""1362"",""1363"",""1365"",""1383"",""1384"",""1390"",""1394"",""1464"",""1511"",""1514"",""1517"",""1526"",""1529"",""1541"",""1543"",""1551"",""1576"",""1579"",""1587"",""1592"",""1604"",""1606"",""1607"",""1614"",""1624"",""1627"",""1628"",""1654"",""1666"",""1710"",""1716"",""1724"",""1730"",""1747"",""1748"",""1750"",""1752"",""1773"",""1779"",""1799"",""1803"",""1811"",""1815"",""1817"",""1820"",""1826"",""1830"",""1835"",""1837"",""1841"",""1843"",""1853"",""1854"",""1856"",""1860"",""1865"",""1868"",""1871"",""1881"",""1883"",""1887"",""1895"",""1905"",""1915"",""1918"",""1928"",""1931"",""1932"",""1933"",""1943"",""1948"",""1952"",""1977"",""1979"",""1983"",""1994"",""1995"",""1996"",""2001"",""2003"",""2004"",""2006"",""2010"",""2012"",""2024"",""2030"",""2033"",""2138"",""2139"",""2387"",""2403"",""2408"",""2422"",""2441"",""2458"",""2459"",""2460"",""2461"",""2473"",""2482"",""2495"",""2499"",""2501"",""2504"",""2515"",""2533"",""2537"",""2542"",""2543"",""2544"",""2550"",""2553"",""2555"",""2561"",""2565"",""2568"",""2569"",""2570"",""2571"",""2572"",""2573"",""2574"",""2577"",""2579"",""2585"",""2595"",""2598"",""2611"",""2615"",""2626"",""2628"",""2629"",""2632"",""2634"",""2635"",""2636"",""2637"",""2639"",""2643"",""2645"",""2648"",""2649"",""2651"",""2653"",""2660"",""2661"",""2678"",""2683"",""2685"",""2702"",""2705"",""2706"",""2707"",""2708"",""2724"",""2725"",""2754"",""2757"",""2763"",""2778"",""2788"",""2794"",""2798"",""2807"",""2820"",""2826"",""2854"",""2856"",""2864"",""2880"",""2915"",""2921"",""2924"",""2927"",""2929"",""2930"",""2942"",""2947"",""2960"",""2968"",""2971"",""2972"",""2973"",""2974"",""2975"",""2976"",""2977"",""2982"",""2983"",""2985"",""2986"",""2987"",""2988"",""2992"",""2993"",""2994"",""2996"",""2998"",""3001"",""3003"",""3004"",""3005"",""3006"",""3007"",""3009"",""3011"",""3012"",""3013"",""3015"",""3018"",""3019"",""3020"",""3023"",""3024"",""3025"",""3030"",""3033"",""3034"",""3036"",""3038"",""3039"",""3040"",""3042"",""3045"",""3048"",""3052"",""3054"",""3055"",""3056"",""3057"",""3058"",""3060"",""3061"",""3062"",""3064"",""3069"",""3070"",""3073"",""3077"",""3085"",""3089"",""3092"",""3093"",""3101"",""3102"",""3104"",""3105"",""3106"",""3108"",""3109"",""3111"",""3112"",""3113"",""3116"",""3117"",""3118"",""3119"",""3120"",""3122"",""3123"",""3127"",""3129"",""3132"",""3133"",""3136"",""3142"",""3143"",""3145"",""3147"",""3153"",""3155"",""3156"",""3157"",""3165"",""3176"",""3177"",""3238"",""3254"",""3259"",""3264"",""3265"",""3277"",""3278"",""3279"",""3282"",""3295"",""3309"",""3321"",""3328"",""3329"",""3331"",""3333"",""3336"",""3368"",""3383"",""3385"",""3389"",""3392"",""3393"",""3399"",""3402"",""3409"",""3413"",""3415"",""3417"",""3418"",""3419"",""3420"",""3421"",""3430"",""3431"",""3432"",""3435"",""3439"",""3440"",""3446"",""3449"",""3454"",""3457"",""3458"",""3459"",""3460"",""3462"",""3467"",""3468"",""3469"",""3471"",""3472"",""3473"",""3475"",""3476"",""3477"",""3479"",""3481"",""3489"",""3520"",""3521"",""3525"",""3526"",""3527"",""3529"",""3534"",""3535"",""3545"",""3546"",""3548"",""3550"",""3553"",""3609"",""3618"",""3621"",""3640"",""3643"",""3649"",""3654"",""3656"",""3660"",""3668"",""3669"",""3670"",""3673"",""3721"",""3723"",""3726"",""3732"",""3733"",""3734"",""3735"",""3737"",""3738"",""3741"",""3742"",""3745"",""3747"",""3751"",""3757"",""3758"",""3759"",""3762"",""3763"",""3766"",""3770"",""3771"",""3778"",""3785"",""3786"",""3788"",""3792"",""3793"",""3800"",""3801"",""3803"",""3804"",""3805"",""3816"",""3829"",""3835"",""3851"",""3868"",""3870"",""3872"",""3873"",""3874"",""3875"",""3876"",""3880"",""3884"",""3885"",""3886"",""3893"",""3894"",""3897"",""3901"",""3902"",""3903"",""3904"",""3909"",""3920"",""3930"",""3933"",""3937"",""3943"",""3951"",""3961"",""3969"",""3982"",""3987"",""3990"",""3996"",""4004"",""4010"",""4014"",""4027"",""4028"",""4029"",""4032"",""4050"",""4057"",""4062"",""4066"",""4068"",""4069"",""4077"",""4080"",""4081"",""4084"",""4092"",""4095"",""4096"",""4097"",""4099"",""4103"",""4111"",""4112"",""4119"",""4121"",""4126"",""4128"",""4129"",""4136"",""4137"",""4235"",""4239"",""4240"",""4260"",""4267"",""4270"",""4277"",""4285"",""4290"",""4291"",""4305"",""4306"",""4308"",""4326"",""4332"",""4338"",""4343"",""4348"",""4349"",""4351"",""4356"",""4361"",""4363"",""4364"",""4367"",""4371"",""4375"",""4376"",""4380"",""4382"",""4383"",""4391"",""4394"",""4395"",""4397"",""4398"",""4406"",""4407"",""4408"",""4409"",""4411"",""4412"",""4413"",""4414"",""4415"",""4416"",""4418"",""4420"",""4421"",""4423"",""4424"",""4425"",""4426"",""4427"",""4430"",""4431"",""4432"",""4433"",""4434"",""4436"",""4438"",""4439"",""4440"",""4441"",""4442"",""4443"",""4444"",""4446"",""4447"",""4448"",""4449"",""4451"",""4452"",""4453"",""4454"",""4455"",""4456"",""4458"",""4461"",""4462"",""4463"",""4465"",""4468"",""4470"",""4471"",""4472"",""4473"",""4474"",""4475"",""4476"",""4477"",""4478"",""4480"",""4482"",""4483"",""4484"",""4485"",""4512"",""4517"",""4520"",""4526"",""4529"",""4548"",""4552"",""4557"",""4565"",""4567"",""4575"",""4580"",""4587"",""4588"",""4605"",""4617"",""4620"",""4624"",""4629"",""4630"",""4632"",""4633"",""4634"",""4635"",""4636"",""4643"",""4644"",""4645"",""4646"",""4656"",""4659"",""4664"",""4666"",""4667"",""4672"",""4674"",""4678"",""4679"",""4682"",""4688"",""4693"",""4697"",""4702"",""4703"",""4704"",""4705"",""4708"",""4709"",""4710"",""4715"",""4720"",""4722"",""4723"",""4727"",""4729"",""4731"",""4732"",""4743"",""4744"",""4745"",""4747"",""4748"",""4750"",""4759"",""4760"",""4763"",""4768"",""4769"",""4774"",""4777"",""4778"",""4781"",""4782"",""4784"",""4806"",""4807"",""4811"",""4821"",""4831"",""4834"",""4836"",""4837"",""4841"",""4844"",""4845"",""4850"",""4851"",""4855"",""4856"",""4864"",""4865"",""4870"",""4885"",""4888"",""4889"",""4897"",""4899"",""4921"",""4929"",""4960"",""4977"",""4984"",""4985"",""4986"",""4994"",""4995"",""4998"",""5000"",""5001"",""5007"",""5009"",""5011"",""5036"",""5046"",""5047"",""5049"",""5051"",""5053"",""5060"",""5062"",""5070"",""5072"",""5073"",""5075"",""5080"",""5088"",""5094"",""5096"",""5119"",""5121"",""5128"",""5134"",""5139"",""5145"",""5146"",""5149"",""5152"",""5153"",""5159"",""5168"",""5175"",""5181"",""5187"",""5189"",""5192"",""5193"",""5197"",""5199"",""5200"",""5204"",""5209"",""5210"",""5212"",""5219"",""5220"",""5222"",""5223"",""5227"",""5228"",""5231"",""5233"",""5235"",""5237"",""5238"",""5241"",""5245"",""5248"",""5251"",""5252"",""5253"",""5255"",""5267"",""5268"",""5279"",""5296"",""5306"",""5308"",""5312"",""5319"",""5342"",""5363"",""5367"",""5368"",""5380"",""5381"",""5384"",""5404"",""5405"",""5428"",""5431"",""5432"",""5439"",""5442"",""5443"",""5458"",""5459"",""5475"",""5477"",""5479"",""5480"",""5482"",""5485"",""5506"",""5513"",""5515"",""5516"",""5520"",""5523"",""5525"",""5528"",""5529"",""5531"",""5533"",""5535"",""5536"",""5537"",""5538"",""5539"",""5540"",""5542"",""5543"",""5545"",""5565"",""5574"",""5578"",""5579"",""5581"",""5584"",""5589"",""5591"",""5592"",""5594"",""5600"",""5601"",""5604"",""5606"",""5607"",""5608"",""5618"",""5628"",""5642"",""5648"",""5657"",""5659"",""5667"",""5670"",""5677"",""5696"",""5705"",""5708"",""5709"",""5710"",""5711"",""5714"",""5715"",""5716"",""5720"",""5721"",""5724"",""5725"",""5726"",""5727"",""5728"",""5729"",""5731"",""5732"",""5734"",""5740"",""5741"",""5750"",""5751"",""5759"",""5761"",""5762"",""5763"",""5771"",""5772"",""5773"",""5776"",""5790"",""5797"",""5805"",""5806"",""5807"",""5810"",""5812"",""5813"",""5814"",""5815"",""5817"",""5819"",""5820"",""5821"",""5822"",""5823"",""5826"",""5828"",""5829"",""5830"",""5837"",""5841"",""5842"",""5843"",""5844"",""5845"",""5847"",""5848"",""5850"",""5855"",""5875"",""5880"",""5887"",""5894"",""5901"",""5902"",""5906"",""5907"",""5909"",""5912"",""5914"",""5915"",""5916"",""5921"",""5991"",""5992"",""5993"",""5994"",""5995"",""5996"",""5997"",""5998"",""5999"",""6000"",""6001"",""6002"",""6003"",""6011"",""6018"",""6022"",""6023"",""6025"",""6043"",""6046"",""6048"",""6050"",""6053"",""6054"",""6055"",""6056"",""6057"",""6058"",""6059"",""6063"",""6064"",""6066"",""6067"",""6069"",""6070"",""6106"",""6107"",""6118"",""6119"",""6157"",""6172"",""6287"",""6303"",""6304"",""6323"",""6332"",""6339"",""6340"",""6342"",""6346"",""6348"",""6349"",""6350"",""6351"",""6353"",""6361"",""6370"",""6376"",""6415"",""6417"",""6418"",""6420"",""6421"",""6423"",""6428"",""6430"",""6435"",""6436"",""6437"",""6438"",""6439"",""6440"",""6441"",""6443"",""6444"",""6445"",""6446"",""6447"",""6448"",""6449"",""6465"",""6468"",""6470"",""6471"",""6475"",""6497"",""6498"",""6500"",""6514"",""6516"",""6517"",""6518"",""6519"",""6520"",""6522"",""6523"",""6526"",""6528"",""6529"",""6531"",""6532"",""6534"",""6536"",""6537"",""6538"",""6558"",""6562"",""6563"",""6564"",""6567"",""6571"",""6573"",""6578"",""6604"",""6648"",""6649"",""6652"",""6659"",""6691"",""6692"",""6693"",""6695"",""6698"",""6699"",""6700"",""6702"",""6717"",""6720"",""6722"",""6723"",""6724"",""6725"",""6728"",""6729"",""6751"",""6752"",""6754"",""6755"",""6763"",""6764"",""6766"",""6768"",""6770"",""6771"",""6774"",""6782"",""6783"",""6795"",""6796"",""6797"",""6799"",""6800"",""6802"",""6803"",""6806"",""6808"",""6809"",""6811"",""6812"",""6814"",""6816"",""6818"",""6820"",""6821"",""6822"",""6845"",""6846"",""6848"",""6849"",""6850"",""6852"",""6858"",""6859"",""6860"",""6861"",""6862"",""6863"",""6864"",""6867"",""6868"",""6871"",""6872"",""6874"",""6875"",""6876"",""6882"",""6883"",""6884"",""6885"",""6886"",""6888"",""6889"",""6890"",""6891"",""6892"",""6893"",""6894"",""6895"",""6897"",""6898"",""6899"",""6901"",""6902"",""6904"",""6906"",""6910"",""6911"",""6912"",""6913"",""6914"",""6915"",""6916"",""6917"",""6919"",""6922"",""6923"",""6924"",""6925"",""6927"",""6930"",""6932"",""6935"",""6937"",""6938"",""6941"",""6945"",""6950"",""6951"",""6954"",""6960"",""6961"",""6962"",""6965"",""6972"",""6983"",""6984"",""6994"",""6995"",""7002"",""7015"",""7017"",""7020"",""7022"",""7023"",""7026"",""7027"",""7028"",""7029"",""7032"",""7034"",""7035"",""7037"",""7040"",""7041"",""7042"",""7062"",""7117"",""7137"",""7138"",""7139"",""7140"",""7141"",""7142"",""7143"",""7144"",""7145"",""7146"",""7147"",""7148"",""7149"",""7150"",""7151"",""7152"",""7153"",""7154"",""7155"",""7156"",""7163"",""7164"",""7167"",""7168"",""7170"",""7171"",""7172"",""7174"",""7176"",""7177"",""7178"",""7179"",""7183"",""7184"",""7190"",""7191"",""7192"",""7193"",""7196"",""7197"",""7201"",""7202"",""7203"",""7204"",""7206"",""7208"",""7209"",""7210"",""7211"",""7219"",""7226"",""7227"",""7236"",""7245"",""7246"",""7247"",""7248"",""7250"",""7281"",""7286"",""7313"",""7319"",""7365"",""7369"",""7380"",""7389"",""7395"",""7396"",""7399"",""7402"",""7404"",""7405"",""7407"",""7408"",""7409"",""7410"",""7411"",""7416"",""7417"",""7418"",""7419"",""7429"",""7430"",""7431"",""7432"",""7435"",""7446"",""7452"",""7459"",""7460"",""7461"",""7464"",""7496"",""7504"",""7549"",""7550"",""7551"",""7552"",""7553"",""7554"",""7557"",""7558"",""7559"",""7560"",""7561"",""7562"",""7563"",""7564"",""7572"",""7574"",""7576"",""7577"",""7578"",""7579"",""7580"",""7581"",""7582"",""7583"",""7584"",""7585"",""7586"",""7587"",""7588"",""7589"",""7590"",""7592"",""7593"",""7597"",""7598"",""7599"",""7601"",""7610"",""7611"",""7746"",""7748"",""7749"",""7751"",""7753"",""7754"",""7755"",""7764"",""7766"",""7767"",""7770"",""7771"",""7773"",""7774"",""7775"",""7776"",""7777"",""7782"",""7783"",""7784"",""7785"",""7790"",""7791"",""7792"",""7793"",""7794"",""7796"",""7805"",""7806"",""7807"",""7808"",""7810"",""7811"",""7812"",""7814"",""7815"",""7817"",""7818"",""7819"",""7820"",""7821"",""7822"",""7823"",""7824"",""7825"",""7826"",""7829"",""7830"",""7832"",""7833"",""7834"",""7836"",""7837"",""7839"",""7855"",""7858"",""7862"",""7863"",""7865"",""7876"",""7880"",""7886"",""7925"",""7947"",""7949"",""7950"",""8003"",""8004"",""8005"",""8062"",""8064"",""8065"",""8066"",""8067"",""8068"",""8073"",""8115"",""8116"",""8214"",""8215"",""8216"",""8217"",""8218"",""8220"",""8224"",""8225"",""8226"",""8227"",""8230"",""8255"",""8258"",""8259"",""8265"",""8266"",""8269"",""8270"",""8272"",""8274"",""8275"",""8276"",""8277"",""8283"",""8286"",""8294"",""8300"",""8301"",""8312"",""8314"",""8316"",""8319"",""8320"",""8330"",""8331"",""8333"",""8339"",""8340"",""8347"",""8348"",""8349"",""8350"",""8352"",""8353"",""8354"",""8356"",""8363"",""8367"",""8368"",""8369"",""8371"",""8374"",""8376"",""8378"",""8379"",""8380"",""8381"",""8382"",""8383"",""8384"",""8385"",""8386"",""8393"",""8394"",""8395"",""8396"",""8397"",""8398"",""8399"",""8400"",""8401"",""8402"",""8405"",""8406"",""8407"",""8410"",""8412"",""8413"",""8420"",""8422"",""8423"",""8424"",""8425"",""8426"",""8427"",""8428"",""8429"",""8430"",""8431"",""8432"",""8435"",""8436"",""8437"",""8438"",""8439"",""8440"",""8441"",""8442"",""8443"",""8444"",""8445"",""8446"",""8447"",""8449"",""8450"",""8451"",""8454"",""8455"",""8456"",""8458"",""8459"",""8460"",""8461"",""8462"",""8463"",""8466"",""8468"",""8469"",""8470"",""8472"",""8474"",""8475"",""8476"",""8478"",""8479"",""8485"",""8486"",""8487"",""8488"",""8491"",""8500"",""8504"",""8505"",""8509"",""8511"",""8512"",""8514"",""8516"",""8517"",""8518"",""8522"",""8524"",""8527"",""8529"",""8531"",""8533"",""8535"",""8537"",""8538"",""8541"",""8542"",""8543"",""8545"",""8546"",""8547"",""8548"",""8550"",""8551"",""8554"",""8557"",""8562"",""8564"",""8565"",""8566"",""8568"",""8569"",""8572"",""8573"",""8576"",""8579"",""8580"",""8581"",""8584"",""8590"",""8592"",""8593"",""8598"",""8599"",""8600"",""8602"",""8604"",""8605"",""8610"",""8614"",""8616"",""8618"",""8620"",""8621"",""8623"",""8624"",""8626"",""8627"",""8629"",""8631"",""8634"",""8640"",""8641"",""8643"",""8644"",""8646"",""8647"",""8648"",""8649"",""8650"",""8651"",""8653"",""8654"",""8656"",""8657"",""8658"",""8659"",""8662"",""8664"",""8665"",""8667"",""8668"",""8669"",""8670"",""8672"",""8673"",""8674"",""8675"",""8676"",""8677"",""8678"",""8680"",""8684"",""8685"",""8686"",""8687"",""8688"",""8689"",""8690"",""8694"",""8705"",""8753"",""8754"",""8757"",""8758"",""8759"",""8766"",""8767"",""8768"",""8769"",""8770"",""8771"",""8772"",""8773"",""8774"",""8776"",""8778"",""8779"",""8780"",""8781"",""8782"",""8785"",""8786"",""8787"",""8788"",""8789"",""8790"",""8791"",""8792"",""8794"",""8795"",""8796"",""8800"",""8801"",""8803"",""8804"",""8805"",""8806"",""8807"",""8808"",""8809"",""8811"",""8812"",""8813"",""8814"",""8819"",""8820"",""8821"",""8822"",""8823"",""8824"",""8826"",""8827"",""8828"",""8829"",""8830"",""8831"",""8832"",""8833"",""8834"",""8835"",""8836"",""8837"",""8838"",""8839"",""8840"",""8841"",""8842"",""8843"",""8846"",""8847"",""8849"",""8850"",""8851"",""8852"",""8854"",""8855"",""8857"",""8859"",""8860"",""8862"",""8863"",""8864"",""8865"",""8866"",""8867"",""8868"",""8869"",""8870"",""8873"",""8874"",""8876"",""8878"",""8879"",""8880"",""8881"",""8885"",""8888"",""8889"",""8890"",""8891"",""8893"",""8894"",""8895"",""8896"",""8899"",""8900"",""8901"",""8903"",""8905"",""8906"",""8907"",""8909"",""8910"",""8917"",""8918"",""8919"",""8921"",""8922"",""8923"",""8924"",""8934"",""8965"",""8967"",""8968"",""8972"",""8973"",""8974"",""8975"",""8977"",""8981"",""8983"",""8984"",""8985"",""8986"",""8988"",""8992"",""8993"",""8994"",""8995"",""8996"",""8997"",""8998"",""8999"",""9000"",""9002"",""9003"",""9006"",""9007"",""9008"",""9009"",""9010"",""9011"",""9013"",""9014"",""9015"",""9016"",""9027"",""9028"",""9029"",""9030"",""9031"",""9032"",""9034"",""9035"",""9036"",""9037"",""9039"",""9040"",""9041"",""9043"",""9053"",""9058"",""9062"",""9064"",""9068"",""9069"",""9073"",""9074"",""9082"",""9083"",""9084"",""9085"",""9086"",""9087"",""9088"",""9089"",""9090"",""9092"",""9093"",""9094"",""9096"",""9097"",""9098"",""9099"",""9100"",""9102"",""9103"",""9107"",""9108"",""9109"",""9111"",""9112"",""9117"",""9118"",""9119"",""9120"",""9121"",""9122"",""9124"",""9125"",""9126"",""9127"",""9128"",""9129"",""9130"",""9131"",""9134"",""9135"",""9145"",""9146"",""9235"",""9237"",""9276"",""9290"",""9330"",""9331"",""9334"",""9335"",""9358"",""9359"",""9361"",""9362"",""9363"",""9364"",""9365"",""9366"",""9367"",""9368"",""9369"",""9370"",""9371"",""9372"",""9373"",""9374"",""9375"",""9376"",""9377"",""9378"",""9379"",""9380"",""9381"",""9382"",""9383"",""9384"",""9385"",""9386"",""9387"",""9388"",""9389"",""9390"",""9391"",""9392"",""9393"",""9394"",""9395"",""9396"",""9397"",""9398"",""9399"",""9400"",""9401"",""9402"",""9403"",""9404"",""9405"",""9406"",""9408"",""9409"",""9410"",""9411"",""9412"",""9413"",""9414"",""9415"",""9416"",""9417"",""9418"",""9419"",""9420"",""9421"",""9422"",""9423"",""9424"",""9425"",""9426"",""9427"",""9428"",""9429"",""9430"",""9431"",""9432"",""9433"",""9434"",""9435"",""9436"",""9437"",""9438"",""9439"",""9440"",""9441"",""9444"",""9445"",""9446"",""9447"",""9449""]},""exclude"":{""tags_any"":[""9320""]}}",,,31|40|43|45|94|95|127|161|198|201|203|216|240|245|259|273|274|275|286|299|316|324|327|344|350|353|388|405|410|414|446|479|486|495|499|544|545|560|591|622|628|639|663|675|680|683|689|695|719|725|726|731|732|735|739|745|780|781|793|796|799|831|844|850|899|911|921|938|939|944|949|954|956|966|967|975|977|980|984|988|997|1005|1011|1015|1026|1027|1031|1041|1053|1054|1061|1065|1122|1129|1150|1197|1200|1202|1205|1207|1212|1217|1251|1252|1260|1273|1280|1285|1292|1310|1328|1340|1345|1347|1362|1363|1365|1383|1384|1390|1394|1464|1511|1514|1517|1526|1529|1541|1543|1551|1576|1579|1587|1592|1604|1606|1607|1614|1624|1627|1628|1654|1666|1710|1716|1724|1730|1747|1748|1750|1752|1773|1779|1799|1803|1811|1815|1817|1820|1826|1830|1835|1837|1841|1843|1853|1854|1856|1860|1865|1868|1871|1881|1883|1887|1895|1905|1915|1918|1928|1931|1932|1933|1943|1948|1952|1977|1979|1983|1994|1995|1996|2001|2003|2004|2006|2010|2012|2024|2030|2033|2138|2139|2387|2403|2408|2422|2441|2458|2459|2460|2461|2473|2482|2495|2499|2501|2504|2515|2533|2537|2542|2543|2544|2550|2553|2555|2561|2565|2568|2569|2570|2571|2572|2573|2574|2577|2579|2585|2595|2598|2611|2615|2626|2628|2629|2632|2634|2635|2636|2637|2639|2643|2645|2648|2649|2651|2653|2660|2661|2678|2683|2685|2702|2705|2706|2707|2708|2724|2725|2754|2757|2763|2778|2788|2794|2798|2807|2820|2826|2854|2856|2864|2880|2915|2921|2924|2927|2929|2930|2942|2947|2960|2968|2971|2972|2973|2974|2975|2976|2977|2982|2983|2985|2986|2987|2988|2992|2993|2994|2996|2998|3001|3003|3004|3005|3006|3007|3009|3011|3012|3013|3015|3018|3019|3020|3023|3024|3025|3030|3033|3034|3036|3038|3039|3040|3042|3045|3048|3052|3054|3055|3056|3057|3058|3060|3061|3062|3064|3069|3070|3073|3077|3085|3089|3092|3093|3101|3102|3104|3105|3106|3108|3109|3111|3112|3113|3116|3117|3118|3119|3120|3122|3123|3127|3129|3132|3133|3136|3142|3143|3145|3147|3153|3155|3156|3157|3165|3176|3177|3238|3254|3259|3264|3265|3277|3278|3279|3282|3295|3309|3321|3328|3329|3331|3333|3336|3368|3383|3385|3389|3392|3393|3399|3402|3409|3413|3415|3417|3418|3419|3420|3421|3430|3431|3432|3435|3439|3440|3446|3449|3454|3457|3458|3459|3460|3462|3467|3468|3469|3471|3472|3473|3475|3476|3477|3479|3481|3489|3520|3521|3525|3526|3527|3529|3534|3535|3545|3546|3548|3550|3553|3609|3618|3621|3640|3643|3649|3654|3656|3660|3668|3669|3670|3673|3721|3723|3726|3732|3733|3734|3735|3737|3738|3741|3742|3745|3747|3751|3757|3758|3759|3762|3763|3766|3770|3771|3778|3785|3786|3788|3792|3793|3800|3801|3803|3804|3805|3816|3829|3835|3851|3868|3870|3872|3873|3874|3875|3876|3880|3884|3885|3886|3893|3894|3897|3901|3902|3903|3904|3909|3920|3930|3933|3937|3943|3951|3961|3969|3982|3987|3990|3996|4004|4010|4014|4027|4028|4029|4032|4050|4057|4062|4066|4068|4069|4077|4080|4081|4084|4092|4095|4096|4097|4099|4103|4111|4112|4119|4121|4126|4128|4129|4136|4137|4235|4239|4240|4260|4267|4270|4277|4285|4290|4291|4305|4306|4308|4326|4332|4338|4343|4348|4349|4351|4356|4361|4363|4364|4367|4371|4375|4376|4380|4382|4383|4391|4394|4395|4397|4398|4406|4407|4408|4409|4411|4412|4413|4414|4415|4416|4418|4420|4421|4423|4424|4425|4426|4427|4430|4431|4432|4433|4434|4436|4438|4439|4440|4441|4442|4443|4444|4446|4447|4448|4449|4451|4452|4453|4454|4455|4456|4458|4461|4462|4463|4465|4468|4470|4471|4472|4473|4474|4475|4476|4477|4478|4480|4482|4483|4484|4485|4512|4517|4520|4526|4529|4548|4552|4557|4565|4567|4575|4580|4587|4588|4605|4617|4620|4624|4629|4630|4632|4633|4634|4635|4636|4643|4644|4645|4646|4656|4659|4664|4666|4667|4672|4674|4678|4679|4682|4688|4693|4697|4702|4703|4704|4705|4708|4709|4710|4715|4720|4722|4723|4727|4729|4731|4732|4743|4744|4745|4747|4748|4750|4759|4760|4763|4768|4769|4774|4777|4778|4781|4782|4784|4806|4807|4811|4821|4831|4834|4836|4837|4841|4844|4845|4850|4851|4855|4856|4864|4865|4870|4885|4888|4889|4897|4899|4921|4929|4960|4977|4984|4985|4986|4994|4995|4998|5000|5001|5007|5009|5011|5036|5046|5047|5049|5051|5053|5060|5062|5070|5072|5073|5075|5080|5088|5094|5096|5119|5121|5128|5134|5139|5145|5146|5149|5152|5153|5159|5168|5175|5181|5187|5189|5192|5193|5197|5199|5200|5204|5209|5210|5212|5219|5220|5222|5223|5227|5228|5231|5233|5235|5237|5238|5241|5245|5248|5251|5252|5253|5255|5267|5268|5279|5296|5306|5308|5312|5319|5342|5363|5367|5368|5380|5381|5384|5404|5405|5428|5431|5432|5439|5442|5443|5458|5459|5475|5477|5479|5480|5482|5485|5506|5513|5515|5516|5520|5523|5525|5528|5529|5531|5533|5535|5536|5537|5538|5539|5540|5542|5543|5545|5565|5574|5578|5579|5581|5584|5589|5591|5592|5594|5600|5601|5604|5606|5607|5608|5618|5628|5642|5648|5657|5659|5667|5670|5677|5696|5705|5708|5709|5710|5711|5714|5715|5716|5720|5721|5724|5725|5726|5727|5728|5729|5731|5732|5734|5740|5741|5750|5751|5759|5761|5762|5763|5771|5772|5773|5776|5790|5797|5805|5806|5807|5810|5812|5813|5814|5815|5817|5819|5820|5821|5822|5823|5826|5828|5829|5830|5837|5841|5842|5843|5844|5845|5847|5848|5850|5855|5875|5880|5887|5894|5901|5902|5906|5907|5909|5912|5914|5915|5916|5921|5991|5992|5993|5994|5995|5996|5997|5998|5999|6000|6001|6002|6003|6011|6018|6022|6023|6025|6043|6046|6048|6050|6053|6054|6055|6056|6057|6058|6059|6063|6064|6066|6067|6069|6070|6106|6107|6118|6119|6157|6172|6287|6303|6304|6323|6332|6339|6340|6342|6346|6348|6349|6350|6351|6353|6361|6370|6376|6415|6417|6418|6420|6421|6423|6428|6430|6435|6436|6437|6438|6439|6440|6441|6443|6444|6445|6446|6447|6448|6449|6465|6468|6470|6471|6475|6497|6498|6500|6514|6516|6517|6518|6519|6520|6522|6523|6526|6528|6529|6531|6532|6534|6536|6537|6538|6558|6562|6563|6564|6567|6571|6573|6578|6604|6648|6649|6652|6659|6691|6692|6693|6695|6698|6699|6700|6702|6717|6720|6722|6723|6724|6725|6728|6729|6751|6752|6754|6755|6763|6764|6766|6768|6770|6771|6774|6782|6783|6795|6796|6797|6799|6800|6802|6803|6806|6808|6809|6811|6812|6814|6816|6818|6820|6821|6822|6845|6846|6848|6849|6850|6852|6858|6859|6860|6861|6862|6863|6864|6867|6868|6871|6872|6874|6875|6876|6882|6883|6884|6885|6886|6888|6889|6890|6891|6892|6893|6894|6895|6897|6898|6899|6901|6902|6904|6906|6910|6911|6912|6913|6914|6915|6916|6917|6919|6922|6923|6924|6925|6927|6930|6932|6935|6937|6938|6941|6945|6950|6951|6954|6960|6961|6962|6965|6972|6983|6984|6994|6995|7002|7015|7017|7020|7022|7023|7026|7027|7028|7029|7032|7034|7035|7037|7040|7041|7042|7062|7117|7137|7138|7139|7140|7141|7142|7143|7144|7145|7146|7147|7148|7149|7150|7151|7152|7153|7154|7155|7156|7163|7164|7167|7168|7170|7171|7172|7174|7176|7177|7178|7179|7183|7184|7190|7191|7192|7193|7196|7197|7201|7202|7203|7204|7206|7208|7209|7210|7211|7219|7226|7227|7236|7245|7246|7247|7248|7250|7281|7286|7313|7319|7365|7369|7380|7389|7395|7396|7399|7402|7404|7405|7407|7408|7409|7410|7411|7416|7417|7418|7419|7429|7430|7431|7432|7435|7446|7452|7459|7460|7461|7464|7496|7504|7549|7550|7551|7552|7553|7554|7557|7558|7559|7560|7561|7562|7563|7564|7572|7574|7576|7577|7578|7579|7580|7581|7582|7583|7584|7585|7586|7587|7588|7589|7590|7592|7593|7597|7598|7599|7601|7610|7611|7746|7748|7749|7751|7753|7754|7755|7764|7766|7767|7770|7771|7773|7774|7775|7776|7777|7782|7783|7784|7785|7790|7791|7792|7793|7794|7796|7805|7806|7807|7808|7810|7811|7812|7814|7815|7817|7818|7819|7820|7821|7822|7823|7824|7825|7826|7829|7830|7832|7833|7834|7836|7837|7839|7855|7858|7862|7863|7865|7876|7880|7886|7925|7947|7949|7950|8003|8004|8005|8062|8064|8065|8066|8067|8068|8073|8115|8116|8214|8215|8216|8217|8218|8220|8224|8225|8226|8227|8230|8255|8258|8259|8265|8266|8269|8270|8272|8274|8275|8276|8277|8283|8286|8294|8300|8301|8312|8314|8316|8319|8320|8330|8331|8333|8339|8340|8347|8348|8349|8350|8352|8353|8354|8356|8363|8367|8368|8369|8371|8374|8376|8378|8379|8380|8381|8382|8383|8384|8385|8386|8393|8394|8395|8396|8397|8398|8399|8400|8401|8402|8405|8406|8407|8410|8412|8413|8420|8422|8423|8424|8425|8426|8427|8428|8429|8430|8431|8432|8435|8436|8437|8438|8439|8440|8441|8442|8443|8444|8445|8446|8447|8449|8450|8451|8454|8455|8456|8458|8459|8460|8461|8462|8463|8466|8468|8469|8470|8472|8474|8475|8476|8478|8479|8485|8486|8487|8488|8491|8500|8504|8505|8509|8511|8512|8514|8516|8517|8518|8522|8524|8527|8529|8531|8533|8535|8537|8538|8541|8542|8543|8545|8546|8547|8548|8550|8551|8554|8557|8562|8564|8565|8566|8568|8569|8572|8573|8576|8579|8580|8581|8584|8590|8592|8593|8598|8599|8600|8602|8604|8605|8610|8614|8616|8618|8620|8621|8623|8624|8626|8627|8629|8631|8634|8640|8641|8643|8644|8646|8647|8648|8649|8650|8651|8653|8654|8656|8657|8658|8659|8662|8664|8665|8667|8668|8669|8670|8672|8673|8674|8675|8676|8677|8678|8680|8684|8685|8686|8687|8688|8689|8690|8694|8705|8753|8754|8757|8758|8759|8766|8767|8768|8769|8770|8771|8772|8773|8774|8776|8778|8779|8780|8781|8782|8785|8786|8787|8788|8789|8790|8791|8792|8794|8795|8796|8800|8801|8803|8804|8805|8806|8807|8808|8809|8811|8812|8813|8814|8819|8820|8821|8822|8823|8824|8826|8827|8828|8829|8830|8831|8832|8833|8834|8835|8836|8837|8838|8839|8840|8841|8842|8843|8846|8847|8849|8850|8851|8852|8854|8855|8857|8859|8860|8862|8863|8864|8865|8866|8867|8868|8869|8870|8873|8874|8876|8878|8879|8880|8881|8885|8888|8889|8890|8891|8893|8894|8895|8896|8899|8900|8901|8903|8905|8906|8907|8909|8910|8917|8918|8919|8921|8922|8923|8924|8934|8965|8967|8968|8972|8973|8974|8975|8977|8981|8983|8984|8985|8986|8988|8992|8993|8994|8995|8996|8997|8998|8999|9000|9002|9003|9006|9007|9008|9009|9010|9011|9013|9014|9015|9016|9027|9028|9029|9030|9031|9032|9034|9035|9036|9037|9039|9040|9041|9043|9053|9058|9062|9064|9068|9069|9073|9074|9082|9083|9084|9085|9086|9087|9088|9089|9090|9092|9093|9094|9096|9097|9098|9099|9100|9102|9103|9107|9108|9109|9111|9112|9117|9118|9119|9120|9121|9122|9124|9125|9126|9127|9128|9129|9130|9131|9134|9135|9145|9146|9235|9237|9276|9290|9330|9331|9334|9335|9358|9359|9361|9362|9363|9364|9365|9366|9367|9368|9369|9370|9371|9372|9373|9374|9375|9376|9377|9378|9379|9380|9381|9382|9383|9384|9385|9386|9387|9388|9389|9390|9391|9392|9393|9394|9395|9396|9397|9398|9399|9400|9401|9402|9403|9404|9405|9406|9408|9409|9410|9411|9412|9413|9414|9415|9416|9417|9418|9419|9420|9421|9422|9423|9424|9425|9426|9427|9428|9429|9430|9431|9432|9433|9434|9435|9436|9437|9438|9439|9440|9441|9444|9445|9446|9447|9449,Rebecca Love|Cassie Bender|Victoria Rey|Summer Starz|Rahyndee James|Gabriella Ford|Helly Mae Hellfire|Vyxen Steel|Bobby Neuwave|Natalia Queen|Richie Deville|Kirra Lynne|Kayla Quinn|Tony Rocket|Rod Jackson|Freya Kennedy|Chiara Chianti|Anais Amore|Camila Cortez|Josie Tucker|Aspen Romanoff|Chanel Brooks|Nami Lee|Sasha Pearl|Chima|Jade Luv|Jeremy Adams|Stella May|Angelina Chung|Lia Ezra|Dirk Huge|Nina Rivera|Alison Avery|Julie Cash|Marina Maya|Assh Lee|Lola Marie|Candy Alexa|Asia|Kataljna Kittin|Dillion Carter|Bailey Paige|Sonny Nash|Ashley Jensen|Domenic Kane|Franziska Facella|Lindsey Meadows|Kina Kai|Mike Skywalker|Dirtydanii 69|Ace Biggs|Pike Nelson|Sammie Rhodes|Stephanie Swift|Patrick J. Knight|Lyra Lockhart|Kate Bloom|Ariana Aimes|Cali Sweets|Eden West|Melanie Muse|Clark Kent|Dre Delevingne|Bella Blu|Zoe Clark|Adriana Deville|Victoria Voss|Gianna Michaels|Charlie Onixx|Cherokee Dass|Jeremy Conway|Azalea Lee|Kendall Brooks|Dale DaBone|Briana Blair|Trent Soluri|Misti Dawn|Austin Kincaid|J. Crew|Katie Monroe|Lilly James|Mickey Violet|Cyrstal Rae|Kristen Lee|Ashlee Mae|Lexy Lotus|Harley Jameson|Olivia Lua|Meggan Malone|Arie Faye|Brittany Benz|Sinderella|Zoey Taylor|Sherezade Lapiedra|Mary Popiense|Eva Blume|Hope Heaven|Sandra Lyd|Ema Karter|Winnafred Flurry|Lola Bulgari|Wesley Pipes|Amanda Aims|Maya Grand|Karly Baker|Nicole Clitman|Haven Rae|Ivy Aura|Jake|Julia Rain|Jessika Night|Kymberlie Rose|Natasha Lapiedra|Sara Bell|Yukki Amey|Lara Frost|Purple Bitch|Sofi Noir|Lisa Belys|Merida Sat|Megan Love|Mizuki|Luke Hotrod|Bella Beretta|Serpente Edita|Lullu Gun|Milena Devi|Stacy Snake|Kirschley Swoon|Nikki Waine|Emily Thorne|Gabriella Lati|Alice Nice|Yuriy Sergeev|Lara West|Rebeka Black|Kandy Kors|Gisha Forza|Callie Brooks|Brendon Miller|Jessyca Wilson|Max Deeds|Apryl Rein|Lee|Coco Vandi|Kitten Latenight|Avalon Heart|Brooke Haze|Evan Cox|Sheila Daniels|Kadence Marie|Brooke Bliss|Shane Blair|Maya Morena|Arielle Faye|Esperanza Del Horno|Jessica Jones|Aurora Winters|Alyce Anderson|Summer Brooks|Monica Sage|Ivory Logan|Ava Parker|Jericha Jem|Scarlett Snow|Kasey Miller|Aryana Amatista|Emily Right|Cleo Clementine|Kylie Kingston|Lily Glee|Gianna Gem|Paris Amour|Scarlett Fall|Alice Merchesi|Isla Biza|Dania Vega|Kinsley Kane|Anna Chambers|Jasmine Wilde|Annie Archer|Amber Stark|Bella Luna|Stevie Moon|Evie Rees|Franco Styles|Fae Lux|Olivia Madison|Violet Spice|Sia Lust|Natalie Brooks|Emma Jade|Vera King|Kamryn Jade|Mona Blue|Gwen Vicious|Davon Drake|Joel Someone|Daniel Shar|Mjane|Ruckus XXX|Willy Regal|Andrew Marshall|Kale|Vivian Grace|Bella Gray|Sheila Marie|Noelle Easton|Kenzi Marie|Carmella Bing|Melissa Lauren|Jenny Hendrix|Layla London|Kacey Quinn|Savannah Gold|Bree Olson|Nick East|Stacey Saran|Ricki White|C.J. Wright|Chris Streams|Wendy Divine|Brad Hardy|John E. Depth|Ice Cold|Jeremy Steele|Mona Lee|Michael Chapman|Oliver Sanchez|Daisy Chainz|Martini Bows|Emily Mena|Jayden Black|Kylie Rose|Kendall Woods|Pressley Carter|Hailey Little|Payton Avery|Veronica Jett|Heidi Mayne|Malory Malibu|Luna Melba|Sophia Laure|Verona Sky|Isla|Gina Devine|Kathia Nobili|Amber Nevada|Daryl Ginger|Johane Johansson|Paige Delight|Samia Duarte|Belle Black|Demetris|Roxy Mendez|Tigerr Benson|Zafira Klass|Kandall N|Alexa Jordan|Alexa Lynn|Amber Wild|Amy Valor|J.T. Money|Britney Stevens|Brynn Tyler|Cali Lee|Cameron Love|Carmella Crush|Daryn Darby|Dasani Lezian|Jasmine Jolie|Jasmine Tame|Jessi Summers|Keeani Lei|Kylie Haze|Leah Jaye|Lexi Leigh|Madison Parker|Missy Stone|Mysti May|Tessa Taylor|Tommie Ryden|Claudia Bavel|Cristian Cipriani|Megan Fiore|Ambar Lapiedra|Sweet Vickie|James Bang|Mike Jaymes|Christy Canyon|Malena Nazionale|Emma Bugg|Mikayla Mendez|Kristal Summers|Jada Fire|Ricki Raxxx|Chris Hollander|Lucky Benton|Lacey DuValle|Cherokee D Ass|Lily Paige|Kylee Strutt|Carmel Moore|Madison James|Helena Sweet|Jennifer Adams|Codi Bryant|John Strange|Chelsea Ellis|Misha Montana|Adreena Winters|Macey Jade|Sophie Anderson|Avery Adair|Sola Zola|Alex Gause|Aruna Aghora|Kelly Ann|Megan Matthews|Marissa Mae|Asia Rae|Brandi Blunt|Rachel Rivers|Aryana Adin|Bianca Booty|JJ Graves|Sarah Jackson|Alessia Luna|Adara Love|Vitaly Vox|Desi Dalton|Mikayla Mico|Bae Egypt|Lexxxus Adams|Jordi Jae|Emerald Ocean|Sophia Ducati|Charlie Comet|Julianna Jones|Gina Varney|Eve Ellwood|Stoney Lynn|Alexxxis Allure|Kiara Edwards|Criss Simon|Zoe Doll|Alejandro Peer|Luxury Girl|Amber Wildee|The Jenny Jett|Kiera Daniels|Kendra Heart|Loni Legend|Miley May|Jason Steele|Nina Turk|Georgio Black|Silvia Soprano|Veronica Dean|Telari Love|Ariana Simon|Guy Simon|Dominic Osso|Chloe Kinks|Yola Flimes|Robin Heart|Tory Sweety|Vixtor Styles|Nofacegirl|Nofaceguy|Danika Mori|Steve Mori|Jack Cummings|Jessica Torres|Azure Angel|Nora Doll|Lulu Love|Summer Pixi|Jayme Hays|Ashley Manson|Layna Landry|Ms London|Maci May|Lucia Rossi|Rebecca Johnson|Tato Switch|King Noire|Sierra Day|Cali Hayes|Tristan Berrimore|Cherokee D'Ass|Blake Morgan|Nikki Chase|Alaina Fox|Emily Kae|Dylan Riley|Brooke Haven|Steven French|Emma Cummings|Ryder Skye|Monica Lion|Lyen Parker|Bilbo Shaggins|Aaliyah Yasin|Ali Rose|Nuria Millan|Jonny Oblong|Lenka Sosh|Damien Thorne|Barbie Sins|Melina Mason|Sami White|Jackie Rogen|Bella Reese|Holly Price|Amber Ashley|Tommy Utah|Houston|Rick Anthony|Jessica Nyx|Gia Grace|Louise Jenson|Aryana Augustine|Kerry Louise|Casey Cumz|Rio Lee|Jezebelle Bond|Yasmine de Leon|Kelly Summer|Britney Shannon|Sandra Star|Tylo Duran|Melissa Lynn|Brooke Sinclaire|Teagan Presley|Monica Asis|Princess Paris|Chessie Kay|Blanche Summer|Maxim Law|Angelina Diamanti|Kristina Shannon|Christina May|Gorgeous Aphro|Sophia Deluxe|Leila LaRocco|Penelope Stone|Tysen Rich|Rachel Steele|Kiley Jay|Tarzan|Coach Cardher|Jay Myers|Mandaniel James|Chris Scandal|Nina White|Aubrey Lovelace|Ivy Stone|Hollie Mack|Liza Rowe|Kira Adams|Jazy Berlin|Nina Pink|Ellen Betsy|Florane Russell|Shrima Malati|Vittoria Dolce|Alexis Amore|Isabella Sky|Devon Michaels|Cali Lakai|Tyler Faith|Chayse Evans|Dayna Vendetta|Calita Fire|Nicole Rey|Aylin Diamond|Jemma Valentine|Irina Pavlova|Angel Blade|Tricia Teen|Kitty Lovedream|Charlotte Shark|Felicia Kiss|Carla Crouz|Nicole Evans|Aria Logan|Cassie Fire|Mey Madness|Bruna Angel|Melissa Benz|Jamie Marleigh|Emily Blake|Katja Kassin|Sadie Sable|Miko Sinz|Anthony Hardwood|Yuki Mori|Bryan Braxton|Angelina|Enzo Lorenzo|Darryl Hanah|Mr Marcus|Donnie Rocks|Emily Banfield|Payton West|Cage Jordi|Satin Bloom|Nikolas|Jackie Lin|Inari Vachs|Sasha Sparrow|Mike James|James Sinner|Kristina|Dawson Daley|Emily B|Ramon Monster|Angelica Amore|Ariel Blue|Dresden|Reno D'Angelo|Hanna Lay|Linda Moretti|Monique Woods|Charlie Theron|Lux Kassidy|Sophies Lo|Innocent Hotwife|Harry River|Michelle Love|Victoria Sweet|Nick Lang|Suzie Carina|William Zeff|Sapphira A|Tracey Sweet|Roxxi Silver|Lara Brookes|Brandon Fox|Mia Rider|Maia Davis|Jade Nacole|Mahina Zaltana|Meiko Askara|Marley Blaze|Tori Avano|Lisa Tiffian|Marilyn Moore|Fallon West|Kimmy Lee|Bianca Stone|Mercy West|Nenetl Avril|Xianna Hill|Ariel Grace|Raven Rockette|Shae Celestine|Alex Mae|Bambi Black|Harlowe Blue|Jenna Reid|Kandie Monaee|Kelsey Kage|Kyra Rose|Lolli Lane|Alana Evans|Elle Alexandra|Chloe Lynn|Johnny Champ|Mila Marx|Nova Cane|Rharri Rhound|Xeena Mae|Zoey Reyes|Shayla LaVeaux|Anais Latour|Victoria Tiffani|Scarlet Chase|Bonnie|Kaylee Hilton|Cassandra Calogera|Kelsi Lynn|Brittany Shae|Sammie Daniels|Sammie Six|H3ll4 Sl00tz|Vile Vixen|Alex Sanders|Brittany O'Connell|Aurora Snow|Jake Ariston|Violet Moore|Kylie Shay|April Aniston|Jenna Clove|Angel Ashton|Averi Brooks|Binky Bangs|Cara Swank|Christina Heart|Porschea|Jessica Sinn|Kiara Knight|Lia Lynn Robinson|Lola Milano|Nikki Seven|Rebecca Ivy|Natasha Blaze|Sage Evans|Samantha Nixon|Allora Ashlyn|Aly Monroe|Kami Kari|Ariel Winters|Avery Moon|Ayn Marie|Bree Mitchells|Brooke Lynn Santos|Brooke Myers|Cadence Carter|Cece Capella|Debbie Clark|Emma Ryder|Farrah Valentine|Gia Love|Hannah Hartman|Henley Hart|Jessie Law|Kenzie Kai|Kimberly Costa|Kristy May|Lana Adams|Lanna Carter|Lyn Hoyt|Marry Lynn|Michelle Taylor|Miley Cole|Miranda Miller|Naomi Kennedy|Nina Skye|Olivia Lee|Peyton Coast|Rachel James|Raylin Ann|Scarlett Fever|Skye West|Sophia Wilde|Stella Daniels|Stephanie Carter|Tellula Rose|Jessie Taylor|Vivica Johnson|Adrian Hush|Audrey Grace|Celestia Vega|Dakota Bleu|Hannah Hawthorne|Jade Reign|Jasmine Riley|Jenni Jordan|Kenzi Kellie|Megan Winters|Mia Collins|Michelle Anthony|Mira Stone|Molly Cooper|Naomi Blue|Raquel Diamond|Selena Luxx|Selena Stone|Sophia Sultry|Callie Cobra|Callie Cyprus|Hollie Shields|Naomi West|Victoria Zdrok|Serena Torres|Cassidy Ryan|Princess Asia|RealWifeRidley|Kaiya Lynn|Lisa Marie|Nyomi Banxxx|Mina Leigh|Olivia O'Lovely|Tori J|Bella Baby|Susan Ayn|Nick Whitehard|Roger Venturini|Aruba Jasmine|Beata Undine|Bernice|Cami Cole|Chris Rockway|Chloe Lacourt|Goldie Baby|Gerry Taylor|Enzo Bloom|Jonni Hennessy|Andy Mann|Lukas Pribyl|Stacie Jaxxx|Tina Hot|Victoria Love|Aika May|Natalie Vegas|Tila Flame|Odette Delacroix|Brandy Smile|Mai Ly|Kira Sinn|Pepper Kester|Foxies Gold|Tess Lyndon|Zena Little|Whitney Conroy|Khyanna Song|Lana Lopez|Tania G|Elizabeth Marxs|Charley Monroe|Courtney Dillon|Daisy Lynn|Ellena Woods|Jasmine Andreas|Kenze Thomas|Lauren Clare|Milly Marks|Jess Scotland|Ms. Yummy|Athina Love|Katie Oliver|Lana Harding|Jayden Starr|Petite Princess Eve|Romeo Mancini|Claudia Obey|Eliza Allure|Anissa Jolie|Tina Fire|Gala Brown|Vicky Menage|Betzz|Vivian Lola|Melina May|Yae Triplex|Sakura Hell|Vivienne Del Rio|Tori Lux|Alyx Urie|Sage Rabbit|Nunu Dickslanger|Freaky T|Lollypop Gcup|Morgan Ray|Nelson Mandingo|Blu Chanelle|Miami|Molly Cute|Jonesy|Lola Eastking|Ruby Cattrall|Andrew|Sasha Royce|Samantha Sinz|Kasey Aims|Edone Kaliyuga|Mina Moon|Gogo Fukme|Gigi Rivera|Ally Horny|Very Sexy Dasha|Nitro|Dario Dyson|Milka Wey|Christafeer Robien|Mr Dollie|QesasTop|Qesas Top|Isis Monroe|Damian Dickey|Kayla Summers|Alexis Grace|Katie Summers|Bianka Lovely|Karina O'Reilley|Lucette Nice|Matt|The Official Egypt|Max Schottz|Zoey Foxx|Richh Des|Carmela Clutch|Queen Mirage|Tamara Grace|Sarah Illustrates|Ophelia Kaan|Sarah Sultry|Hayden|Lily Phillips|Savanna Samson|Holly Rae|Silvia Sin|Veronica Rayne|Charlee Rose|Ava Austen|Raven Hart|Niykee Cruz|Angela Bella|Chanel St. James|Kristee Lixx|Madam D|Delores Johnson|Fun Charlie|Lila Magenta|Trixie Dicksin|Haven Moss|Bridgette Daniels|Dakota Quinn|Heaven Day|Daisy Foxxx|Trixie Moore|Leia Lucas|Bella Cooper|Sarah|Kinsley Anne|Kennedy Kressler|Linda Nelson|Julie|Zoe Lark|Coralyn Jewel|Joanna Meadows|Ivy Carlson|Lucy Morningstar|Ginger McKay|Kasey Cole|Becky Tailor|Sgt. Major|Luna C. Kitsuen|Jade Baker|Pierce Johnson|Cindy Hope|Zerah Jones|Paul Woodcrest|Janna Hicks|Lola Deluca|Brian Timber|John Henry|Bonni Gee|Harley Love|Monica Minx|Valeria Visconti|Jazz Duro|Joey Valentine|Sierra Sinn|Katarina Kat|Austin Matthews|Angell Summers|Payton Simmons|Xavier Miller|Sebastian Keys|Brandy Renee|Rodrigo Amor|Barbie Crystal|Selena Ivy|Kiki Cali|Max Coxxx|Lucas Leoni|Taurus Angel|Lady Fyre|David Lord|Summer Rae|Dylan Moore|Valentina Violet|Karina Valentina|The Country Hotwife|Amy Parks|Remi Raw|Fatima|Maddie Cross|Marin|Simone Ryder|Sophie Torre|Marina Morris|Lilaq Honey|Kristal Kitty|Angelina Elizabeth|Monica Sierra|Molly McSquirts|Ara Mix|Zoey|Blaten Lee|Emori Pleezer|Vanna Smith|Kaira Kampen|Josy Black|Suzi Grande|Mar Bella|Carla Boom|Sloan Rider|Mila Marie|Babi Star|Roxy Reynolds|King Frank|Di Devi|Elsie Robinson|Brandi Edwards|Reya Lovenlight|Carina Blair|Caroline Pierce|Lisa DeMarco|Jay Huntington|Seth Brogan|Ashlynn Leigh|Rob Blu|Sam|Scarlett|John West|Ramona Lapiedra|Elise London|Cleo Moon|Stella|Stella Barey|Dolly X|Joanna Wei|Era Queen|Yanic|Dean|Daisy Fox|Chanel St James|MLFY Jonesy|Joanna Moore|Viva Athena|Kseniia Kufeld|Philisha|Harper Hays|Zoey Bellatrixxx|Ashley Aixi|Vanessa Arizona|Gina Sweet|Leo Vice|Lilli Love|Mistress Blunt|Vicky Addams|Giselle Amore|Lissa Aires|Jason Cody|Sky Alexis|Juliana Dreams|Debauchery Desired|Brianne Blu|Roxie Miller|Sophie Tyler|Mia Michele|Tall Girl Alli|Tia Tamera|Dahlia Noire|Ricki|Gracey Fox|Jane White|Taylor Gunner|Peach|Lexy Blaze|Becky Summer|Sasha Reign|Kinley|Kat Meyer|Cheyenne Gray|Keke Lou|John Campbell|Sophia Fiore|Lera Murr|Berry McKockiner|Lilith Grace|Bridget Moore|Tia Maria|Harley Brooks|Nikki Hilton|Leenuh Rae|Aloura Lynn|Kassius Kay|Alice Martin|Elicia Solis|Mik Luv|Bambi Blitz|Abi James|Brianna Arson|Slay Kay|Lola Mai|Jessica Marie|Scott Trainor|Tyler James|Addis Fouché|Karissa Kane|Bliss Dulce|Elizabeth Jolie|Naomi Heart|Aria Skye|Kaya Lin|Christian Charity|Eva Yi|Evelyn Rosa|Katie Murphy|Tiffany Tailor|Sofia Rivera|Jaye Austin|Michael Ambrose|Draven Navarro|ModernGomorrah|Vanessa Moon|London Lee|Izzy Bell|Roxy Belle|Ray Collins|Cici Shellz|Bella Nova|Marvelous Madilyn|Aria Sunflare|Roxanne Rhodes|Summer Raine|Rica|Rose Carter|Rylee Blake|Nicole Banks|Saint LaRose|Candice Demellza|Marcus Quillan|Roman Todd|Roxy Taggart|Kitty Jane|Morgan Moon|Dominno Rebelde|Foxy Sanie|Bri Klein|Chrissy Fox|Katy Sky|Aysha Dama|Lilith Reine|Kloe Love|Mike Hell|Vera Jarw|Sabien DeMonia|Shrooms Q|Isa Metible|Coco Bae|Lola Cheeks|Malia Lenoir|Tanya Virago|Munro Blaxxx|May Hashira|Thayana Babyy|Massy Sweet|Dez Hansen|Hiba Hakimi|Lucy Foxx|Stephanie Raee|Charlotte Mae|Val Dodds|Ethan Angus|Luna Black X|Rob Hudson|Ruby Shades|Ace Panzora|Luna Fae|Isabel Moon|Alicia Williams|Nelya Smalls|Daria Kuess|Juicy Leila|Cream Molly|Bree Star|Zara DuRose|Spikey Dee|Jayla Page|Tyler Hunt|Chris Epic|Rose Winters|Cadence St John|Nikki Monroe|Julian Jaxon|Kylie Richards|Ginger Grey|Mary Bambola|Brianna Bourbon|Ariel Darling|Ria Rose|Funsized Megan|Xochi Moon|Audrey Hempburne|Brianna Anderson|Tana Waters|Joy|Katie Carmine|Sophia Sweet|Dakota Knight|Emma Blanco|Riley June|Rose Peach|Daniela Dadivoso|Jenny Ferri|Nikki Fox|Vera Wonder|Bunny Love|Tina Blade|Adelle Unicorn|Cindy Dollar|Connie|Nicole Pearl|Lilien Ford|Erika Bellucci|Delilah Davis|Alexis Silver|Chloe Chaos|Carmella Diamond|Isabel Ice|Cameron Keys|Carmen Vera|Ciera Sage|Emma Redd|Mia Bangg|Jenifer Jane|Janet Alfano|Jersey Cummings|Kalee Hunter|Lauren Vaughn|Rosario Stone|Nevaeh Charms|Brooklyn Jade|Darien Ross|Leah Livingston|Megan Jones|Megan Reece|Brooke Scott|Georgia Peach|Heidi Besk|Jersey Jaxin|Joelean|Myah Monroe|Sonia Lopez|Victoria Sin|Anjelica Blew|Bethany Sweet|Kira Lake|Luci Thai|Sierra Sanders|Valerie Luxe|Velvet Rose|Heidi Brooks|Raven Black|Trinity Post|Franky Vixen|Aurora Chase|Ann Kelley|Michelle Christian|Nadia Nitro|Vanessa Lynn|Michele Raven|Lisa Sparxxx|Naomi Cruise|Jami Kenney|Leeza Jones|Bailey O'Dare|Phyllisha Anne|Valentina Lopez|Alyssa Jordan|Andrea Wild|Bianca Valentino|Crissy Cane|Gia Marley|Honey Dejour|Ice la Fox|Shannon Kelly|Violet Murphy|Loretta Loren|Gabriella Banks|Lauren Kain|Michelle Avanti|Nichole Heiress|Alyssa Dior|Amber Kentucky|Amber Sky|Amina Amore|Amina Sky|Missy Maze|Bella Nikole|Bree Barrett|Candy Jones|Cyle Cuvee|Daphne Flor|Deena Daniels|Erin Shadows|Harley Valley|Isabella Pacino|Janae Kae|Kandi Hart|Katie Angel|Leona Dulce|Madaline|Summer Lynn|Mia Grey|Patricia Petite|Rachell Ann|Roxie West|Sabrina Taylor|Summer Carter|Tika Tarius|Gilda Roberts|Linda Brown|Natalli DiAngelo|Anastasia Devine|Asia Morante|Jenna Lovely|Wiska|Stacy Silver|Linette|Rachel Evans|Yukikon|Bambola|Angel Pink|Vickie Powell|Jade Marxxx|Calico|Kylee King|Sara Scott|Kayden Faye|Leah Wilde|January Seraph|Eve Lei|Sister Dee|Dana Vixen|Delilah Knight|Lori Adorable|Bryn Blayne|Asa Archer|Ranie Mae|Flaming June|True Blue|Kay Kardia|Olivia Fawn|Speckles|SubMiss Ann|Violet October|Eden Coxxx|Ian Rath|Phoenix Askani|Marshal|Roxy Rox|Kayla West|Laura|Sensual Jane|Sabrina Sweet|Hanna Sweet|Michael Cheritto|Layla Terrace|Selena Castro|Anita Dark|Jasmine Bash|Anjelyze|Tila Pussan|Bella Blaze|Godiva Sweets|Heaven Summers|Kimberly Ruben|Shyla Shy|Carmen Hayes|Arianna Sinn|Lana Ivans|Salena Marie|Hailey Brooke|Gizzelle De La Cruz|Alyssa Lewis|Adriana Kelly|Ruby Port|Sheila Grant|Laylani Star|Kristi Maxx|Jessica Stone|Trixie Star|Reina Lee|Yasmine Loven|Eloa Lombard|Erin Banks|Trinity Maze|Angel Deluca|Phoenix Desire|Pheona Monroe|Bree Phoenix|Camelia Davis|Lilly Lovely|Jade Aspen|Camille Morgan|Mali Luna|Sarah Jennings|Melissa Reed|Skyler|Gigi Kitty|April Knight|Krista James|Jacqui Banks|Seka Black|Gigi Loren|Ailek|Ariel Rebel|David Mistral|David El Moreno|Jamie Stone|Adessa Winters|Raquel Roper|Zane Anders|Rod Peterson|Brother Tanner|Slut Bottom Chris|Regan Reese|Al-B|Eve Laurence|Sexy Nala|Elic Chase|Syl Rebel|Polly Pons|Minx Grrl|Pink|Steven O'Master|Alison Faye|Kiki Sweet|Jenna Rose|Candice Jacobs|Max Jacobs|Lana Palmer|May Cox|Ren Nuisance|Rickii Rose|Monty Memphis|Allesandra Snow|Nyna Stax|Kesha Ortega|Eric Sinclair|Ken X|Eris Maximo|Violet Rose|Alina Long|Adley Rose|Julie Simone|Barbary Rose|Bella Wilde|Nikki Litte|Luci Angel|Mandy Vortex|Pina Deluxe|Coco Chanal|Isabella Lui|Nomi Melone|Mad Kate|Jolyne Joy|Alexa Wild|Natty Mellow|Pamela Sanchez|Chiki Dulce|Anina Silk|Rija Mae|Lee Sola|Gemma Gomory|Aragne Spicy|Ichi the Lorean|Natalia Ruso|Lilith Optima|Laurita Rios|Lia Gaynor|Naomi Bernstein|Angelina Wild|Nasty Khalifa|Cindy Loarn|Gabriela Flores|Margout Darko|Lady Nala|Glenda Larker|Coffee Brown|Devon Taylor|Lilac Wine|Sloane Soleil|Kylie Liddell|Alexxa Bound|Kara Price|Shane Dos Santos|Anastasia Pierce|Kylie Wylde|Staci Thorn|Elyssa Greene|Alexa Pierce|Anna Tyler|Samantha Staxx|Mia Smiles|Alice Kingsnorth|Danica Merci|Athena Pleasures|Stacey Foxxx|Viktor Bond|Billy King|Chloe Duval|Ramon Sutra|Marie Washington|Izi Blu Sky|Angel Jackson|Autumn Orchid|Radka Docekalova|Gigi Ferari|Jordan Fleiss|Lori London|Cherrie Rose|Trista Tanner|Mila Jade|Misty Vonage|Morning Star|Claudia LeNoir|Ella Bella|Joanna|Dorothy|Harper|Kayleigh Cake|Aura|Jason Horne|Niki|Miss Bunny|Frankie Vargas|Stunning Summer|Jenae Kae|Tiffany Hopkins|Angelina Stoli|Claudia Marie|Bella Nikole Black|Gem Jewels|Jezebeth|Lucy Diamond|Cat D.|Aisha Sun|Jessyca Wild|Ai Xi|Candice Coxx|Sadie Swede|Matt Cash|Jezebel Dahl|Valerie Kay|Sea J. Raw|Mina Thorne|Callie Dee|Alex De La Flor|Mya Mays|Simone Schiffer|Gisselle|Jazzmin Starr|Hope Harper|Jean Michaels|Kate Alton|Emmanuelle London|Tegan Riley|Natasha Vega|J Love|Megan Vaughn|Misty Caitlin|Nikki Venom|Carlita Ray|Taylor Daye|Alex Isadora|Reya|Nikki Wood|Olivia Luxe|Allie Falls|Tokyo Lynn|Ginger Monroe|Kaya Knight|Shay Smiles|Angel Ann|Adrian|Priscila Belini|Sammi Summers|Riley Rose|Aluni|Ember Dixen|Rose Jane|Meagan Moore|Dre Strong|Britney|Brandi Johnson|Heath Austin|Amy Lynne|Zoe Voss|Joe Blow|Mark Anthony|Tone Capone|Wade Hardman|Steve James|Jessica Drake|Kyle Stone|Vin Deacon|Tee Reel|Brianna Ray|Molly Cavalli|Jasmine Wolff|Liam Lorde|Briana Banderas|Melztube|Slim Dark|Taylor Upton|Victoria Malfoy|Natalee Shy|Kelly|April Vixxi|Kitty Kat Texas|Kendra Lee Ryan|Sidra Sage|Cameron Skye|Scott Stone|Mia Kay|Marcelo Slave|Davin Strong|Danny Ocean|Aden Andrews|Delilah Cass|Branden Richards|CC Doll|Hydii May|Cass Woodland|Dirty Gunther|Koko Blond|Ameli Monk|Peter P|Eveline Magic|Luky Kolac|Jambie King|Tomas Dolnak|Tabitha Poison|Nensi Fox|Chris Sandoval|Steve Rickz|They Love Flaxk|Artemisia Love|Daisie Belle|Kyle Aziani|Nacho Vegas|Rico Reyes|Mark Longwood|Jeniffer|Aleksandra Mink|Belinda Bee|Rita Black|Martin Bobes|Denis|Lupe Burnett|Erik Hard|Stefan Nikita|Amber Kawaii|Daviss de Vil|Maya Matthews|Nina|Lochai|Riley James|Vinny Tesoro|Kaleb Bell|Russel West|Jason Moore|CK Washington|Christian Parker|Ani Blackfox|Bruno SX|D Ruff|Barbie Dracula|Estrella|Darnell Black|Sami Parker|Virgo Peridot|Daniel Archer|Luc B|Tony Rope|Mercedes Lynn|Mz Kim|Jayde Kalipso|Melody Mynx|Megan Inky|Peter King|Tony Eveready|Nick Vargas|Andrea Kelly|Jason Maze|Jak Palmer|Jill Palmer|Sarah Lace|Betty Foxxx|Cristi Ann|Manda Moxxi|Lucky B|Mazzaratie Monica|Goddess Sandra|Mia Taylor|Willie|Jason Maclane|Kanada|Neil|Joey Sommers|Jarod|Top James|Franco|Billy Wild|Marc Bowman|Chocolate Luv|Reggie Yee|Rusty Rockspring|Nick Nite|Subgriff|Dennis Lee|Lena Ramon|Bob Crane|Mistress Heart|Jamie|Keith Berlin|Carly|Tony lee|Ian Frost|Bigdick Painslut|Robert Alan|Mark|Mr. N|Nash|Lakko|Ken Sleazy|Kitty McMuffin|Venus May|Tungboy|Sylviana|SubDivideMe|Kyla King|Dane Raiden|Jon|Ricosf|Mr. Eth|Damien|Pussybottomboy|Kavika|Knox|Rox|Alice Sadique|Rita Faltoyano|Sil|Rob Armory|Beau Meadows|Kitten|Nikki Nievez|Tao Jonz|Jeff Sinclaire|Julie Night|Julian Fornatora|Jake Corwin|Casper Cox|Ryan Knox|Kylee Reese|Le Rock|Johnny Law|Alexis Golden|Rusty Stevens|Tahiti Boy|Brian Mayor|Sky Burn|Kimberlee Cline|CJ Diamante|Omar Williams|Jessie Zane|Sz|Sadie Blair|Melony Melons|Leo Malone|Jenna Noelle|Lacy Tate|Alexa Vega|Poppy Morgan|Billy Watson|Amber Lynn Bach|Bibi Noel|Mike Avery|Ben Dylan|Edyn Blair|Alice Hernandez|Doll Breaka|Cee Jayy|Jayden Cox|Alana Rains|Sara Jaymes|Cierra Bell|Anita Blanche|Carlos Dickinson|Kristina Bell|Rick Masters|Ruslan Kolesnikov|Stepan|Brick Cummings|Mr Grey|Rock|James Bartholet|Magdalene St. Michaels|Kenny Kong|Henry Heston|Angel Santana|Manuel Skye|Dani Blu|Ruby Knox|Shea|Alice Electra|Tommy Angelino|Kylie|Cici Anders|Kitty Brat|Peter Winterson|Mr Sweet|Danny Luckee|Marquetta Jewel|Scott Stark|Jesse Jordan|Maty|Alexa Throat|Jon Q.|Luna Lain|Shay Laren|Sandra Otterson|Molly Brown|Alita Angel|Alice Shea|Hayli Sanders|Jessica Heart|Hadley Haze|Luka Hardon|Sergio Lagos|Baby Kxtten|Paola Hard|Ellie Luna|Esluna Love|Curved Marvin|Xander X|Kama Oxi|Miss Kataleya|Ryana|Falco White|Devils Kos|Anton Glider|Seth Strong|Jasmine Sinclair|Rok 5662|Dee Siren|Wayne Siren|Kate|FitWife Jewels|Heidi Haze|Krystal Davis|Sadie Andrews|Angel Grand|Billy Raw|Bishop Kane|Brock Hardesty|Chocolatebeast|Chris Getz|Coal Daniels|Hothubbypov|Jay Blak|Kenny Kumshot|Mrtjclean|Robb Nation|Leana Maliko|Janay 59|Katee V|Barbara|Blair Summers|Lonnie ID977|Tara Morgan|Alina Voss|Violet Moonshine|Lacee Rose|JoJo Austin|Liora Vane|Amira Mae|Leo Valentino|Serena Nikki|Scarlett Gushes|Amber Starla|Lacy Solar|Kitty Monroe|London Lavish|Aries Adore|Sapphire Rose|Winter Walker|Amber Maddie|Nicole Vaunt|Hope Blaise|Magenta Lexx|Alixx Amour|Jessie Belle|Tara Blackwell|Eva Tender|Kwini Kim|Ohana Petite|Dude22|Mira Wair|Sara Bork|Pretty Mary|Sylvia Wise|Kubera Fortuna|Boni|Wendy Raine|Veronika Charm|Utmost Restraint|Kleo|Leo|Aleks Sam|Marco Nero|Jeremie|Rebeca Villar|Natasha Rios|Black Line|Ed Junior|Axel Angelise|Yenifer Chacon|Ayumi Shinoda|Tara Knightly|Tami White|Shylar Cobi|Gus|Samantha|Shaun|Elania XOXO|Jenna Madison|Ali Jones|Bruce Williams|Lola Rose|Raylan Franco|Lucy Mendez|Lory Lace|Ava Amira|Ellie Murphy|Joey Avalon|Bradley Coocher|Cassie Lenoir|Nadia Newton|Skylar Squirts|Tony Orlando|Misty Quinn|Petra Blair|The Bitch Wife|Emily Eve|Sara Monroe|Teagan Summers|Rebecca Blue|Kiara Diane|Amy Anderssen|Pierre Woodman|Amuse De Bauche|Amelie Pure|Summer Breeze|Juicy Pearl|Ryan Bones|La Petite Blonde|Nick Steel|Olivia Blu|Paisley Osiris|Selvaggia|Amandha Fox|Nikki Anne|Dragon Lily|Princess Rae|Ashley Jane|Totaleurosex 10565|Abby Charles|Freya Dee|Valentine Baxton|Nicole|Eva|Victoria|Eva de Vil|Angie Moon|Christian Dean|Anya Akulova|Ana Spears|Cate Holiday|Isabel Love|Tony Marzo|Casey Conrad|Angel Ramiraz|James Hardon|Island Boy|Devilshots Facials|Chi Chi Medina|Sadie Kennedy|Julia Robbie|Lao Latina|Aurora Fox|Bliss Lei|Satine Summers|Luna Angel|Melody Clark|Alexia Holy|Chris Sterling|Aubree Blair|Raven Thick|Naomi Ryder|Hayley Jane|Gatita Veve|Alice Drake|Derel Kage|Numi Zarah|Nicola Morena|Ellie Shoule|Kaitlyn Katsaros|Kiki Daniels|Girthmasterr|Booty Latina|April Bigass|Jazmine White|Marie Fox|Sub Girl 811626|Naiomi Mae|My Cookie Jar|Missa Mars|Mandi Rose|Mitzi X|Jaxxon Bold|Cici Wild|Jasmine June|Jessica Aaren|Allie Paige|Eric Dikkersun|Zarina Noir|Ashley Renee|Sinnye|Amythest Stone|Ashley Blue|Jasmine Lynn|Marc Cummings|Marty Romano|Trent Tesoro|Tyler Wood|Heidi Neiss|Jordan Lee|Lori Peacock|Natasha Marie|Dave Hardman|Mickey G|Nick Night|Rod Fontana|Shawn Ricks|Alysson Sterling|Dave March|Dom Jordan|Jenna|Georgia James|Kara Hartley|Taylor Patrick|Rossa Vax|Gail Westyles|Wes|Allysin Chaynes|Anastasia Blue|Bunny Luv|Cassidey Rae|Cherry Chase|Dayton Rains|Frank Thring|Herschel Savage|Hayley Jayde|Jackie Ashe|Kaylee Sanchez|Diana Gold|Diana Lion|Elektra Angels|Jamie Brooks|Justine Ashley|Katy Caro|Priva Rey|Athena Heart|Lani Rivers|Camila Palmer|Duncan Sheen|Lucky Bee|Justice Nice|Emojizz|April Paisley|Abby Cox|Maddie May|Jenna Vive|Lando Ryder|Kiss Patricia|Kitty Carrera|Ann Joy|Helina Dream|Samantha Rouge|Lexi Victoria|Lina Babyface|Violet Clarke|Honey Bee|Hazy|Thalia Rhea|Graycee Baybee|Kell Fire|Lily Winters|Serafina Sky|Roman Raw|Jasko Fide|Fayah|Dani Marco|Rita Blue|Justina|Delfine Dahlia|Juan|Tia Tilton|Erica Boyer|Sandra Scream|Victoria Rush|Antonio Saint,,,,91,"ANY of 2,013 performers with exactly 1 post-JAV scene (materialized snapshot)"
jw:v1:special:prolific-performers,264,Prolific Performers (100+),Prolific Performers (100+),Discovery & Deep Cuts,special_prolific,new,import-ready,10596,52.2,3133,711,"{""include"":{""performers_any"":[""2"",""4"",""10"",""11"",""12"",""19"",""21"",""56"",""60"",""61"",""68"",""81"",""116"",""119"",""124"",""139"",""140"",""146"",""150"",""152"",""153"",""154"",""155"",""156"",""157"",""158"",""159"",""162"",""169"",""176"",""181"",""182"",""186"",""190"",""213"",""214"",""228"",""232"",""234"",""239"",""255"",""256"",""297"",""317"",""367"",""372"",""373"",""408"",""418"",""469"",""470"",""480"",""510"",""521"",""566"",""574"",""621"",""656"",""733"",""801"",""811"",""848"",""887"",""889"",""996"",""998"",""1219"",""3152"",""3532""]},""exclude"":{""tags_any"":[""9320""]}}",,,2|4|10|11|12|19|21|56|60|61|68|81|116|119|124|139|140|146|150|152|153|154|155|156|157|158|159|162|169|176|181|182|186|190|213|214|228|232|234|239|255|256|297|317|367|372|373|408|418|469|470|480|510|521|566|574|621|656|733|801|811|848|887|889|996|998|1219|3152|3532,Codey Steele|Alberto Blanco|Oliver Flynn|Ryan Madison|Cory Chase|Kyle Mason|Markus Dupree|Dani Daniels|Keiran Lee|Tommy Pistol|Nicole Aniston|Brooklyn Chase|Mia Malkova|Johnny Castle|Romi Rain|Johnny Sins|Derrick Pierce|Seth Gamble|Danny Mountain|Ryan McLane|Ryan Driller|Tyler Nixon|Manuel Ferrara|Riley Reid|Mick Blue|Small Hands|Chad White|Allie Haze|Abella Danger|Xander Corvus|Erik Everhard|Mr. Pete|Steve Holmes|Michael Vegas|Danny D|Ramon Nomar|Isiah Maxwell|Bill Bailey|Chris Strokes|Shane Diesel|Brandi Love|Casey Calvert|Anissa Kate|J Mac|Charles Dera|Jules Jordan|James Deen|Bobby Beefcake|Van Wylde|Stacy Cruz|Christian Clay|Scott Nails|Krissy Lynn|Luna Star|Dillion Harper|Kendra Lust|Gabbie Carter|Marley Brinx|Alexis Texas|Vince Karter|Chloe Temple|Jessie Rogers|Asa Akira|Aria Alexander|Penny Barber|April Olsen|Owen Gray|The Pope|Rissa May,,,,84,ANY of 69 performers with 100+ post-JAV scenes (materialized snapshot)
jw:v1:special:rare-performers,265,Rare Performers (<5 Scenes),Rare Performers (<5 Scenes),Discovery & Deep Cuts,special_rare_performers,new,import-ready,5212,25.68,4781,496,"{""include"":{""performers_any"":[""14"",""18"",""28"",""31"",""35"",""39"",""40"",""43"",""45"",""70"",""71"",""74"",""75"",""80"",""89"",""94"",""95"",""97"",""99"",""100"",""111"",""112"",""113"",""115"",""125"",""127"",""149"",""161"",""170"",""174"",""198"",""199"",""201"",""203"",""216"",""217"",""218"",""230"",""238"",""240"",""245"",""247"",""250"",""259"",""268"",""269"",""272"",""273"",""274"",""275"",""276"",""278"",""279"",""285"",""286"",""288"",""298"",""299"",""301"",""307"",""310"",""311"",""316"",""322"",""324"",""327"",""328"",""329"",""331"",""332"",""337"",""339"",""344"",""345"",""346"",""350"",""353"",""354"",""355"",""358"",""361"",""382"",""388"",""396"",""402"",""405"",""410"",""414"",""427"",""433"",""440"",""441"",""445"",""446"",""449"",""452"",""461"",""468"",""479"",""483"",""486"",""487"",""493"",""495"",""499"",""500"",""504"",""507"",""513"",""515"",""516"",""523"",""532"",""533"",""539"",""541"",""542"",""544"",""545"",""552"",""555"",""558"",""560"",""579"",""580"",""581"",""582"",""583"",""585"",""591"",""596"",""605"",""606"",""611"",""622"",""627"",""628"",""629"",""631"",""635"",""636"",""639"",""642"",""646"",""651"",""660"",""663"",""675"",""676"",""677"",""678"",""680"",""683"",""686"",""688"",""689"",""692"",""693"",""695"",""696"",""700"",""702"",""703"",""709"",""713"",""715"",""717"",""719"",""723"",""725"",""726"",""731"",""732"",""734"",""735"",""738"",""739"",""743"",""744"",""745"",""749"",""751"",""760"",""762"",""772"",""773"",""775"",""776"",""779"",""780"",""781"",""782"",""784"",""791"",""793"",""795"",""796"",""799"",""804"",""805"",""806"",""816"",""818"",""823"",""828"",""830"",""831"",""833"",""844"",""850"",""851"",""852"",""860"",""861"",""862"",""863"",""870"",""885"",""895"",""899"",""904"",""911"",""912"",""914"",""915"",""920"",""921"",""927"",""933"",""934"",""938"",""939"",""942"",""943"",""944"",""946"",""949"",""952"",""953"",""954"",""956"",""957"",""961"",""965"",""966"",""967"",""968"",""971"",""972"",""975"",""977"",""980"",""984"",""988"",""989"",""997"",""1001"",""1005"",""1009"",""1011"",""1015"",""1019"",""1026"",""1027"",""1031"",""1036"",""1038"",""1041"",""1046"",""1047"",""1052"",""1053"",""1054"",""1058"",""1059"",""1061"",""1062"",""1065"",""1075"",""1077"",""1084"",""1086"",""1096"",""1102"",""1104"",""1108"",""1110"",""1122"",""1129"",""1131"",""1133"",""1150"",""1153"",""1154"",""1159"",""1165"",""1168"",""1175"",""1176"",""1179"",""1182"",""1183"",""1188"",""1189"",""1190"",""1192"",""1193"",""1194"",""1197"",""1199"",""1200"",""1202"",""1203"",""1204"",""1205"",""1207"",""1208"",""1210"",""1211"",""1212"",""1217"",""1221"",""1223"",""1224"",""1226"",""1230"",""1231"",""1236"",""1237"",""1240"",""1241"",""1243"",""1246"",""1247"",""1249"",""1250"",""1251"",""1252"",""1253"",""1258"",""1259"",""1260"",""1261"",""1262"",""1266"",""1268"",""1269"",""1270"",""1273"",""1276"",""1277"",""1279"",""1280"",""1283"",""1284"",""1285"",""1289"",""1290"",""1291"",""1292"",""1297"",""1302"",""1305"",""1306"",""1309"",""1310"",""1311"",""1314"",""1316"",""1317"",""1319"",""1321"",""1322"",""1324"",""1328"",""1329"",""1331"",""1336"",""1340"",""1341"",""1343"",""1345"",""1347"",""1349"",""1350"",""1355"",""1357"",""1358"",""1359"",""1360"",""1362"",""1363"",""1365"",""1366"",""1370"",""1371"",""1375"",""1376"",""1383"",""1384"",""1385"",""1387"",""1388"",""1390"",""1392"",""1394"",""1464"",""1510"",""1511"",""1514"",""1516"",""1517"",""1524"",""1525"",""1526"",""1527"",""1529"",""1530"",""1541"",""1543"",""1544"",""1551"",""1553"",""1554"",""1558"",""1568"",""1570"",""1571"",""1572"",""1573"",""1574"",""1576"",""1579"",""1582"",""1585"",""1587"",""1592"",""1602"",""1604"",""1605"",""1606"",""1607"",""1611"",""1614"",""1617"",""1619"",""1620"",""1624"",""1627"",""1628"",""1629"",""1639"",""1647"",""1649"",""1652"",""1653"",""1654"",""1659"",""1660"",""1666"",""1667"",""1669"",""1677"",""1679"",""1687"",""1694"",""1701"",""1703"",""1704"",""1705"",""1706"",""1710"",""1716"",""1718"",""1719"",""1722"",""1724"",""1726"",""1729"",""1730"",""1731"",""1735"",""1736"",""1738"",""1740"",""1742"",""1743"",""1745"",""1746"",""1747"",""1748"",""1750"",""1751"",""1752"",""1754"",""1764"",""1766"",""1773"",""1776"",""1779"",""1782"",""1788"",""1792"",""1796"",""1799"",""1803"",""1804"",""1805"",""1806"",""1810"",""1811"",""1814"",""1815"",""1817"",""1820"",""1821"",""1823"",""1824"",""1826"",""1828"",""1830"",""1831"",""1833"",""1834"",""1835"",""1837"",""1841"",""1843"",""1848"",""1851"",""1853"",""1854"",""1856"",""1860"",""1862"",""1864"",""1865"",""1866"",""1867"",""1868"",""1869"",""1871"",""1872"",""1875"",""1876"",""1880"",""1881"",""1883"",""1884"",""1887"",""1892"",""1893"",""1894"",""1895"",""1901"",""1905"",""1908"",""1911"",""1912"",""1914"",""1915"",""1916"",""1917"",""1918"",""1919"",""1927"",""1928"",""1931"",""1932"",""1933"",""1937"",""1943"",""1948"",""1952"",""1953"",""1959"",""1961"",""1965"",""1966"",""1971"",""1973"",""1977"",""1978"",""1979"",""1981"",""1982"",""1983"",""1985"",""1986"",""1987"",""1989"",""1991"",""1994"",""1995"",""1996"",""1998"",""1999"",""2001"",""2003"",""2004"",""2006"",""2007"",""2008"",""2010"",""2011"",""2012"",""2013"",""2024"",""2026"",""2030"",""2031"",""2032"",""2033"",""2035"",""2036"",""2038"",""2040"",""2041"",""2043"",""2135"",""2138"",""2139"",""2141"",""2142"",""2145"",""2146"",""2147"",""2148"",""2150"",""2151"",""2153"",""2158"",""2384"",""2385"",""2386"",""2387"",""2389"",""2403"",""2408"",""2411"",""2416"",""2419"",""2422"",""2423"",""2425"",""2426"",""2436"",""2441"",""2443"",""2447"",""2448"",""2451"",""2452"",""2454"",""2458"",""2459"",""2460"",""2461"",""2473"",""2474"",""2475"",""2481"",""2482"",""2490"",""2492"",""2495"",""2497"",""2499"",""2501"",""2504"",""2507"",""2508"",""2510"",""2515"",""2516"",""2529"",""2531"",""2533"",""2536"",""2537"",""2542"",""2543"",""2544"",""2545"",""2546"",""2550"",""2553"",""2555"",""2560"",""2561"",""2565"",""2566"",""2568"",""2569"",""2570"",""2571"",""2572"",""2573"",""2574"",""2575"",""2576"",""2577"",""2579"",""2580"",""2583"",""2585"",""2590"",""2592"",""2595"",""2598"",""2606"",""2610"",""2611"",""2613"",""2615"",""2620"",""2621"",""2622"",""2626"",""2627"",""2628"",""2629"",""2631"",""2632"",""2633"",""2634"",""2635"",""2636"",""2637"",""2639"",""2640"",""2641"",""2643"",""2644"",""2645"",""2646"",""2647"",""2648"",""2649"",""2651"",""2652"",""2653"",""2654"",""2660"",""2661"",""2671"",""2674"",""2678"",""2683"",""2685"",""2700"",""2701"",""2702"",""2705"",""2706"",""2707"",""2708"",""2713"",""2718"",""2722"",""2724"",""2725"",""2729"",""2743"",""2745"",""2754"",""2755"",""2757"",""2762"",""2763"",""2766"",""2778"",""2783"",""2788"",""2792"",""2794"",""2798"",""2801"",""2807"",""2810"",""2811"",""2820"",""2826"",""2834"",""2838"",""2847"",""2854"",""2856"",""2864"",""2880"",""2885"",""2890"",""2897"",""2906"",""2910"",""2915"",""2920"",""2921"",""2924"",""2925"",""2927"",""2928"",""2929"",""2930"",""2931"",""2932"",""2936"",""2937"",""2938"",""2939"",""2940"",""2941"",""2942"",""2943"",""2944"",""2946"",""2947"",""2948"",""2949"",""2950"",""2951"",""2952"",""2953"",""2954"",""2955"",""2956"",""2960"",""2961"",""2962"",""2963"",""2965"",""2967"",""2968"",""2970"",""2971"",""2972"",""2973"",""2974"",""2975"",""2976"",""2977"",""2979"",""2980"",""2981"",""2982"",""2983"",""2984"",""2985"",""2986"",""2987"",""2988"",""2990"",""2991"",""2992"",""2993"",""2994"",""2995"",""2996"",""2998"",""3000"",""3001"",""3002"",""3003"",""3004"",""3005"",""3006"",""3007"",""3008"",""3009"",""3010"",""3011"",""3012"",""3013"",""3015"",""3017"",""3018"",""3019"",""3020"",""3021"",""3022"",""3023"",""3024"",""3025"",""3026"",""3027"",""3028"",""3030"",""3033"",""3034"",""3035"",""3036"",""3038"",""3039"",""3040"",""3041"",""3042"",""3043"",""3044"",""3045"",""3046"",""3047"",""3048"",""3049"",""3052"",""3053"",""3054"",""3055"",""3056"",""3057"",""3058"",""3059"",""3060"",""3061"",""3062"",""3063"",""3064"",""3065"",""3066"",""3069"",""3070"",""3071"",""3072"",""3073"",""3076"",""3077"",""3078"",""3079"",""3080"",""3081"",""3084"",""3085"",""3088"",""3089"",""3090"",""3092"",""3093"",""3094"",""3095"",""3096"",""3098"",""3099"",""3100"",""3101"",""3102"",""3104"",""3105"",""3106"",""3107"",""3108"",""3109"",""3110"",""3111"",""3112"",""3113"",""3114"",""3116"",""3117"",""3118"",""3119"",""3120"",""3121"",""3122"",""3123"",""3125"",""3126"",""3127"",""3129"",""3130"",""3132"",""3133"",""3134"",""3136"",""3139"",""3141"",""3142"",""3143"",""3144"",""3145"",""3147"",""3149"",""3153"",""3155"",""3156"",""3157"",""3158"",""3159"",""3160"",""3165"",""3166"",""3168"",""3169"",""3170"",""3171"",""3172"",""3174"",""3176"",""3177"",""3178"",""3235"",""3237"",""3238"",""3239"",""3244"",""3254"",""3255"",""3259"",""3260"",""3263"",""3264"",""3265"",""3267"",""3273"",""3275"",""3277"",""3278"",""3279"",""3282"",""3295"",""3304"",""3309"",""3320"",""3321"",""3322"",""3325"",""3328"",""3329"",""3330"",""3331"",""3333"",""3336"",""3341"",""3343"",""3345"",""3346"",""3354"",""3357"",""3359"",""3368"",""3370"",""3371"",""3373"",""3382"",""3383"",""3385"",""3389"",""3390"",""3391"",""3392"",""3393"",""3395"",""3396"",""3398"",""3399"",""3400"",""3401"",""3402"",""3405"",""3407"",""3409"",""3410"",""3413"",""3415"",""3416"",""3417"",""3418"",""3419"",""3420"",""3421"",""3422"",""3423"",""3425"",""3426"",""3428"",""3429"",""3430"",""3431"",""3432"",""3434"",""3435"",""3436"",""3437"",""3438"",""3439"",""3440"",""3441"",""3442"",""3443"",""3444"",""3445"",""3446"",""3449"",""3453"",""3454"",""3455"",""3457"",""3458"",""3459"",""3460"",""3461"",""3462"",""3463"",""3464"",""3466"",""3467"",""3468"",""3469"",""3471"",""3472"",""3473"",""3474"",""3475"",""3476"",""3477"",""3479"",""3480"",""3481"",""3482"",""3484"",""3486"",""3487"",""3489"",""3490"",""3510"",""3513"",""3520"",""3521"",""3522"",""3525"",""3526"",""3527"",""3528"",""3529"",""3530"",""3531"",""3534"",""3535"",""3541"",""3544"",""3545"",""3546"",""3548"",""3549"",""3550"",""3551"",""3552"",""3553"",""3557"",""3578"",""3583"",""3587"",""3609"",""3612"",""3616"",""3617"",""3618"",""3621"",""3629"",""3633"",""3640"",""3643"",""3649"",""3652"",""3653"",""3654"",""3656"",""3657"",""3659"",""3660"",""3661"",""3663"",""3664"",""3665"",""3668"",""3669"",""3670"",""3673"",""3704"",""3711"",""3721"",""3722"",""3723"",""3724"",""3725"",""3726"",""3727"",""3728"",""3730"",""3731"",""3732"",""3733"",""3734"",""3735"",""3737"",""3738"",""3739"",""3741"",""3742"",""3743"",""3744"",""3745"",""3747"",""3748"",""3749"",""3750"",""3751"",""3752"",""3753"",""3754"",""3755"",""3756"",""3757"",""3758"",""3759"",""3762"",""3763"",""3766"",""3770"",""3771"",""3775"",""3778"",""3780"",""3781"",""3782"",""3785"",""3786"",""3788"",""3792"",""3793"",""3799"",""3800"",""3801"",""3802"",""3803"",""3804"",""3805"",""3813"",""3814"",""3816"",""3822"",""3825"",""3828"",""3829"",""3830"",""3832"",""3835"",""3851"",""3852"",""3868"",""3869"",""3870"",""3872"",""3873"",""3874"",""3875"",""3876"",""3877"",""3878"",""3880"",""3884"",""3885"",""3886"",""3893"",""3894"",""3897"",""3901"",""3902"",""3903"",""3904"",""3909"",""3913"",""3914"",""3915"",""3919"",""3920"",""3921"",""3928"",""3930"",""3933"",""3936"",""3937"",""3938"",""3942"",""3943"",""3944"",""3946"",""3947"",""3948"",""3951"",""3961"",""3969"",""3972"",""3979"",""3982"",""3984"",""3986"",""3987"",""3988"",""3990"",""3992"",""3996"",""4004"",""4008"",""4010"",""4012"",""4013"",""4014"",""4017"",""4026"",""4027"",""4028"",""4029"",""4030"",""4032"",""4036"",""4040"",""4044"",""4045"",""4047"",""4050"",""4051"",""4057"",""4059"",""4062"",""4066"",""4068"",""4069"",""4075"",""4077"",""4079"",""4080"",""4081"",""4084"",""4092"",""4095"",""4096"",""4097"",""4098"",""4099"",""4102"",""4103"",""4109"",""4111"",""4112"",""4114"",""4119"",""4120"",""4121"",""4122"",""4125"",""4126"",""4128"",""4129"",""4131"",""4132"",""4136"",""4137"",""4221"",""4235"",""4238"",""4239"",""4240"",""4251"",""4260"",""4261"",""4263"",""4267"",""4270"",""4273"",""4277"",""4281"",""4282"",""4283"",""4285"",""4290"",""4291"",""4298"",""4299"",""4301"",""4302"",""4303"",""4304"",""4305"",""4306"",""4308"",""4326"",""4332"",""4334"",""4338"",""4342"",""4343"",""4345"",""4346"",""4348"",""4349"",""4350"",""4351"",""4353"",""4355"",""4356"",""4357"",""4360"",""4361"",""4362"",""4363"",""4364"",""4365"",""4367"",""4369"",""4371"",""4373"",""4374"",""4375"",""4376"",""4378"",""4380"",""4382"",""4383"",""4385"",""4386"",""4388"",""4391"",""4392"",""4393"",""4394"",""4395"",""4397"",""4398"",""4401"",""4404"",""4405"",""4406"",""4407"",""4408"",""4409"",""4410"",""4411"",""4412"",""4413"",""4414"",""4415"",""4416"",""4417"",""4418"",""4419"",""4420"",""4421"",""4422"",""4423"",""4424"",""4425"",""4426"",""4427"",""4428"",""4429"",""4430"",""4431"",""4432"",""4433"",""4434"",""4435"",""4436"",""4437"",""4438"",""4439"",""4440"",""4441"",""4442"",""4443"",""4444"",""4445"",""4446"",""4447"",""4448"",""4449"",""4450"",""4451"",""4452"",""4453"",""4454"",""4455"",""4456"",""4457"",""4458"",""4459"",""4461"",""4462"",""4463"",""4464"",""4465"",""4466"",""4468"",""4470"",""4471"",""4472"",""4473"",""4474"",""4475"",""4476"",""4477"",""4478"",""4479"",""4480"",""4481"",""4482"",""4483"",""4484"",""4485"",""4486"",""4489"",""4507"",""4510"",""4512"",""4515"",""4516"",""4517"",""4519"",""4520"",""4521"",""4523"",""4525"",""4526"",""4527"",""4529"",""4538"",""4539"",""4542"",""4543"",""4545"",""4546"",""4548"",""4550"",""4551"",""4552"",""4553"",""4554"",""4555"",""4556"",""4557"",""4562"",""4564"",""4565"",""4567"",""4570"",""4573"",""4575"",""4580"",""4583"",""4587"",""4588"",""4589"",""4605"",""4612"",""4615"",""4616"",""4617"",""4620"",""4621"",""4622"",""4623"",""4624"",""4629"",""4630"",""4631"",""4632"",""4633"",""4634"",""4635"",""4636"",""4637"",""4639"",""4640"",""4641"",""4642"",""4643"",""4644"",""4645"",""4646"",""4647"",""4648"",""4649"",""4650"",""4651"",""4652"",""4654"",""4655"",""4656"",""4657"",""4658"",""4659"",""4660"",""4661"",""4662"",""4663"",""4664"",""4665"",""4666"",""4667"",""4668"",""4669"",""4670"",""4671"",""4672"",""4674"",""4676"",""4677"",""4678"",""4679"",""4680"",""4682"",""4683"",""4685"",""4686"",""4687"",""4688"",""4689"",""4690"",""4692"",""4693"",""4694"",""4695"",""4696"",""4697"",""4698"",""4699"",""4700"",""4701"",""4702"",""4703"",""4704"",""4705"",""4707"",""4708"",""4709"",""4710"",""4711"",""4712"",""4713"",""4714"",""4715"",""4716"",""4717"",""4718"",""4719"",""4720"",""4721"",""4722"",""4723"",""4724"",""4725"",""4726"",""4727"",""4728"",""4729"",""4730"",""4731"",""4732"",""4733"",""4734"",""4735"",""4736"",""4737"",""4740"",""4741"",""4743"",""4744"",""4745"",""4747"",""4748"",""4750"",""4752"",""4754"",""4757"",""4758"",""4759"",""4760"",""4763"",""4767"",""4768"",""4769"",""4774"",""4775"",""4776"",""4777"",""4778"",""4781"",""4782"",""4784"",""4785"",""4786"",""4804"",""4805"",""4806"",""4807"",""4808"",""4809"",""4811"",""4816"",""4820"",""4821"",""4828"",""4831"",""4834"",""4836"",""4837"",""4838"",""4839"",""4841"",""4843"",""4844"",""4845"",""4848"",""4849"",""4850"",""4851"",""4854"",""4855"",""4856"",""4858"",""4860"",""4861"",""4863"",""4864"",""4865"",""4866"",""4867"",""4868"",""4870"",""4873"",""4875"",""4876"",""4879"",""4882"",""4883"",""4884"",""4885"",""4888"",""4889"",""4892"",""4894"",""4897"",""4899"",""4921"",""4927"",""4929"",""4930"",""4933"",""4954"",""4960"",""4977"",""4978"",""4979"",""4981"",""4984"",""4985"",""4986"",""4990"",""4991"",""4993"",""4994"",""4995"",""4998"",""4999"",""5000"",""5001"",""5003"",""5007"",""5008"",""5009"",""5011"",""5013"",""5014"",""5035"",""5036"",""5037"",""5038"",""5041"",""5042"",""5043"",""5044"",""5046"",""5047"",""5048"",""5049"",""5050"",""5051"",""5053"",""5060"",""5062"",""5070"",""5072"",""5073"",""5075"",""5077"",""5078"",""5079"",""5080"",""5084"",""5088"",""5092"",""5094"",""5096"",""5100"",""5101"",""5103"",""5107"",""5119"",""5121"",""5126"",""5127"",""5128"",""5131"",""5133"",""5134"",""5139"",""5140"",""5141"",""5143"",""5144"",""5145"",""5146"",""5147"",""5148"",""5149"",""5151"",""5152"",""5153"",""5159"",""5168"",""5171"",""5172"",""5174"",""5175"",""5176"",""5177"",""5181"",""5184"",""5185"",""5186"",""5187"",""5188"",""5189"",""5190"",""5191"",""5192"",""5193"",""5194"",""5197"",""5198"",""5199"",""5200"",""5201"",""5202"",""5203"",""5204"",""5205"",""5206"",""5207"",""5209"",""5210"",""5211"",""5212"",""5215"",""5218"",""5219"",""5220"",""5221"",""5222"",""5223"",""5224"",""5225"",""5226"",""5227"",""5228"",""5231"",""5232"",""5233"",""5234"",""5235"",""5237"",""5238"",""5240"",""5241"",""5242"",""5245"",""5246"",""5247"",""5248"",""5250"",""5251"",""5252"",""5253"",""5255"",""5259"",""5260"",""5267"",""5268"",""5278"",""5279"",""5280"",""5288"",""5293"",""5296"",""5297"",""5298"",""5299"",""5304"",""5306"",""5308"",""5312"",""5317"",""5319"",""5335"",""5337"",""5338"",""5339"",""5342"",""5343"",""5351"",""5356"",""5357"",""5363"",""5364"",""5367"",""5368"",""5372"",""5380"",""5381"",""5384"",""5404"",""5405"",""5428"",""5431"",""5432"",""5439"",""5442"",""5443"",""5446"",""5449"",""5458"",""5459"",""5460"",""5461"",""5466"",""5467"",""5475"",""5477"",""5479"",""5480"",""5482"",""5484"",""5485"",""5496"",""5506"",""5510"",""5513"",""5515"",""5516"",""5517"",""5518"",""5520"",""5521"",""5522"",""5523"",""5524"",""5525"",""5526"",""5527"",""5528"",""5529"",""5530"",""5531"",""5532"",""5533"",""5535"",""5536"",""5537"",""5538"",""5539"",""5540"",""5541"",""5542"",""5543"",""5545"",""5547"",""5551"",""5552"",""5557"",""5563"",""5564"",""5565"",""5566"",""5572"",""5574"",""5575"",""5576"",""5577"",""5578"",""5579"",""5581"",""5582"",""5584"",""5586"",""5587"",""5588"",""5589"",""5591"",""5592"",""5594"",""5600"",""5601"",""5602"",""5603"",""5604"",""5606"",""5607"",""5608"",""5609"",""5617"",""5618"",""5619"",""5621"",""5628"",""5631"",""5637"",""5642"",""5644"",""5648"",""5657"",""5658"",""5659"",""5661"",""5667"",""5670"",""5677"",""5696"",""5705"",""5707"",""5708"",""5709"",""5710"",""5711"",""5712"",""5714"",""5715"",""5716"",""5720"",""5721"",""5722"",""5724"",""5725"",""5726"",""5727"",""5728"",""5729"",""5731"",""5732"",""5733"",""5734"",""5737"",""5738"",""5740"",""5741"",""5746"",""5748"",""5749"",""5750"",""5751"",""5752"",""5753"",""5756"",""5757"",""5759"",""5761"",""5762"",""5763"",""5764"",""5765"",""5766"",""5767"",""5768"",""5769"",""5771"",""5772"",""5773"",""5775"",""5776"",""5777"",""5778"",""5779"",""5790"",""5796"",""5797"",""5805"",""5806"",""5807"",""5808"",""5809"",""5810"",""5811"",""5812"",""5813"",""5814"",""5815"",""5816"",""5817"",""5819"",""5820"",""5821"",""5822"",""5823"",""5824"",""5825"",""5826"",""5827"",""5828"",""5829"",""5830"",""5831"",""5833"",""5837"",""5841"",""5842"",""5843"",""5844"",""5845"",""5847"",""5848"",""5850"",""5855"",""5859"",""5867"",""5868"",""5874"",""5875"",""5880"",""5884"",""5886"",""5887"",""5894"",""5895"",""5898"",""5901"",""5902"",""5906"",""5907"",""5908"",""5909"",""5912"",""5913"",""5914"",""5915"",""5916"",""5919"",""5921"",""5924"",""5926"",""5990"",""5991"",""5992"",""5993"",""5994"",""5995"",""5996"",""5997"",""5998"",""5999"",""6000"",""6001"",""6002"",""6003"",""6004"",""6011"",""6018"",""6022"",""6023"",""6024"",""6025"",""6026"",""6027"",""6033"",""6034"",""6043"",""6046"",""6047"",""6048"",""6049"",""6050"",""6051"",""6052"",""6053"",""6054"",""6055"",""6056"",""6057"",""6058"",""6059"",""6063"",""6064"",""6065"",""6066"",""6067"",""6069"",""6070"",""6106"",""6107"",""6110"",""6118"",""6119"",""6127"",""6133"",""6156"",""6157"",""6163"",""6172"",""6179"",""6193"",""6279"",""6287"",""6298"",""6302"",""6303"",""6304"",""6323"",""6330"",""6332"",""6339"",""6340"",""6342"",""6346"",""6347"",""6348"",""6349"",""6350"",""6351"",""6353"",""6361"",""6363"",""6367"",""6370"",""6376"",""6396"",""6401"",""6403"",""6404"",""6412"",""6415"",""6416"",""6417"",""6418"",""6419"",""6420"",""6421"",""6423"",""6428"",""6429"",""6430"",""6431"",""6435"",""6436"",""6437"",""6438"",""6439"",""6440"",""6441"",""6443"",""6444"",""6445"",""6446"",""6447"",""6448"",""6449"",""6465"",""6468"",""6470"",""6471"",""6473"",""6475"",""6497"",""6498"",""6500"",""6514"",""6515"",""6516"",""6517"",""6518"",""6519"",""6520"",""6522"",""6523"",""6524"",""6525"",""6526"",""6527"",""6528"",""6529"",""6530"",""6531"",""6532"",""6533"",""6534"",""6535"",""6536"",""6537"",""6538"",""6539"",""6558"",""6559"",""6560"",""6561"",""6562"",""6563"",""6564"",""6565"",""6566"",""6567"",""6569"",""6570"",""6571"",""6572"",""6573"",""6574"",""6575"",""6576"",""6578"",""6579"",""6583"",""6604"",""6606"",""6609"",""6641"",""6648"",""6649"",""6652"",""6659"",""6668"",""6688"",""6691"",""6692"",""6693"",""6695"",""6696"",""6697"",""6698"",""6699"",""6700"",""6701"",""6702"",""6714"",""6717"",""6719"",""6720"",""6722"",""6723"",""6724"",""6725"",""6727"",""6728"",""6729"",""6751"",""6752"",""6753"",""6754"",""6755"",""6761"",""6763"",""6764"",""6766"",""6768"",""6770"",""6771"",""6774"",""6779"",""6780"",""6781"",""6782"",""6783"",""6795"",""6796"",""6797"",""6798"",""6799"",""6800"",""6801"",""6802"",""6803"",""6806"",""6807"",""6808"",""6809"",""6810"",""6811"",""6812"",""6813"",""6814"",""6816"",""6817"",""6818"",""6819"",""6820"",""6821"",""6822"",""6823"",""6827"",""6828"",""6829"",""6843"",""6844"",""6845"",""6846"",""6847"",""6848"",""6849"",""6850"",""6851"",""6852"",""6856"",""6858"",""6859"",""6860"",""6861"",""6862"",""6863"",""6864"",""6865"",""6866"",""6867"",""6868"",""6869"",""6870"",""6871"",""6872"",""6873"",""6874"",""6875"",""6876"",""6877"",""6879"",""6880"",""6882"",""6883"",""6884"",""6885"",""6886"",""6887"",""6888"",""6889"",""6890"",""6891"",""6892"",""6893"",""6894"",""6895"",""6896"",""6897"",""6898"",""6899"",""6901"",""6902"",""6903"",""6904"",""6905"",""6906"",""6909"",""6910"",""6911"",""6912"",""6913"",""6914"",""6915"",""6916"",""6917"",""6919"",""6922"",""6923"",""6924"",""6925"",""6926"",""6927"",""6929"",""6930"",""6931"",""6932"",""6933"",""6934"",""6935"",""6936"",""6937"",""6938"",""6939"",""6940"",""6941"",""6942"",""6943"",""6944"",""6945"",""6950"",""6951"",""6954"",""6960"",""6961"",""6962"",""6963"",""6965"",""6967"",""6968"",""6971"",""6972"",""6973"",""6975"",""6976"",""6979"",""6980"",""6982"",""6983"",""6984"",""6985"",""6989"",""6990"",""6994"",""6995"",""6996"",""6997"",""6998"",""7002"",""7004"",""7006"",""7007"",""7010"",""7013"",""7015"",""7017"",""7019"",""7020"",""7021"",""7022"",""7023"",""7024"",""7025"",""7026"",""7027"",""7028"",""7029"",""7030"",""7032"",""7034"",""7035"",""7037"",""7038"",""7040"",""7041"",""7042"",""7062"",""7074"",""7075"",""7077"",""7078"",""7079"",""7080"",""7117"",""7137"",""7138"",""7139"",""7140"",""7141"",""7142"",""7143"",""7144"",""7145"",""7146"",""7147"",""7148"",""7149"",""7150"",""7151"",""7152"",""7153"",""7154"",""7155"",""7156"",""7157"",""7158"",""7159"",""7161"",""7162"",""7163"",""7164"",""7165"",""7166"",""7167"",""7168"",""7169"",""7170"",""7171"",""7172"",""7173"",""7174"",""7176"",""7177"",""7178"",""7179"",""7180"",""7181"",""7182"",""7183"",""7184"",""7185"",""7186"",""7187"",""7188"",""7189"",""7190"",""7191"",""7192"",""7193"",""7194"",""7196"",""7197"",""7201"",""7202"",""7203"",""7204"",""7205"",""7206"",""7208"",""7209"",""7210"",""7211"",""7219"",""7226"",""7227"",""7228"",""7230"",""7236"",""7245"",""7246"",""7247"",""7248"",""7249"",""7250"",""7274"",""7275"",""7276"",""7281"",""7285"",""7286"",""7307"",""7313"",""7319"",""7365"",""7369"",""7380"",""7386"",""7387"",""7388"",""7389"",""7394"",""7395"",""7396"",""7399"",""7401"",""7402"",""7403"",""7404"",""7405"",""7407"",""7408"",""7409"",""7410"",""7411"",""7413"",""7416"",""7417"",""7418"",""7419"",""7429"",""7430"",""7431"",""7432"",""7435"",""7446"",""7452"",""7459"",""7460"",""7461"",""7462"",""7464"",""7495"",""7496"",""7504"",""7549"",""7550"",""7551"",""7552"",""7553"",""7554"",""7556"",""7557"",""7558"",""7559"",""7560"",""7561"",""7562"",""7563"",""7564"",""7566"",""7567"",""7569"",""7570"",""7571"",""7572"",""7573"",""7574"",""7575"",""7576"",""7577"",""7578"",""7579"",""7580"",""7581"",""7582"",""7583"",""7584"",""7585"",""7586"",""7587"",""7588"",""7589"",""7590"",""7592"",""7593"",""7597"",""7598"",""7599"",""7600"",""7601"",""7610"",""7611"",""7746"",""7747"",""7748"",""7749"",""7750"",""7751"",""7752"",""7753"",""7754"",""7755"",""7756"",""7764"",""7765"",""7766"",""7767"",""7768"",""7770"",""7771"",""7773"",""7774"",""7775"",""7776"",""7777"",""7782"",""7783"",""7784"",""7785"",""7790"",""7791"",""7792"",""7793"",""7794"",""7796"",""7797"",""7805"",""7806"",""7807"",""7808"",""7810"",""7811"",""7812"",""7813"",""7814"",""7815"",""7817"",""7818"",""7819"",""7820"",""7821"",""7822"",""7823"",""7824"",""7825"",""7826"",""7829"",""7830"",""7832"",""7833"",""7834"",""7836"",""7837"",""7839"",""7840"",""7855"",""7858"",""7862"",""7863"",""7865"",""7876"",""7878"",""7880"",""7886"",""7900"",""7925"",""7947"",""7949"",""7950"",""8003"",""8004"",""8005"",""8031"",""8062"",""8063"",""8064"",""8065"",""8066"",""8067"",""8068"",""8073"",""8115"",""8116"",""8214"",""8215"",""8216"",""8217"",""8218"",""8220"",""8223"",""8224"",""8225"",""8226"",""8227"",""8228"",""8229"",""8230"",""8231"",""8255"",""8256"",""8257"",""8258"",""8259"",""8260"",""8265"",""8266"",""8267"",""8268"",""8269"",""8270"",""8272"",""8273"",""8274"",""8275"",""8276"",""8277"",""8281"",""8283"",""8286"",""8294"",""8300"",""8301"",""8312"",""8314"",""8316"",""8319"",""8320"",""8330"",""8331"",""8333"",""8339"",""8340"",""8343"",""8344"",""8345"",""8346"",""8347"",""8348"",""8349"",""8350"",""8351"",""8352"",""8353"",""8354"",""8355"",""8356"",""8357"",""8361"",""8362"",""8363"",""8364"",""8365"",""8366"",""8367"",""8368"",""8369"",""8370"",""8371"",""8374"",""8375"",""8376"",""8378"",""8379"",""8380"",""8381"",""8382"",""8383"",""8384"",""8385"",""8386"",""8387"",""8388"",""8389"",""8390"",""8391"",""8392"",""8393"",""8394"",""8395"",""8396"",""8397"",""8398"",""8399"",""8400"",""8401"",""8402"",""8404"",""8405"",""8406"",""8407"",""8408"",""8410"",""8411"",""8412"",""8413"",""8416"",""8417"",""8419"",""8420"",""8421"",""8422"",""8423"",""8424"",""8425"",""8426"",""8427"",""8428"",""8429"",""8430"",""8431"",""8432"",""8435"",""8436"",""8437"",""8438"",""8439"",""8440"",""8441"",""8442"",""8443"",""8444"",""8445"",""8446"",""8447"",""8449"",""8450"",""8451"",""8452"",""8453"",""8454"",""8455"",""8456"",""8458"",""8459"",""8460"",""8461"",""8462"",""8463"",""8464"",""8465"",""8466"",""8467"",""8468"",""8469"",""8470"",""8471"",""8472"",""8473"",""8474"",""8475"",""8476"",""8478"",""8479"",""8485"",""8486"",""8487"",""8488"",""8489"",""8491"",""8500"",""8504"",""8505"",""8506"",""8508"",""8509"",""8511"",""8512"",""8513"",""8514"",""8515"",""8516"",""8517"",""8518"",""8521"",""8522"",""8523"",""8524"",""8525"",""8527"",""8528"",""8529"",""8530"",""8531"",""8532"",""8533"",""8534"",""8535"",""8537"",""8538"",""8539"",""8540"",""8541"",""8542"",""8543"",""8545"",""8546"",""8547"",""8548"",""8549"",""8550"",""8551"",""8553"",""8554"",""8555"",""8556"",""8557"",""8559"",""8560"",""8562"",""8564"",""8565"",""8566"",""8567"",""8568"",""8569"",""8572"",""8573"",""8574"",""8576"",""8579"",""8580"",""8581"",""8582"",""8583"",""8584"",""8585"",""8586"",""8587"",""8588"",""8590"",""8592"",""8593"",""8595"",""8596"",""8597"",""8598"",""8599"",""8600"",""8601"",""8602"",""8604"",""8605"",""8606"",""8607"",""8609"",""8610"",""8611"",""8612"",""8614"",""8615"",""8616"",""8617"",""8618"",""8619"",""8620"",""8621"",""8623"",""8624"",""8626"",""8627"",""8628"",""8629"",""8630"",""8631"",""8632"",""8633"",""8634"",""8635"",""8636"",""8637"",""8639"",""8640"",""8641"",""8642"",""8643"",""8644"",""8645"",""8646"",""8647"",""8648"",""8649"",""8650"",""8651"",""8652"",""8653"",""8654"",""8655"",""8656"",""8657"",""8658"",""8659"",""8660"",""8661"",""8662"",""8663"",""8664"",""8665"",""8666"",""8667"",""8668"",""8669"",""8670"",""8671"",""8672"",""8673"",""8674"",""8675"",""8676"",""8677"",""8678"",""8679"",""8680"",""8681"",""8682"",""8683"",""8684"",""8685"",""8686"",""8687"",""8688"",""8689"",""8690"",""8691"",""8694"",""8705"",""8753"",""8754"",""8755"",""8757"",""8758"",""8759"",""8760"",""8761"",""8762"",""8763"",""8764"",""8765"",""8766"",""8767"",""8768"",""8769"",""8770"",""8771"",""8772"",""8773"",""8774"",""8775"",""8776"",""8777"",""8778"",""8779"",""8780"",""8781"",""8782"",""8783"",""8784"",""8785"",""8786"",""8787"",""8788"",""8789"",""8790"",""8791"",""8792"",""8793"",""8794"",""8795"",""8796"",""8798"",""8799"",""8800"",""8801"",""8802"",""8803"",""8804"",""8805"",""8806"",""8807"",""8808"",""8809"",""8810"",""8811"",""8812"",""8813"",""8814"",""8815"",""8816"",""8817"",""8818"",""8819"",""8820"",""8821"",""8822"",""8823"",""8824"",""8825"",""8826"",""8827"",""8828"",""8829"",""8830"",""8831"",""8832"",""8833"",""8834"",""8835"",""8836"",""8837"",""8838"",""8839"",""8840"",""8841"",""8842"",""8843"",""8846"",""8847"",""8848"",""8849"",""8850"",""8851"",""8852"",""8853"",""8854"",""8855"",""8856"",""8857"",""8858"",""8859"",""8860"",""8861"",""8862"",""8863"",""8864"",""8865"",""8866"",""8867"",""8868"",""8869"",""8870"",""8871"",""8872"",""8873"",""8874"",""8875"",""8876"",""8877"",""8878"",""8879"",""8880"",""8881"",""8882"",""8883"",""8884"",""8885"",""8887"",""8888"",""8889"",""8890"",""8891"",""8892"",""8893"",""8894"",""8895"",""8896"",""8898"",""8899"",""8900"",""8901"",""8902"",""8903"",""8904"",""8905"",""8906"",""8907"",""8909"",""8910"",""8911"",""8912"",""8915"",""8916"",""8917"",""8918"",""8919"",""8920"",""8921"",""8922"",""8923"",""8924"",""8934"",""8964"",""8965"",""8966"",""8967"",""8968"",""8972"",""8973"",""8974"",""8975"",""8977"",""8978"",""8979"",""8981"",""8982"",""8983"",""8984"",""8985"",""8986"",""8988"",""8989"",""8990"",""8991"",""8992"",""8993"",""8994"",""8995"",""8996"",""8997"",""8998"",""8999"",""9000"",""9002"",""9003"",""9004"",""9005"",""9006"",""9007"",""9008"",""9009"",""9010"",""9011"",""9013"",""9014"",""9015"",""9016"",""9027"",""9028"",""9029"",""9030"",""9031"",""9032"",""9033"",""9034"",""9035"",""9036"",""9037"",""9039"",""9040"",""9041"",""9042"",""9043"",""9046"",""9048"",""9049"",""9051"",""9052"",""9053"",""9054"",""9055"",""9057"",""9058"",""9059"",""9060"",""9061"",""9062"",""9063"",""9064"",""9067"",""9068"",""9069"",""9072"",""9073"",""9074"",""9076"",""9077"",""9079"",""9080"",""9081"",""9082"",""9083"",""9084"",""9085"",""9086"",""9087"",""9088"",""9089"",""9090"",""9091"",""9092"",""9093"",""9094"",""9095"",""9096"",""9097"",""9098"",""9099"",""9100"",""9101"",""9102"",""9103"",""9106"",""9107"",""9108"",""9109"",""9111"",""9112"",""9117"",""9118"",""9119"",""9120"",""9121"",""9122"",""9123"",""9124"",""9125"",""9126"",""9127"",""9128"",""9129"",""9130"",""9131"",""9134"",""9135"",""9145"",""9146"",""9235"",""9236"",""9237"",""9276"",""9289"",""9290"",""9330"",""9331"",""9332"",""9333"",""9334"",""9335"",""9343"",""9358"",""9359"",""9361"",""9362"",""9363"",""9364"",""9365"",""9366"",""9367"",""9368"",""9369"",""9370"",""9371"",""9372"",""9373"",""9374"",""9375"",""9376"",""9377"",""9378"",""9379"",""9380"",""9381"",""9382"",""9383"",""9384"",""9385"",""9386"",""9387"",""9388"",""9389"",""9390"",""9391"",""9392"",""9393"",""9394"",""9395"",""9396"",""9397"",""9398"",""9399"",""9400"",""9401"",""9402"",""9403"",""9404"",""9405"",""9406"",""9408"",""9409"",""9410"",""9411"",""9412"",""9413"",""9414"",""9415"",""9416"",""9417"",""9418"",""9419"",""9420"",""9421"",""9422"",""9423"",""9424"",""9425"",""9426"",""9427"",""9428"",""9429"",""9430"",""9431"",""9432"",""9433"",""9434"",""9435"",""9436"",""9437"",""9438"",""9439"",""9440"",""9441"",""9444"",""9445"",""9446"",""9447"",""9449""]},""exclude"":{""tags_any"":[""9320""]}}",,,14|18|28|31|35|39|40|43|45|70|71|74|75|80|89|94|95|97|99|100|111|112|113|115|125|127|149|161|170|174|198|199|201|203|216|217|218|230|238|240|245|247|250|259|268|269|272|273|274|275|276|278|279|285|286|288|298|299|301|307|310|311|316|322|324|327|328|329|331|332|337|339|344|345|346|350|353|354|355|358|361|382|388|396|402|405|410|414|427|433|440|441|445|446|449|452|461|468|479|483|486|487|493|495|499|500|504|507|513|515|516|523|532|533|539|541|542|544|545|552|555|558|560|579|580|581|582|583|585|591|596|605|606|611|622|627|628|629|631|635|636|639|642|646|651|660|663|675|676|677|678|680|683|686|688|689|692|693|695|696|700|702|703|709|713|715|717|719|723|725|726|731|732|734|735|738|739|743|744|745|749|751|760|762|772|773|775|776|779|780|781|782|784|791|793|795|796|799|804|805|806|816|818|823|828|830|831|833|844|850|851|852|860|861|862|863|870|885|895|899|904|911|912|914|915|920|921|927|933|934|938|939|942|943|944|946|949|952|953|954|956|957|961|965|966|967|968|971|972|975|977|980|984|988|989|997|1001|1005|1009|1011|1015|1019|1026|1027|1031|1036|1038|1041|1046|1047|1052|1053|1054|1058|1059|1061|1062|1065|1075|1077|1084|1086|1096|1102|1104|1108|1110|1122|1129|1131|1133|1150|1153|1154|1159|1165|1168|1175|1176|1179|1182|1183|1188|1189|1190|1192|1193|1194|1197|1199|1200|1202|1203|1204|1205|1207|1208|1210|1211|1212|1217|1221|1223|1224|1226|1230|1231|1236|1237|1240|1241|1243|1246|1247|1249|1250|1251|1252|1253|1258|1259|1260|1261|1262|1266|1268|1269|1270|1273|1276|1277|1279|1280|1283|1284|1285|1289|1290|1291|1292|1297|1302|1305|1306|1309|1310|1311|1314|1316|1317|1319|1321|1322|1324|1328|1329|1331|1336|1340|1341|1343|1345|1347|1349|1350|1355|1357|1358|1359|1360|1362|1363|1365|1366|1370|1371|1375|1376|1383|1384|1385|1387|1388|1390|1392|1394|1464|1510|1511|1514|1516|1517|1524|1525|1526|1527|1529|1530|1541|1543|1544|1551|1553|1554|1558|1568|1570|1571|1572|1573|1574|1576|1579|1582|1585|1587|1592|1602|1604|1605|1606|1607|1611|1614|1617|1619|1620|1624|1627|1628|1629|1639|1647|1649|1652|1653|1654|1659|1660|1666|1667|1669|1677|1679|1687|1694|1701|1703|1704|1705|1706|1710|1716|1718|1719|1722|1724|1726|1729|1730|1731|1735|1736|1738|1740|1742|1743|1745|1746|1747|1748|1750|1751|1752|1754|1764|1766|1773|1776|1779|1782|1788|1792|1796|1799|1803|1804|1805|1806|1810|1811|1814|1815|1817|1820|1821|1823|1824|1826|1828|1830|1831|1833|1834|1835|1837|1841|1843|1848|1851|1853|1854|1856|1860|1862|1864|1865|1866|1867|1868|1869|1871|1872|1875|1876|1880|1881|1883|1884|1887|1892|1893|1894|1895|1901|1905|1908|1911|1912|1914|1915|1916|1917|1918|1919|1927|1928|1931|1932|1933|1937|1943|1948|1952|1953|1959|1961|1965|1966|1971|1973|1977|1978|1979|1981|1982|1983|1985|1986|1987|1989|1991|1994|1995|1996|1998|1999|2001|2003|2004|2006|2007|2008|2010|2011|2012|2013|2024|2026|2030|2031|2032|2033|2035|2036|2038|2040|2041|2043|2135|2138|2139|2141|2142|2145|2146|2147|2148|2150|2151|2153|2158|2384|2385|2386|2387|2389|2403|2408|2411|2416|2419|2422|2423|2425|2426|2436|2441|2443|2447|2448|2451|2452|2454|2458|2459|2460|2461|2473|2474|2475|2481|2482|2490|2492|2495|2497|2499|2501|2504|2507|2508|2510|2515|2516|2529|2531|2533|2536|2537|2542|2543|2544|2545|2546|2550|2553|2555|2560|2561|2565|2566|2568|2569|2570|2571|2572|2573|2574|2575|2576|2577|2579|2580|2583|2585|2590|2592|2595|2598|2606|2610|2611|2613|2615|2620|2621|2622|2626|2627|2628|2629|2631|2632|2633|2634|2635|2636|2637|2639|2640|2641|2643|2644|2645|2646|2647|2648|2649|2651|2652|2653|2654|2660|2661|2671|2674|2678|2683|2685|2700|2701|2702|2705|2706|2707|2708|2713|2718|2722|2724|2725|2729|2743|2745|2754|2755|2757|2762|2763|2766|2778|2783|2788|2792|2794|2798|2801|2807|2810|2811|2820|2826|2834|2838|2847|2854|2856|2864|2880|2885|2890|2897|2906|2910|2915|2920|2921|2924|2925|2927|2928|2929|2930|2931|2932|2936|2937|2938|2939|2940|2941|2942|2943|2944|2946|2947|2948|2949|2950|2951|2952|2953|2954|2955|2956|2960|2961|2962|2963|2965|2967|2968|2970|2971|2972|2973|2974|2975|2976|2977|2979|2980|2981|2982|2983|2984|2985|2986|2987|2988|2990|2991|2992|2993|2994|2995|2996|2998|3000|3001|3002|3003|3004|3005|3006|3007|3008|3009|3010|3011|3012|3013|3015|3017|3018|3019|3020|3021|3022|3023|3024|3025|3026|3027|3028|3030|3033|3034|3035|3036|3038|3039|3040|3041|3042|3043|3044|3045|3046|3047|3048|3049|3052|3053|3054|3055|3056|3057|3058|3059|3060|3061|3062|3063|3064|3065|3066|3069|3070|3071|3072|3073|3076|3077|3078|3079|3080|3081|3084|3085|3088|3089|3090|3092|3093|3094|3095|3096|3098|3099|3100|3101|3102|3104|3105|3106|3107|3108|3109|3110|3111|3112|3113|3114|3116|3117|3118|3119|3120|3121|3122|3123|3125|3126|3127|3129|3130|3132|3133|3134|3136|3139|3141|3142|3143|3144|3145|3147|3149|3153|3155|3156|3157|3158|3159|3160|3165|3166|3168|3169|3170|3171|3172|3174|3176|3177|3178|3235|3237|3238|3239|3244|3254|3255|3259|3260|3263|3264|3265|3267|3273|3275|3277|3278|3279|3282|3295|3304|3309|3320|3321|3322|3325|3328|3329|3330|3331|3333|3336|3341|3343|3345|3346|3354|3357|3359|3368|3370|3371|3373|3382|3383|3385|3389|3390|3391|3392|3393|3395|3396|3398|3399|3400|3401|3402|3405|3407|3409|3410|3413|3415|3416|3417|3418|3419|3420|3421|3422|3423|3425|3426|3428|3429|3430|3431|3432|3434|3435|3436|3437|3438|3439|3440|3441|3442|3443|3444|3445|3446|3449|3453|3454|3455|3457|3458|3459|3460|3461|3462|3463|3464|3466|3467|3468|3469|3471|3472|3473|3474|3475|3476|3477|3479|3480|3481|3482|3484|3486|3487|3489|3490|3510|3513|3520|3521|3522|3525|3526|3527|3528|3529|3530|3531|3534|3535|3541|3544|3545|3546|3548|3549|3550|3551|3552|3553|3557|3578|3583|3587|3609|3612|3616|3617|3618|3621|3629|3633|3640|3643|3649|3652|3653|3654|3656|3657|3659|3660|3661|3663|3664|3665|3668|3669|3670|3673|3704|3711|3721|3722|3723|3724|3725|3726|3727|3728|3730|3731|3732|3733|3734|3735|3737|3738|3739|3741|3742|3743|3744|3745|3747|3748|3749|3750|3751|3752|3753|3754|3755|3756|3757|3758|3759|3762|3763|3766|3770|3771|3775|3778|3780|3781|3782|3785|3786|3788|3792|3793|3799|3800|3801|3802|3803|3804|3805|3813|3814|3816|3822|3825|3828|3829|3830|3832|3835|3851|3852|3868|3869|3870|3872|3873|3874|3875|3876|3877|3878|3880|3884|3885|3886|3893|3894|3897|3901|3902|3903|3904|3909|3913|3914|3915|3919|3920|3921|3928|3930|3933|3936|3937|3938|3942|3943|3944|3946|3947|3948|3951|3961|3969|3972|3979|3982|3984|3986|3987|3988|3990|3992|3996|4004|4008|4010|4012|4013|4014|4017|4026|4027|4028|4029|4030|4032|4036|4040|4044|4045|4047|4050|4051|4057|4059|4062|4066|4068|4069|4075|4077|4079|4080|4081|4084|4092|4095|4096|4097|4098|4099|4102|4103|4109|4111|4112|4114|4119|4120|4121|4122|4125|4126|4128|4129|4131|4132|4136|4137|4221|4235|4238|4239|4240|4251|4260|4261|4263|4267|4270|4273|4277|4281|4282|4283|4285|4290|4291|4298|4299|4301|4302|4303|4304|4305|4306|4308|4326|4332|4334|4338|4342|4343|4345|4346|4348|4349|4350|4351|4353|4355|4356|4357|4360|4361|4362|4363|4364|4365|4367|4369|4371|4373|4374|4375|4376|4378|4380|4382|4383|4385|4386|4388|4391|4392|4393|4394|4395|4397|4398|4401|4404|4405|4406|4407|4408|4409|4410|4411|4412|4413|4414|4415|4416|4417|4418|4419|4420|4421|4422|4423|4424|4425|4426|4427|4428|4429|4430|4431|4432|4433|4434|4435|4436|4437|4438|4439|4440|4441|4442|4443|4444|4445|4446|4447|4448|4449|4450|4451|4452|4453|4454|4455|4456|4457|4458|4459|4461|4462|4463|4464|4465|4466|4468|4470|4471|4472|4473|4474|4475|4476|4477|4478|4479|4480|4481|4482|4483|4484|4485|4486|4489|4507|4510|4512|4515|4516|4517|4519|4520|4521|4523|4525|4526|4527|4529|4538|4539|4542|4543|4545|4546|4548|4550|4551|4552|4553|4554|4555|4556|4557|4562|4564|4565|4567|4570|4573|4575|4580|4583|4587|4588|4589|4605|4612|4615|4616|4617|4620|4621|4622|4623|4624|4629|4630|4631|4632|4633|4634|4635|4636|4637|4639|4640|4641|4642|4643|4644|4645|4646|4647|4648|4649|4650|4651|4652|4654|4655|4656|4657|4658|4659|4660|4661|4662|4663|4664|4665|4666|4667|4668|4669|4670|4671|4672|4674|4676|4677|4678|4679|4680|4682|4683|4685|4686|4687|4688|4689|4690|4692|4693|4694|4695|4696|4697|4698|4699|4700|4701|4702|4703|4704|4705|4707|4708|4709|4710|4711|4712|4713|4714|4715|4716|4717|4718|4719|4720|4721|4722|4723|4724|4725|4726|4727|4728|4729|4730|4731|4732|4733|4734|4735|4736|4737|4740|4741|4743|4744|4745|4747|4748|4750|4752|4754|4757|4758|4759|4760|4763|4767|4768|4769|4774|4775|4776|4777|4778|4781|4782|4784|4785|4786|4804|4805|4806|4807|4808|4809|4811|4816|4820|4821|4828|4831|4834|4836|4837|4838|4839|4841|4843|4844|4845|4848|4849|4850|4851|4854|4855|4856|4858|4860|4861|4863|4864|4865|4866|4867|4868|4870|4873|4875|4876|4879|4882|4883|4884|4885|4888|4889|4892|4894|4897|4899|4921|4927|4929|4930|4933|4954|4960|4977|4978|4979|4981|4984|4985|4986|4990|4991|4993|4994|4995|4998|4999|5000|5001|5003|5007|5008|5009|5011|5013|5014|5035|5036|5037|5038|5041|5042|5043|5044|5046|5047|5048|5049|5050|5051|5053|5060|5062|5070|5072|5073|5075|5077|5078|5079|5080|5084|5088|5092|5094|5096|5100|5101|5103|5107|5119|5121|5126|5127|5128|5131|5133|5134|5139|5140|5141|5143|5144|5145|5146|5147|5148|5149|5151|5152|5153|5159|5168|5171|5172|5174|5175|5176|5177|5181|5184|5185|5186|5187|5188|5189|5190|5191|5192|5193|5194|5197|5198|5199|5200|5201|5202|5203|5204|5205|5206|5207|5209|5210|5211|5212|5215|5218|5219|5220|5221|5222|5223|5224|5225|5226|5227|5228|5231|5232|5233|5234|5235|5237|5238|5240|5241|5242|5245|5246|5247|5248|5250|5251|5252|5253|5255|5259|5260|5267|5268|5278|5279|5280|5288|5293|5296|5297|5298|5299|5304|5306|5308|5312|5317|5319|5335|5337|5338|5339|5342|5343|5351|5356|5357|5363|5364|5367|5368|5372|5380|5381|5384|5404|5405|5428|5431|5432|5439|5442|5443|5446|5449|5458|5459|5460|5461|5466|5467|5475|5477|5479|5480|5482|5484|5485|5496|5506|5510|5513|5515|5516|5517|5518|5520|5521|5522|5523|5524|5525|5526|5527|5528|5529|5530|5531|5532|5533|5535|5536|5537|5538|5539|5540|5541|5542|5543|5545|5547|5551|5552|5557|5563|5564|5565|5566|5572|5574|5575|5576|5577|5578|5579|5581|5582|5584|5586|5587|5588|5589|5591|5592|5594|5600|5601|5602|5603|5604|5606|5607|5608|5609|5617|5618|5619|5621|5628|5631|5637|5642|5644|5648|5657|5658|5659|5661|5667|5670|5677|5696|5705|5707|5708|5709|5710|5711|5712|5714|5715|5716|5720|5721|5722|5724|5725|5726|5727|5728|5729|5731|5732|5733|5734|5737|5738|5740|5741|5746|5748|5749|5750|5751|5752|5753|5756|5757|5759|5761|5762|5763|5764|5765|5766|5767|5768|5769|5771|5772|5773|5775|5776|5777|5778|5779|5790|5796|5797|5805|5806|5807|5808|5809|5810|5811|5812|5813|5814|5815|5816|5817|5819|5820|5821|5822|5823|5824|5825|5826|5827|5828|5829|5830|5831|5833|5837|5841|5842|5843|5844|5845|5847|5848|5850|5855|5859|5867|5868|5874|5875|5880|5884|5886|5887|5894|5895|5898|5901|5902|5906|5907|5908|5909|5912|5913|5914|5915|5916|5919|5921|5924|5926|5990|5991|5992|5993|5994|5995|5996|5997|5998|5999|6000|6001|6002|6003|6004|6011|6018|6022|6023|6024|6025|6026|6027|6033|6034|6043|6046|6047|6048|6049|6050|6051|6052|6053|6054|6055|6056|6057|6058|6059|6063|6064|6065|6066|6067|6069|6070|6106|6107|6110|6118|6119|6127|6133|6156|6157|6163|6172|6179|6193|6279|6287|6298|6302|6303|6304|6323|6330|6332|6339|6340|6342|6346|6347|6348|6349|6350|6351|6353|6361|6363|6367|6370|6376|6396|6401|6403|6404|6412|6415|6416|6417|6418|6419|6420|6421|6423|6428|6429|6430|6431|6435|6436|6437|6438|6439|6440|6441|6443|6444|6445|6446|6447|6448|6449|6465|6468|6470|6471|6473|6475|6497|6498|6500|6514|6515|6516|6517|6518|6519|6520|6522|6523|6524|6525|6526|6527|6528|6529|6530|6531|6532|6533|6534|6535|6536|6537|6538|6539|6558|6559|6560|6561|6562|6563|6564|6565|6566|6567|6569|6570|6571|6572|6573|6574|6575|6576|6578|6579|6583|6604|6606|6609|6641|6648|6649|6652|6659|6668|6688|6691|6692|6693|6695|6696|6697|6698|6699|6700|6701|6702|6714|6717|6719|6720|6722|6723|6724|6725|6727|6728|6729|6751|6752|6753|6754|6755|6761|6763|6764|6766|6768|6770|6771|6774|6779|6780|6781|6782|6783|6795|6796|6797|6798|6799|6800|6801|6802|6803|6806|6807|6808|6809|6810|6811|6812|6813|6814|6816|6817|6818|6819|6820|6821|6822|6823|6827|6828|6829|6843|6844|6845|6846|6847|6848|6849|6850|6851|6852|6856|6858|6859|6860|6861|6862|6863|6864|6865|6866|6867|6868|6869|6870|6871|6872|6873|6874|6875|6876|6877|6879|6880|6882|6883|6884|6885|6886|6887|6888|6889|6890|6891|6892|6893|6894|6895|6896|6897|6898|6899|6901|6902|6903|6904|6905|6906|6909|6910|6911|6912|6913|6914|6915|6916|6917|6919|6922|6923|6924|6925|6926|6927|6929|6930|6931|6932|6933|6934|6935|6936|6937|6938|6939|6940|6941|6942|6943|6944|6945|6950|6951|6954|6960|6961|6962|6963|6965|6967|6968|6971|6972|6973|6975|6976|6979|6980|6982|6983|6984|6985|6989|6990|6994|6995|6996|6997|6998|7002|7004|7006|7007|7010|7013|7015|7017|7019|7020|7021|7022|7023|7024|7025|7026|7027|7028|7029|7030|7032|7034|7035|7037|7038|7040|7041|7042|7062|7074|7075|7077|7078|7079|7080|7117|7137|7138|7139|7140|7141|7142|7143|7144|7145|7146|7147|7148|7149|7150|7151|7152|7153|7154|7155|7156|7157|7158|7159|7161|7162|7163|7164|7165|7166|7167|7168|7169|7170|7171|7172|7173|7174|7176|7177|7178|7179|7180|7181|7182|7183|7184|7185|7186|7187|7188|7189|7190|7191|7192|7193|7194|7196|7197|7201|7202|7203|7204|7205|7206|7208|7209|7210|7211|7219|7226|7227|7228|7230|7236|7245|7246|7247|7248|7249|7250|7274|7275|7276|7281|7285|7286|7307|7313|7319|7365|7369|7380|7386|7387|7388|7389|7394|7395|7396|7399|7401|7402|7403|7404|7405|7407|7408|7409|7410|7411|7413|7416|7417|7418|7419|7429|7430|7431|7432|7435|7446|7452|7459|7460|7461|7462|7464|7495|7496|7504|7549|7550|7551|7552|7553|7554|7556|7557|7558|7559|7560|7561|7562|7563|7564|7566|7567|7569|7570|7571|7572|7573|7574|7575|7576|7577|7578|7579|7580|7581|7582|7583|7584|7585|7586|7587|7588|7589|7590|7592|7593|7597|7598|7599|7600|7601|7610|7611|7746|7747|7748|7749|7750|7751|7752|7753|7754|7755|7756|7764|7765|7766|7767|7768|7770|7771|7773|7774|7775|7776|7777|7782|7783|7784|7785|7790|7791|7792|7793|7794|7796|7797|7805|7806|7807|7808|7810|7811|7812|7813|7814|7815|7817|7818|7819|7820|7821|7822|7823|7824|7825|7826|7829|7830|7832|7833|7834|7836|7837|7839|7840|7855|7858|7862|7863|7865|7876|7878|7880|7886|7900|7925|7947|7949|7950|8003|8004|8005|8031|8062|8063|8064|8065|8066|8067|8068|8073|8115|8116|8214|8215|8216|8217|8218|8220|8223|8224|8225|8226|8227|8228|8229|8230|8231|8255|8256|8257|8258|8259|8260|8265|8266|8267|8268|8269|8270|8272|8273|8274|8275|8276|8277|8281|8283|8286|8294|8300|8301|8312|8314|8316|8319|8320|8330|8331|8333|8339|8340|8343|8344|8345|8346|8347|8348|8349|8350|8351|8352|8353|8354|8355|8356|8357|8361|8362|8363|8364|8365|8366|8367|8368|8369|8370|8371|8374|8375|8376|8378|8379|8380|8381|8382|8383|8384|8385|8386|8387|8388|8389|8390|8391|8392|8393|8394|8395|8396|8397|8398|8399|8400|8401|8402|8404|8405|8406|8407|8408|8410|8411|8412|8413|8416|8417|8419|8420|8421|8422|8423|8424|8425|8426|8427|8428|8429|8430|8431|8432|8435|8436|8437|8438|8439|8440|8441|8442|8443|8444|8445|8446|8447|8449|8450|8451|8452|8453|8454|8455|8456|8458|8459|8460|8461|8462|8463|8464|8465|8466|8467|8468|8469|8470|8471|8472|8473|8474|8475|8476|8478|8479|8485|8486|8487|8488|8489|8491|8500|8504|8505|8506|8508|8509|8511|8512|8513|8514|8515|8516|8517|8518|8521|8522|8523|8524|8525|8527|8528|8529|8530|8531|8532|8533|8534|8535|8537|8538|8539|8540|8541|8542|8543|8545|8546|8547|8548|8549|8550|8551|8553|8554|8555|8556|8557|8559|8560|8562|8564|8565|8566|8567|8568|8569|8572|8573|8574|8576|8579|8580|8581|8582|8583|8584|8585|8586|8587|8588|8590|8592|8593|8595|8596|8597|8598|8599|8600|8601|8602|8604|8605|8606|8607|8609|8610|8611|8612|8614|8615|8616|8617|8618|8619|8620|8621|8623|8624|8626|8627|8628|8629|8630|8631|8632|8633|8634|8635|8636|8637|8639|8640|8641|8642|8643|8644|8645|8646|8647|8648|8649|8650|8651|8652|8653|8654|8655|8656|8657|8658|8659|8660|8661|8662|8663|8664|8665|8666|8667|8668|8669|8670|8671|8672|8673|8674|8675|8676|8677|8678|8679|8680|8681|8682|8683|8684|8685|8686|8687|8688|8689|8690|8691|8694|8705|8753|8754|8755|8757|8758|8759|8760|8761|8762|8763|8764|8765|8766|8767|8768|8769|8770|8771|8772|8773|8774|8775|8776|8777|8778|8779|8780|8781|8782|8783|8784|8785|8786|8787|8788|8789|8790|8791|8792|8793|8794|8795|8796|8798|8799|8800|8801|8802|8803|8804|8805|8806|8807|8808|8809|8810|8811|8812|8813|8814|8815|8816|8817|8818|8819|8820|8821|8822|8823|8824|8825|8826|8827|8828|8829|8830|8831|8832|8833|8834|8835|8836|8837|8838|8839|8840|8841|8842|8843|8846|8847|8848|8849|8850|8851|8852|8853|8854|8855|8856|8857|8858|8859|8860|8861|8862|8863|8864|8865|8866|8867|8868|8869|8870|8871|8872|8873|8874|8875|8876|8877|8878|8879|8880|8881|8882|8883|8884|8885|8887|8888|8889|8890|8891|8892|8893|8894|8895|8896|8898|8899|8900|8901|8902|8903|8904|8905|8906|8907|8909|8910|8911|8912|8915|8916|8917|8918|8919|8920|8921|8922|8923|8924|8934|8964|8965|8966|8967|8968|8972|8973|8974|8975|8977|8978|8979|8981|8982|8983|8984|8985|8986|8988|8989|8990|8991|8992|8993|8994|8995|8996|8997|8998|8999|9000|9002|9003|9004|9005|9006|9007|9008|9009|9010|9011|9013|9014|9015|9016|9027|9028|9029|9030|9031|9032|9033|9034|9035|9036|9037|9039|9040|9041|9042|9043|9046|9048|9049|9051|9052|9053|9054|9055|9057|9058|9059|9060|9061|9062|9063|9064|9067|9068|9069|9072|9073|9074|9076|9077|9079|9080|9081|9082|9083|9084|9085|9086|9087|9088|9089|9090|9091|9092|9093|9094|9095|9096|9097|9098|9099|9100|9101|9102|9103|9106|9107|9108|9109|9111|9112|9117|9118|9119|9120|9121|9122|9123|9124|9125|9126|9127|9128|9129|9130|9131|9134|9135|9145|9146|9235|9236|9237|9276|9289|9290|9330|9331|9332|9333|9334|9335|9343|9358|9359|9361|9362|9363|9364|9365|9366|9367|9368|9369|9370|9371|9372|9373|9374|9375|9376|9377|9378|9379|9380|9381|9382|9383|9384|9385|9386|9387|9388|9389|9390|9391|9392|9393|9394|9395|9396|9397|9398|9399|9400|9401|9402|9403|9404|9405|9406|9408|9409|9410|9411|9412|9413|9414|9415|9416|9417|9418|9419|9420|9421|9422|9423|9424|9425|9426|9427|9428|9429|9430|9431|9432|9433|9434|9435|9436|9437|9438|9439|9440|9441|9444|9445|9446|9447|9449,Maria Anjel|Wrex Oliver|Hotwife Sadie|Rebecca Love|Sammm Next Door|Jessi Rae Moore|Cassie Bender|Victoria Rey|Summer Starz|Ashley Sinclair|Aspen Rae|Ryan Ryans|Belle Noire|Ashli Ames|Daisy Haze|Rahyndee James|Gabriella Ford|Jaclyn Taylor|Jayden Taylors|Jelena Jensen|Lilly Evans|Lola Foxx|Natasha Voya|Malena Morgan|Ivan|Helly Mae Hellfire|Mark White|Vyxen Steel|Abbey Brooks|Jerry|Bobby Neuwave|Isis Taylor|Natalia Queen|Richie Deville|Kirra Lynne|Jessica Lynn|Victoria Lawson|Mark Zane|Julius Ceazher|Kayla Quinn|Tony Rocket|Scott Hancock|Calvin Hardy|Rod Jackson|Malina Melendez|Brenna McKenna|Violet Gems|Freya Kennedy|Chiara Chianti|Anais Amore|Joey White|Skyla Sun|Lucky Anne|Kimberly Moss|Camila Cortez|Brookie Blair|Quinn Waters|Josie Tucker|Sage Pillar|Justine Jakobs|Madison Blaze|Linda Lan|Aspen Romanoff|Kiki Vidis|Chanel Brooks|Nami Lee|Maria Kazi|Lila Love|Tiffani Madison|Jenna Fireworks|Roxie Sinner|Kira Fox|Sasha Pearl|Kat Marie|Hayley Davies|Chima|Jade Luv|Scarlett Page|Amari Anne|Daisy Fuentes|Lexi Stone|Keni Styles|Jeremy Adams|Lola Reve|Alyssa Lynn|Stella May|Angelina Chung|Lia Ezra|Nikki Hearts|Felicity Feline|Iris Rose|Ashly Anderson|Slim Poke|Dirk Huge|D Snoop|Saya Song|Jayden Lee|Nekane Sweet|Nina Rivera|Layton Benton|Alison Avery|Lala Ivey|Anna Bailey|Julie Cash|Marina Maya|Valentina Bianco|Moriah Mills|Sofia Rose|Zanna Blue|Tori Montana|Harmonie Marquise|Katya Rodriguez|Sommer Isabella|Aletta Ocean|Jasmine James|Sarah Banks|Skyler Mckay|Assh Lee|Lola Marie|Siouxsie Q|Amber Alena|Molly Stewart|Candy Alexa|Liza del Sierra|Leigh Darby|Molly Jane|Patty Michova|Dylan Phoenix|Michelle Thorne|Asia|Rocky Emerson|Blanche Bradburry|Jada Kai|Valentina Jewels|Kataljna Kittin|Angelica Cruz|Dillion Carter|Jasmine Caro|Katerina Kay|Alice Lighthouse|Alina West|Bailey Paige|David Loso|Keira Nicole|Heather Night|Tali Dova|Sonny Nash|Ashley Jensen|Lee Stone|Angelina Ash|Brother Love|Domenic Kane|Franziska Facella|Jana Jordan|Julia Bond|Lindsey Meadows|Devon Lee|Faye Reagan|Kina Kai|Sadie West|Jordan Maxx|Lilly Hall|Maggie Green|Sofi Adam|Kiki Klout|Luna Legend|Sasha Tatcha|Mike Skywalker|Gaby Ortega|Dirtydanii 69|Ace Biggs|Pike Nelson|Sammie Rhodes|Chris Charming|Stephanie Swift|Halie James|Patrick J. Knight|Nikole Nash|Reyna Delacruz|Lyra Lockhart|Audrey Madison|Angelica Coralvine|Nika Venom|Elisa Bethann|Honey Hayes|Jamie Jett|Dixie Jewel|Nikita Reznikova|Evelyn Payne|Kate Bloom|Ariana Aimes|Big Tre|Annabel Redd|Jade Valentine|Cali Sweets|Kimber Veils|Eden West|Melanie Muse|Rollie Rawlings|Keely Rose|Natalie Knight|Celestina Blooms|Eve Marlowe|Bess Breast|Madi Laine|Reina Rae|Clark Kent|Emma Sirus|Dre Delevingne|Bella Blu|Tessa Thomas|Harmony Rivers|Jamie Valentine|Kayla Carrera|Katie St. Ives|Amber Cox|Bambi Wolfe|Marco Ducati|Jodi West|Zoe Clark|Priya Price|Adriana Deville|Sophia Lomeli|Demi Diveena|Sandy Fantasy|Diamond Kitty|Victoria Voss|Kirsten Price|Heather Starlet|Carmen McCarthy|Gianna Michaels|Charlie Onixx|Savana Styles|Ava Rose|Cherokee Dass|Avy Scott|Jeremy Conway|Kalina Ryu|Brianna Love|Azalea Lee|Kendall Brooks|Eric Swiss|Franceska Jaimes|Sara Stone|Dale DaBone|Briana Blair|Megan Monroe|Brooke Lee Adams|Holly Morgan|Trent Soluri|Misti Dawn|Austin Kincaid|J. Crew|Katie Monroe|Bianca Bangs|Lilly James|Rico Hernandez|Mickey Violet|Blake Eden|Cyrstal Rae|Kristen Lee|Lyra Law|Ashlee Mae|Lexy Lotus|Harley Jameson|Cadey Mercury|Quinn Wilde|Olivia Lua|Hannah Hays|Sadie Blake|Chanell Heart|Meggan Malone|Arie Faye|Rosalyn Sphinx|Athena Palomino|Brittany Benz|Mary Kalisy|Sinderella|Leyla Fiore|Danni Rivers|Ellie Leen|Stella Flex|Lexie Fox|Mia Split|Jessica Portman|Vika Lita|Ellie Eilish|Zoey Taylor|Sherezade Lapiedra|Freya Mayer|Ariana Van X|Mary Popiense|Milena Ray|Jazlyn Ray|Lilly Bella|Candie Luciani|Mina Luxx|Angelina Robihood|Evelin Elle|Mia Nix|Christy White|Olivia Jayy|Sumire Mizukawa|Leo Gaffer|Little Angel|Sirena Milano|Ada Lapiedra|Barbie Rous|Eva Blume|Shelena|Hope Heaven|Sandra Lyd|Selva Lapiedra|Ashby Winter|Ema Karter|Winnafred Flurry|Charlie Mac|Hope Howell|Luca Ferrero|Lola Bulgari|Wesley Pipes|Jack Blaque|Broc Adams|Ray Black|Louie Smalls|Cyrus King|Jay Savage|Kimber Day|Gage Sin|John Legendary|Taylor May|Anna Morna|Alexa Nova|Kimberly Brix|Aubrey Star|Aspen Ora|Amanda Aims|Maya Grand|Kinsley Eden|Alice March|Riley Nixon|Karly Baker|Alaina Dawson|Mystica Jade|Jezabel Vessir|Jade Jantzen|Ally Tate|Lucie Cline|Nicole Clitman|John Johnson|Alyssa Cole|Pepper Hart|Haven Rae|Lexi Lovell|Skyla Novea|Ivy Aura|Summer Day|Jessica Rex|Mindi Mink|Jake|Lindsey Cruz|Olivia Sin|Brenna Sparks|Anastasia Knight|Emily Cutie|Julia Rain|Kinuski Kakku|Layla Love|Ashley Red|Sophia Lux|Alice Pink|Sloan Harper|Gia Vendetti|Bella Jane|Jessika Night|Stefanie Moon|Nella Jones|Sofi Smile|Kymberlie Rose|Lina Luxa|Marilyn Sugar|Natasha Lapiedra|Sara Bell|Anastasia Brokelyn|Ryder Rey|April Snow|Lola Bellucci|Olivia Sparkle|Cali Caliente|Nicole Sage|Yukki Amey|Lara Frost|Purple Bitch|Marie Berger|Hazel Grace|Ailee Anne|Alex H Banks|Asia Vargas|Sofi Noir|Lisa Belys|Samantha Cruuz|Elis Benson|Filou Fitt|Merida Sat|Claire Roos|Megan Love|Mizuki|Lynna Nilsson|Luke Hotrod|Bella Beretta|Jimena Lago|Serpente Edita|Lina Arian|Julia De Lucia|Lullu Gun|Tiffany Doll|Milena Devi|Choky Ice|Stacy Snake|Kirschley Swoon|Francys Belle|Nikki Waine|Olivia Devine|Eva Berger|Monika Benz|Arwen Gold|Belle Claire|Victoria Summers|Marina Visconti|Barra Brass|Francesca DiCaprio|Emily Thorne|Gabriella Lati|Nicole Love|Katrin Tequila|Alice Nice|Yuriy Sergeev|Daphne Klyde|Lara West|Nikki Nuttz|Rebeka Black|Kandy Kors|Chloe Lamour|Gisha Forza|Ashley Ocean|Tyler Knight|Nathan Red|Callie Brooks|Brendon Miller|Jessyca Wilson|Chloe Brooke|Alexis Ford|Madi Meadows|Danielle Maye|Adriana Sephora|Luke Hardy|Max Deeds|Tarzan Stone|Alessa Savage|Apryl Rein|Skyler Storm|Shawn Alff|Lauren Pixie|Parker Sims|Christy Love|Jackie Hoff|Alexa Payne|Angelina Moon|Laura Bentley|Jade Greene|Madison Wilde|Lee|Coco Vandi|Victoria Lobov|Luke Cooper|Kara Lee|Kitten Latenight|Johnny Rifle|Andi James|Avalon Heart|Michelle Martinez|Vanessa Vixon|Jimmy Legend|Codi Lewis|Kharlie Stone|Anastasia Rose|Sierra Nicole|Aubrey Rose|Molly Mae|Brooke Haze|Evan Cox|Sheila Daniels|Stephanie West|Kadence Marie|Dillon Cox|Aria Valencia|Nadia Jay|Brooke Bliss|Bobbi Dylan|Shane Blair|Audrey Royal|Daya Knight|Eden Sin|Zoey Laine|Maya Morena|Arielle Faye|Jasmine Summers|Jennifer Jacobs|Lily Adams|Kat Monroe|Esperanza Del Horno|Angel Del Rey|Jessica Jones|Aurora Winters|Alyce Anderson|Amilia Onyx|Jade Amber|Gracie Green|Summer Brooks|Athena Rayne|Monica Sage|Darcie Belle|Erica Lauren|Mi Ha Doan|Ivory Logan|Ava Parker|Jericha Jem|Scarlett Snow|Jasmine Grey|Chanel Grey|Kasey Miller|Aryana Amatista|Emily Right|Cleo Clementine|Rebecca Vanguard|Jada Doll|Kylie Kingston|Honey Blossom|Nikki Peach|Lily Glee|Bradley Remington|Gianna Gem|Ashley Aleigh|Aliya Brynn|Kiarra Kai|Natalie Porkman|Paris Amour|Scarlett Fall|Eliza Eves|Alice Merchesi|Judy Jolie|Maddy Haze|Callie Jacobs|Isla Biza|Samantha Reigns|Dania Vega|Marilyn Johnson|Ava Sinclaire|Nikki Sweet|Nadia Noja|Kinsley Kane|Michael Swayze|Tristan Summers|Anna Chambers|Catalina Ossa|Jane Rogers|Jasmine Wilde|Annie Archer|Amber Stark|Bella Luna|April Love|Stevie Moon|Evie Rees|Franco Styles|Mazy Myers|Megan Maiden|Lindsay Lee|Athena Fleurs|Veronica Church|Kitty Valance|Jena LaRose|Fae Lux|Jade Kimiko|Olivia Madison|Riley Reign|Kallie Taylor|Violet Spice|Khloe Kingsley|Evie Christian|Tiana Blow|Tony Sting|Holly Day|Sia Lust|Natalie Brooks|Emma Jade|River Fox|Dustin Daring|Vera King|Kamryn Jade|Mona Blue|Gwen Vicious|Kit Mercer|Jimmy Broadway|Davon Drake|Colby Jansen|Joel Someone|Helena Locke|Daniel Shar|Sadie Pop|Mjane|Lila Lovely|Katie Morgan|Ruckus XXX|Pierce Paris|Sarah Arabic|Vienna Rose|Aubrey Sinclair|Jay Taylor|Matt Sloan|Barbie Feels|Willy Regal|Andrew Marshall|Mailyne|Megane Lopez|Raina Rae|Sheila Ortega|Jesus Reyes|Potro De Bilbao|Naomi Bennet|Lexi Layo|Emily Brix|Kat Worley|Jessie Wylde|Callie Klein|Jesus Zeus Munoz|Kale|Sofie Reyez|Vivian Grace|Bella Gray|Jim Slip|Selena Rose|Raven Alexis|Sheila Marie|Brooke Johnson|Leda Lotharia|Lena The Plug|Shay Evans|Noelle Easton|Ann Marie Rios|Jack Lawrence|Cassandra Cruz|Aubrey Addams|Rachel Love|Ami Emerson|Kenzi Marie|Carmella Bing|Melissa Lauren|Jenny Hendrix|Layla London|Alex Little|Courtney Cummz|Nicole Bexley|Kacey Quinn|Aubrey Gold|Sophia Grace|Savannah Gold|Mariah Milano|Bree Olson|Nick East|Stacey Saran|Brooke Belle|Daisy Marie|Jennifer Dark|Ricki White|Stephanie Cane|Julz Gotti|Anthony Gaultier|C.J. Wright|Marie Luv|Chris Streams|Wendy Divine|Brad Hardy|John E. Depth|Rebeca Linares|Samantha Ryan|Ice Cold|Jeremy Steele|Mona Lee|Sarah Shevon|Michael Chapman|Oliver Sanchez|Jenna Ivory|Daisy Chainz|Martini Bows|Emily Mena|Jayden Black|Kylie Rose|Kendall Woods|Pressley Carter|Lilly Lit|Makenna Blue|Hailey Little|Payton Avery|Mackenzee Pierce|Mya Nichole|Veronica Jett|Trina Michaels|Hailey Young|Heidi Mayne|Malory Malibu|Mike Chapman|Lovenia Lux|Luna Melba|Cindy Shine|Sophia Laure|Vinny Star|Nelly Kent|Simony Diamond|Verona Sky|Vyvan Hill|Isla|Gina Devine|Alysa Gap|Kathia Nobili|Latex Lucy|Amber Nevada|Daryl Ginger|Johane Johansson|Paige Delight|Samia Duarte|Kayla Green|Jasmine Black|Belle Black|Lexi Lowe|Demetris|Tracy Lindsay|Leyla Black|Roxy Mendez|Tigerr Benson|Zafira Klass|Candy Sweet|Kandall N|Eva Parcker|Alexa Jordan|Alexa Lynn|Allie Jordan|Ally Ann|Amber Wild|Amy Valor|J.T. Money|Barrett Blade|Brianna Beach|Britney Stevens|Brynn Tyler|Cali Lee|Cameron Love|Carmella Crush|Victoria White|Timo Hardy|Dakoda Brookes|Daryn Darby|Dasani Lezian|Eden Adams|Hillary Scott|Holly Wellin|Jasmine Jolie|Jaylynn Sins|Jasmine Tame|Jessi Palmer|Jessi Summers|Kaci Starr|Keeani Lei|Kinzie Jo|Kylie Haze|Lana Violet|Leah Jaye|Lexi Leigh|Lindsay Kay|Madison Parker|Maya Hills|Mariah Madysinn|Missy Stone|Mysti May|Presley Maddox|Riley Shy|Starla Sterling|Tessa Taylor|Tommie Ryden|Claudia Bavel|Cristian Cipriani|Miguel Zayas|Andreina DeLuxe|Tommy Cabrio|Norah Juliette|Josephine Jackson|Megan Fiore|Jason Carrera|Ambar Lapiedra|Sweet Vickie|Lexi Smith|James Bang|Kianna Dior|Mike Jaymes|Christy Canyon|Shay Fox|Anthony Pierce|Ainslee Divine|Abby Rose|Ashley Alexander|Zoe Grey|Aderes Quin|Venus Valencia|Malena Nazionale|Dani Diaz|Sona Bella|Austin Pierce|Emma Bugg|Venice Rose|Amy Reid|Tanya James|Ahryan Astyn|Gina Lynn|Hailey Star|Hanna Hilton|Jack Venice|Memphis Monroe|Mikayla Mendez|Cheyne Collins|Rhylee Richards|Rhyse Richards|Jordan Jagger|Justin Long|Kristal Summers|Jordan Kingsley|Jada Fire|Ricki Raxxx|Chris Hollander|Lucky Benton|Lacey DuValle|Cherokee D Ass|Lily Paige|John Espizedo|Simone Style|Sasha Grey|Kylee Strutt|Carmel Moore|Roxy Jezel|Madison James|Helena Sweet|Jennifer Adams|Codi Bryant|Diana Doll|Esperanza Gomez|John Strange|Chelsea Ellis|Misha Montana|Sally D'Angelo|Adreena Winters|Macey Jade|Dolly Little|Sophie Anderson|Amber Jade|Avery Adair|Sola Zola|Alex Gause|Aruna Aghora|Kelly Ann|John Anthony|Megan Matthews|Mimi Curvaceous|Marissa Mae|Asia Rae|Brandi Blunt|Rachel Rivers|Charley Hart|Aryana Adin|Bianca Booty|JJ Graves|Will Havoc|Alana Luv|Sarah Jackson|Alessia Luna|Adara Love|Taylee Wood|Venus Afrodita|Zuzu Sweet|Vitaly Vox|Desi Dalton|Mikayla Mico|Steven Lucas|Bae Egypt|Lexxxus Adams|Jordi Jae|Emerald Ocean|Brooklyn Blue|Sophia Ducati|Rose Monroe|Russell Grand|Charlie Comet|Julianna Vega|Victoria Cakes|Julianna Jones|Daphne Dare|Gina Varney|Winter Jade|Eve Ellwood|Stoney Lynn|Alexxxis Allure|Kiara Edwards|Criss Simon|Scarlet Domingo|Zoe Doll|Alejandro Peer|Luxury Girl|Alice Judge|Amber Wildee|Elizabeth|Violet Smith|The Jenny Jett|Kiera Daniels|Kylie Quinn|Jack Rippher|Kendra Heart|Jason X|Loni Legend|Roxy Risingstar|Brad Hart|Aubrey Black|Edible Aubrey|Katana Storm|Miley May|Tony Moves|Jason Steele|Maddy Rose|Nina Turk|Georgio Black|Sweet Cat|Melody Foxx|Anya Ivy|Asher Valentine|Freddy Flavas|Chris Torres|Silvia Soprano|Veronica Dean|Telari Love|Ariana Simon|Guy Simon|Alex Rosso|Dominic Osso|Chloe Kinks|Shawn Rees|Yola Flimes|Robin Heart|Tory Sweety|Nina Milano|Vixtor Styles|Nofacegirl|Nofaceguy|Danika Mori|Steve Mori|Gulliana Alexis|Jack Cummings|Jessica Torres|Koko Amaris|Alya Stark|Azure Angel|Nora Doll|Lara De Santis|Lulu Love|Summer Pixi|Renee Roulette|Jayme Hays|Mae Olsen|Mia Moore|Ashley Manson|Layna Landry|Penelope Cum|Ms London|Maci May|Ebony Mystique|Lucia Rossi|Rebecca Johnson|Tato Switch|King Noire|Yinnie Dedom|Skye Mae|Andre Stone|Sierra Day|Trinity St. Clair|Zoey Nixon|Jessica Robbin|Britney Young|Avril Hall|Aurora Monroe|Linda Lay|Cali Hayes|Tristan Berrimore|Jamie Jackson|Taissia Shanti|Anie Darling|Cherokee D'Ass|Johnny Rocket|Darcie Dolce|Blake Morgan|Helena Price|Nikki Chase|Pressure|Alby Rydes|Alaina Fox|Emily Kae|Rikki Six|Prodigy X|Arnold Schwartzenpecker|Dylan Riley|Brooke Haven|Steven French|Emma Cummings|Ryder Skye|John Bishop|Monica Lion|Kayla Paige|Lyen Parker|Mira Sunset|Ridge Crix|Bilbo Shaggins|Aaliyah Yasin|Frances Bentley|Ali Rose|Nuria Millan|Jonny Oblong|Lucy Bell|Ferrera Gomez|Jenni Lee|Bonya|Viola Weber|Hugo Antonin|Margo Von Teese|Lenka Sosh|Novella Night|Gia Tvoricceli|Arina Shy|Luna Skye|Damien Thorne|Barbie Sins|Melina Mason|Audrey Noir|Morgan Rain|Sami White|Jackie Rogen|Holly Halston|Charity Bangs|Abbie Cat|Bella Reese|Breanna Sparks|Brittney Banxxx|Holly Price|Jessica Moore|Tim Cannon|Amber Ashley|Blake Rose|Tommy Utah|Houston|Raylene|Rick Anthony|Jessica Nyx|Gia Grace|Louise Jenson|Aryana Augustine|Puma Swede|Lolly Ink|Jared Grey|Sandee Westgate|Peter Oh Tool|Kate Frost|Kerry Louise|Casey Cumz|Rio Lee|Antonio Black|Jezebelle Bond|Kimberly Kendall|Ava Dalush|Austin Lynn|Yasmine de Leon|Kelly Summer|Mary Jean|Kassondra Raine|Tiffany Brookes|Veronica Vain|Freddie Flavas|Britney Shannon|Sandra Star|Amber Deen|Tylo Duran|Raven Bay|Melissa Lynn|Brooke Sinclaire|Teagan Presley|Monica Asis|Astrid Star|Princess Paris|Robbin Banx|Tommie Jo|Kiki Minaj|Chessie Kay|Blanche Summer|Maxim Law|Angelina Diamanti|Kristina Shannon|Christina May|Portia Paris|Gorgeous Aphro|Sophia Deluxe|Leila LaRocco|Penelope Stone|Jessie Parker|Tysen Rich|Skylar Green|Callie Calypso|Misha Mynx|Jasmine Vega|Rachel Steele|Ace Bigs|Rikki Rumor|Tara Ashley|Kiley Jay|Tarzan|Zaya Cassidy|Coach Cardher|Jay Myers|Mandaniel James|Jennie Rose|Chris Scandal|Angel Windell|Erotic Medusa|Nina White|Aubrey Lovelace|Victoria Pure|Cecilia Scott|Ivy Stone|Hollie Mack|Liza Rowe|Sally Squirt|Kira Adams|Cameron Canela|Brittney White|Jazy Berlin|Chloe Surreal|Carol Vega|Irina Vega|Julia Roca|Nina Pink|Anita Bellini|Cathy Heaven|Amanda Hill|Ellen Betsy|Florane Russell|Lara Onyx|Nataly Gold|Shrima Malati|Vittoria Dolce|Alexis Amore|Nicki Hunter|Angel Long|Isabella Sky|Devon Michaels|Alexis Breeze|Dylan Ryder|Cali Lakai|Taylor Wane|Emma Heart|Shazia Sahari|Claire Dames|Tyler Faith|Chayse Evans|Dayna Vendetta|Calita Fire|Nina Kayy|Harlow Harrison|Nicole Rey|Kendra Star|Aylin Diamond|Dolly Diore|Eve Angel|Jemma Valentine|Lindsey Olsen|Naomi Nevena|Cayla Lyons|Frida Stark|Irina Pavlova|Angel Blade|Tricia Teen|Kitty Lovedream|Charlotte Shark|Felicia Kiss|Lana Slader|Carla Crouz|Nicole Evans|Kittina Ivory|Arteya|Aria Logan|Cassie Fire|Christina Shine|Sofi Goldfinger|Daniella Margot|Mey Madness|Angel Rush|Luna Rival|Sandra Wellness|Caomei Bala|Lilu Moon|Bruna Angel|Melissa Benz|Jamie Marleigh|Emily Blake|Katja Kassin|Sadie Sable|Miko Sinz|Anthony Hardwood|Lexi Swallow|Yuki Mori|Faith Leon|Jessica Bangkok|Jake Malone|Bryan Braxton|Angelina|Enzo Lorenzo|Darryl Hanah|Mr Marcus|Heather Red|Donnie Rocks|Emily Banfield|Brandi|Payton West|Cage Jordi|Satin Bloom|Max Corts|Mr. Clark|Nikolas|Mr. Marcus|Jason Katana|Sabrina Maree|Jackie Lin|Angel Vain|Nikki Daniels|Inari Vachs|Sasha Sparrow|Kristien|Mike James|AJ Luis|James Sinner|Kristina|Dawson Daley|Emily B|Ramon Monster|Angelica Amore|Aiden Valentine|Alex|Ariel Blue|Dresden|Reno D'Angelo|Hanna Lay|Linda Moretti|Monique Woods|Charlie Theron|Lux Kassidy|Sophies Lo|Innocent Hotwife|Harry River|Michelle Love|Linda Sweet|Darcia Lee|Denis Reed|Jenny Simons|Victoria Sweet|Katerina Hartlova|Chrissy Curves|Nick Lang|Suzie Carina|Celine Noiret|William Zeff|Eva Strauss|Eveline Neill|Sapphira A|Kattie Gold|Keira Albina|Silvie Deluxe|Lena Love|Tracey Sweet|Roxxi Silver|Lara Brookes|Staci Silverstone|Isabella Clark|Brandon Fox|Claire Robbins|Vicky Vixen|Mia Rider|Nikita Bellucci|Maia Davis|Mia Gold|Jade Nacole|Mahina Zaltana|Bonnie Day|Meiko Askara|Emma Haize|Gaia|Marley Blaze|Sadie Santana|Nadia Styles|Tori Avano|Lisa Tiffian|Marilyn Moore|Ashlee Graham|Fallon West|Cici Rhodes|Milcah Halili|Kiki Daire|Ingrid Mouth|Layla Price|Kimmy Lee|Cheyenne Jewel|Bianca Stone|Arielle Aquinas|Mercy West|Nenetl Avril|Xianna Hill|Ariel Grace|Luna Light|Raven Rockette|Sadie Holmes|Shae Celestine|Alex Mae|Bambi Black|Harlowe Blue|Jenna Reid|Kandie Monaee|Kelsey Kage|Kylie Nicole|Kyra Rose|Evi Rei|Lolli Lane|Brian Pumper|Alana Evans|Elle Alexandra|Sindy Lange|Chloe Lynn|Alli Rae|Johnny Champ|Sandra Luberc|Marilyn Mansion|Mila Marx|Nova Cane|Rharri Rhound|Johnny Nitro|Stella Raee|Xeena Mae|Zoey Reyes|Rose|Shayla LaVeaux|Presley Hart|Anais Latour|Victoria Tiffani|Heather Honey|Scarlet Chase|Gianna Grey|Keilani Kita|Bonnie|Kaylee Hilton|Beverly Hills|Cassandra Calogera|John Stagliano|Jenna Ashley|Chad Diamond|Kelsi Lynn|Brittany Shae|Sammie Daniels|Sasha Heart|Nikki Knightly|Nova Flame|Lydia Black|Natasha James|Proxy Paige|Sammie Six|H3ll4 Sl00tz|Vile Vixen|Alex Sanders|Brittany O'Connell|Hayden Winters|Aurora Snow|Casi James|Jake Ariston|Blue Angel|Briston Moreau|Violet Moore|Kylie Shay|Sophia Sterling|April Aniston|Carolina Cortez|Hadley Viscara|Jenna Clove|Katy Jayne|Alaina Kristar|Angel Ashton|Ava Sparxxx|Averi Brooks|Binky Bangs|Chelsea Maddison|Cara Swank|Chase Ryder|Christina Heart|Emma Stoned|Jasmine Rain|Porschea|Jessica Sinn|Kelly Diamond|Kiara Knight|Lia Lynn Robinson|Lola Milano|Macy Cartel|Mandy Sky|Natalie Monroe|Nikki Seven|Olga Snow|Presley Dawson|Rebecca Ivy|Natasha Blaze|Sage Evans|Samantha Nixon|Teddi Rae|Alex Tanner|Alice Green|Allora Ashlyn|Aly Monroe|Kami Kari|Ariel Winters|Cindy Cruz|Avery Moon|Ayn Marie|Bree Mitchells|Brooke Lynn Santos|Brooke Myers|Cadence Carter|Carrie Brooks|Cece Capella|Cleo Vixen|Debbie Clark|Emma Ryder|Eva Saldana|Farrah Valentine|Gia Love|Hannah Hartman|Henley Hart|Jessie Law|Josie Jagger|Karter Foxx|Kenzie Kai|Kimberly Costa|Kristy May|Lana Adams|Lanna Carter|Lorraine Mack|Lyn Hoyt|Maci Winslett|Marry Lynn|Michelle Taylor|Miley Cole|Miranda Miller|Naomi Kennedy|Nina Skye|Olivia Lee|Pamela Morrison|Peyton Coast|Rachel James|Raylin Ann|Scarlett Fever|Sierra Nevadah|Skye West|Sophia Wilde|Stella Daniels|Stephanie Carter|Tellula Rose|Jessie Taylor|Tucker Starr|Vivica Johnson|Zoe Wood|Adrian Hush|Audrey Grace|Celestia Vega|Chanel Shortcake|Dakota Bleu|Eva Nyx|Hannah Hawthorne|Jade Reign|Jasmine Riley|Jenni Jordan|Kenzi Kellie|Megan Winters|Mia Collins|Michelle Anthony|Mira Stone|Molly Cooper|Nala Brooks|Naomi Blue|Paisley Rae|Raquel Diamond|Selena Luxx|Selena Stone|Sophia Sultry|Aubry Babcock|Amalia Davis|Alison Star|Elaina Raye|Callie Cobra|Sally Charles|Victoria Rae Black|Callie Cyprus|Abigaile Johnson|Hollie Shields|Lily Carter|Avril Sun|Aubrey Sky|Naomi West|Angel Dark|Victoria Zdrok|Lya Missy|Maddy Black|Leony Dark|Shae Snow|Evilyn Fierce|Vanda Lust|Serena Torres|Stella Ann|Honey Demon|Cassidy Ryan|Xavi Tralla|Annalena Reno|Dolly Paige|Juniper Ren|Princess Asia|Solo Strokes|Serena Sterling|RealWifeRidley|Kaiya Lynn|Robyn Truelove|Kelly Wells|Lisa Marie|Nyomi Banxxx|Jayna Oso|Mina Leigh|Olivia O'Lovely|Ace Hardz|Tori J|Benjamin Brat|Sophia Knight|Alanna Anderson|Bella Baby|Susan Ayn|Nataly Von|Carla Cox|Wein Lewis|Nick Whitehard|Roger Venturini|Aruba Jasmine|Alexei Jackson|Beata Undine|Bernice|Cami Cole|Chris Rockway|Chloe Lacourt|Coco De Mal|Denisa Heaven|Emma Brown|Edward Bleek|Gia Steel|Goldie Baby|Gerry Taylor|Enzo Bloom|Jonni Hennessy|Tim Bauer|Tracy Smile|Dylan Sword|David B|Laura Crystal|Tommy Reeves|Liona Levi|Megan Coxxx|Andy Mann|Megan Salinas|Molly Bennett|Lukas Pribyl|Rihanna Samuel|Rylie Richman|Sharon Lee|Sophie Lynx|Stacie Jaxxx|Tiffany Thompson|Tina Hot|Victoria Love|Zarena Summers|Cara Mell|Chloe James|Veronica Ricci|Aika May|Natalie Vegas|Logan Drae|Catie Parker|Tila Flame|Odette Delacroix|Olivia Wilder|Brandy Smile|Heather Joy|Jessi Gold|Layla Rose|Jessi June|Mai Ly|Stoya|Kendall White|Lorena Garcia|Kira Sinn|Michele Monroe|Nina James|Serena Blair|Pepper Kester|Sophia Jade|Eileen Sue|Kelly Surfer|Tatum Woods|Foxies Gold|Tess Lyndon|Zena Little|Whitney Conroy|Aron Matthews|Khyanna Song|Lana Lopez|Tania G|London Reagan|Loulou Petite|Missa|Amber Sym|Elizabeth Marxs|Alexa Johnson|Angela Sommers|Brea Bennett|Candice Brielle|Charley Monroe|Katya Clover|Courtney Dillon|Daisy Lynn|Dakota A|Danielle Trixie|Danni Gee|Ellena Woods|Kari Milla|Jasmine Andreas|Keira Kelly|Kenze Thomas|Lauren Clare|Lia Taylor|Lily Chey|Leila Mazz|Liz Ashley|Lou|Jasmine Webb|Sienna Day|Milly Marks|Jess Scotland|Ms. Yummy|Athina Love|Katie Oliver|Lana Harding|Carly Rae|Susy Gala|Ryan Smiles|April Brookes|Jayden Starr|Petite Princess Eve|Romeo Mancini|Beth Bennett|Claudia Obey|Eliza Allure|Anissa Jolie|Katrina Moreno|Michelle Anderson|Tina Fire|Gala Brown|Vicky Menage|Betzz|Vivian Lola|Carla Cute|Gunnar Bishop|Sereyna Gomez|Lucky Kay Love|Melina May|Yae Triplex|Vixi Rafi|Lola Pearl|Sakura Hell|Sandy Love|Christina Carter|Vivienne Del Rio|Zak Tyler|Tori Lux|Alyx Urie|Sage Rabbit|Nunu Dickslanger|Jacob Coldwater|Nicole Murkovski|Freaky T|Danae Mari|Lollypop Gcup|Morgan Ray|Megan Murkovski|Britney Dutch|Nelson Mandingo|Blu Chanelle|Freddy Gong|Miami|Molly Cute|Vanessa Marie|Stephanie Love|Megan Mistakes|Selina Imai|Jonesy|Lola Eastking|Alia Star|Jade Jadore|Lena Fire|Ruby Cattrall|Medusa|Gianpaolo McDick|Lady Gang|Daisy May|Thalia Lane|Fibi Euro|Jolee Love|Andrew|Sasha Royce|Samantha Sinz|Dakota James|Georgia Koneva|Kasey Aims|Edone Kaliyuga|Mina Moon|Winter Bell|Gogo Fukme|Yumi Sin|Nikki Zee|Aiden Aspen|Gigi Rivera|Ally Horny|House Elf|Ana Lingus|Abel Black|Very Sexy Dasha|Nitro|Dario Dyson|James Koss|Kate Koss|Lisa RocketCock|Milka Wey|Christafeer Robien|Mr Dollie|Polly Dollie|QesasTop|Qesas Top|Sofia Divine|Isis Monroe|Leilani Leeane|Damian Dickey|Kayla Summers|Sierra Spunk|Tiffani Time|Lilly Mays|Alexis Grace|Kelly Divine|Reina Heart|Callie Black|Sophia West|Suki Sin|Blaire Johnson|Katie Summers|Bianka Lovely|Carolyn Reese|Karina O'Reilley|Lylith LaVey|Lucette Nice|Matt|The Official Egypt|Max Schottz|Zoey Foxx|Richh Des|Carmela Clutch|Queen Mirage|Scarlett Sommers|Fabrice Triple X|Tony Carrera|Tamara Grace|Lena Coxx|Sarah Illustrates|Kathryn Mae|Ophelia Kaan|Sarah Sultry|MELXXXTED|Ellie|Layla Jenner|Elly Clutch|Hayden|Lily Phillips|XWife Karen|Tara Holiday|Savanna Samson|Dragon Fruit|Thomas Jay|Holly Rae|Silvia Sin|Piper Press|Abbie Maley|Mia Austin|Darla Crane|Veronica Rayne|Charlee Rose|Synthia Fixx|Nina Hartley|Ava Austen|Hot Pearl|Raven Hart|Niykee Cruz|Angela Bella|Chanel St. James|Sarah Nikki|Clara Red|Anna Cummings|Kristee Lixx|Wisconsin Tiff|Bubbles Ann Taylor|Madam D|Mistress Kora Bell|Mochi Mona|Tayler Deerden|Delores Johnson|Miss Julie|Fun Charlie|Imani Valor|Skye Red|Lila Magenta|Trixie Dicksin|Abby|Haven Moss|Nina Nite|Bridgette Daniels|Dakota Quinn|Lucky Steve|Nicole Luva|Sonia Harcourt|Heaven Day|Nicole Nuthatch|Samantha Extreme|Suzy Wylde|Daisy Foxxx|Trixie Moore|Memel Wilde|Leia Lucas|Tricia Oaks|Mandingo Mike|Bella Cooper|Sarah|Tyler Ford|Kinsley Anne|Kennedy Kressler|Monica|Gabby Dior|Charlee|Linda Nelson|Julie|Zoe Lark|Lana Analise|Coralyn Jewel|Wynter Nyx|Joanna Meadows|Ivy Carlson|Lucy Morningstar|Vanessa Cliff|Ginger McKay|Ciel Sky|Kasey Cole|Sam the Whore|Brooke Black|Becky Tailor|Rhea Radford|Sgt. Major|Luna C. Kitsuen|Jade Baker|Pierce Johnson|Liz Valery|Sahara Rain|Cindy Hope|Zerah Jones|Ava Stone|Paul Woodcrest|Tifa Quinn|Jay Ashley|Katerina Deville|Janna Hicks|Jennifer|Jack Moore|Victoria Peaks|Audrey Reid|Lola Deluca|Brian Timber|John Henry|Seda|Bonni Gee|Della Cate|Cheerleader Kait|Summer Renee|Enzo East|Harley Love|Mia River|Ariela Donovan|Cindy Crawford|Chris Lockwood|Monica Minx|Brianna Coppage|Valeria Visconti|Jazz Duro|Alia Janine|Joey Valentine|Sierra Sinn|Katarina Kat|Austin Matthews|Angell Summers|Payton Simmons|Xavier Miller|Sebastian Keys|Brandy Renee|Rodrigo Amor|Barbie Crystal|Lotus Lain|Ember Stone|Selena Ivy|Kiki Cali|Mia James|Stoney Curtis|Snixxx|Misty Addams|Max Coxxx|Lucas Leoni|Taurus Angel|Lady Fyre|David Lord|Lina Cole|Summer Rae|Boswell Black|Dylan Moore|Scarlet LaVey|Valentina Violet|Karina Valentina|The Country Hotwife|Kaci Kennedy|Maisey Monroe|Amy Parks|Alix Lovell|Madison Sky|Remi Raw|Bad Bella|Fatima|Shayla Pink|Tiffany Nacke|Maddie Cross|Marin|Dezirae|Simone Ryder|Foxxxy Darlin|Sophie Torre|Marina Morris|Lilaq Honey|Kristal Kitty|Angelina Elizabeth|Monica Sierra|Molly McSquirts|Nicole Rae|Ara Mix|Zoey|Blaten Lee|Gina West|Selena Love|Destiny Mira|Joe Franco|Dina Joy|Molly Manning|Emori Pleezer|Princess Emily|Athena West|Vanna Smith|Julia James|Laynee James|Adel Morel|Kaira Kampen|Josy Black|Suzi Grande|Vanessa Hillz|Mar Bella|Roxi Keogh|Kaira Love|Bruno Baxter|Carla Boom|Sloan Rider|Mila Marie|Babi Star|Roxy Reynolds|King Frank|Lucia Fernandez|Sofi Vega|Di Devi|Elsie Robinson|Brandi Edwards|Reya Lovenlight|Bobby Bends|Luciana Lucy|Carina Blair|Kayme Kai|Fiona Sprouts|Caroline Pierce|Luissa Rosso|Pascal St. James|Lisa DeMarco|Liv Wylder|Jay Huntington|Seth Brogan|Ela Darling|Ashlynn Leigh|Mae Meyers|Rob Blu|Sam|Scarlett|John West|Ramona Lapiedra|Whitney OC|Elise London|Cleo Moon|Stella|Stella Barey|Marina Gold|Dolly X|Joanna Wei|Era Queen|Yanic|Dean|Gia Dibella|Daisy Fox|Chanel St James|MLFY Jonesy|Joanna Moore|Viva Athena|Kseniia Kufeld|Philisha|Harper Hays|Celtic Skye|Zoey Bellatrixxx|Medusa Porn|Diana Lawrence|Ashley Aixi|Vanessa Arizona|Clara Mia|Carollina Cherry|Alice Zaffyre|Gina Sweet|Leo Vice|Anita Rover|Carlo Duro|Madalina Moon|Avery Jane|Lilli Love|Mistress Blunt|Vicky Addams|Giselle Amore|Ravyn Alexa|Dakota Tyler|Sinatra Monroe|Scarlett Venom|Emerald Loves|Luna Luxe|Lissa Aires|Jason Cody|Sky Alexis|Ava Marina|Juliana Dreams|Delilah Dagger|Harlow West|Anastasia Shades|Debauchery Desired|Scarlett Rosewood|Brianne Blu|Roxie Miller|Sophie Tyler|Mia Michele|Hope Fontaine|Lovely Lo|Tall Girl Alli|Mercedes Mack|Tia Tamera|Dahlia Noire|Ricki|Gracey Fox|Una Fairy|Jane White|Taylor Gunner|Peach|Lexy Blaze|Becky Summer|Sasha Reign|Avery Wilds|Luna Colombiana|Kinley|Harlow Wilde|Kat Meyer|Cheyenne Gray|Keke Lou|Brylee Summers|Mira Luv|John Campbell|Sophia Fiore|Lera Murr|Berry McKockiner|Lilith Grace|Bridget Moore|Tia Maria|Harley Brooks|Nikki Hilton|Leenuh Rae|Heather Gables|Barbie Cummings|Chelsie Rae|Trisha Rey|Aloura Lynn|Kassius Kay|Sierra Skye|Mike Hilton|Alice Martin|Elicia Solis|Melissa May|Mike Hunter|Mik Luv|Bambi Blitz|Abi James|Brianna Arson|Suttin|Slay Kay|Lola Mai|Hazel Paige|Jessica Marie|Scott Trainor|Tyler James|Eva Generosi|Addis Fouché|Stano Izak|Caramella Del X|Karmen Bella|Karissa Kane|Bliss Dulce|Elizabeth Jolie|Naomi Heart|Aria Skye|Kaya Lin|Christian Charity|Eva Yi|Evelyn Rosa|Katie Murphy|Tiffany Tailor|Sofia Rivera|Jaye Austin|Dr. Mercies|Michael Ambrose|Draven Navarro|ModernGomorrah|Vanessa Moon|Kira Perez|London Lee|Isabella Jules|Veronica Violet|Tess Thompson|Ophelia Purr|Izzy Bell|Roxy Belle|Venus Vixen|Ray Collins|Nicole Nichols|Cici Shellz|Odessa Bailey|Molly Raves|Bella Nova|Marvelous Madilyn|Aria Sunflare|Roxanne Rhodes|Summer Raine|Rica|Rose Carter|Rylee Blake|Nicole Banks|Lola Aiko|Saint LaRose|Candice Demellza|Marcus Quillan|Roman Todd|Roxy Taggart|Kitty Jane|Samantha Jolie|Morgan Moon|Dominno Rebelde|Rita Peach|Uma Zex|Rhiannon Ryder|Foxy Sanie|Rick Angel|Bri Klein|Kathy Anderson|Claudia Macc|Chelsy Sun|Chrissy Fox|Bonnie Dolce|Alexa Chains|Katy Sky|Aysha Dama|Lilith Reine|Zoey Uso|Kloe Love|Mike Hell|Vera Jarw|Sabien DeMonia|Shrooms Q|Lila Hayes|Isa Metible|Coco Bae|Lola Cheeks|Malia Lenoir|Tanya Virago|Munro Blaxxx|Joclyn Stone|Chloe Foxxe|May Hashira|Thayana Babyy|George Lee|Julia Parker|Tegan Mohr|Sergeant Miles|Rhae Woods|Massy Sweet|Jessie Ames|Dez Hansen|Hiba Hakimi|Kona Jade|Lucy Foxx|Stephanie Raee|Charlotte Mae|Val Dodds|James Duval|Ethan Angus|Jenny Doll|Luna Black X|Rob Hudson|Ruby Shades|Ace Panzora|Luna Fae|Isabel Moon|Alicia Williams|Nelya Smalls|Daria Kuess|Juicy Leila|Cream Molly|Bree Star|Zara DuRose|Spikey Dee|Jayla Page|Tyler Hunt|Chris Epic|Rose Winters|Missy Luv|Cadence St John|Nikki Monroe|Julian Jaxon|Kylie Richards|Ginger Grey|Alex Kane|Mary Bambola|Brianna Bourbon|Ariel Darling|Ria Rose|Funsized Megan|Xochi Moon|Audrey Hempburne|Katelynn James|Vince|Brianna Anderson|Vanessa Vox|Tana Waters|Joy|Remi Jones|Katie Carmine|Sophia Sweet|Kai West|Dakota Knight|Alice Moore|Emma Blanco|Riley June|Rose Peach|Amber Green|Daniela Dadivoso|Kristy Black|Angel Rivas|Kris the Foxx|Jenny Ferri|Nikki Fox|Vera Wonder|Aislin|Mia Evans|Bunny Love|Jenny Wild|Emylia Argan|Tina Blade|Lana Belle|Adelle Unicorn|Mia Trejsi|Heidi Romanova|Adam Black|Cindy Dollar|Cynthia Vellons|Shione Cooper|Connie|Katerine Moss|Hailey Holiday|President Nelson|Nicole Pearl|Lilien Ford|Erika Bellucci|Delilah Davis|Rose Red|Rob Diesel|Alexis Silver|Chloe Chaos|Carmella Diamond|Isabel Ice|Ariana Jollee|Cadence Caliber|Cameron Keys|Carmen Vera|Ciera Sage|Deja Daire|Emma Redd|Kacey Villainess|Mia Bangg|Kira Zen|Jenifer Jane|Janet Alfano|Jersey Cummings|Kalee Hunter|Lauren Vaughn|Maria Bellucci|Rosario Stone|Nevaeh Charms|Brooklyn Jade|Darien Ross|Kylie Worthy|Leah Livingston|Megan Jones|Katrina Angel|Megan Reece|Brooke Scott|Georgia Peach|Heidi Besk|Jersey Jaxin|Joelean|Myah Monroe|Amber Peach|Daisy Duxe|Nikki Grind|Sonia Lopez|Victoria Sin|Anjelica Blew|Bethany Sweet|Kira Lake|Kitty Langdon|Luci Thai|Sierra Sanders|Sunshine|Valerie Luxe|Velvet Rose|Heidi Brooks|Kendra Secrets|Raven Black|Trinity Post|Crissy Cums|Franky Vixen|Aurora Chase|Tiffany Rayne|Ann Kelley|Michelle Christian|Sandi Beach|Nadia Nitro|Jaylyn Rose|Vanessa Lynn|Michele Raven|Lisa Sparxxx|Carly Parker|Frank Gun|Joshua|Victor Solo|Kala Prettyman|Marsha Lord|Naomi Cruise|Jami Kenney|Ginger Lea|Leeza Jones|Bailey O'Dare|Phyllisha Anne|Katrina Isis|Valentina Lopez|Aaralyn Barra|Alyssa Jordan|Andrea Wild|Bianca Valentino|Crissy Cane|Gia Marley|Honey Dejour|Ice la Fox|Krystal Jordan|Tabatha Tucker|Shannon Kelly|Violet Murphy|Kaycee Dean|Breanna Fox|Loretta Loren|Gabriella Banks|Jayma Reed|Lauren Kain|Michelle Avanti|Nichole Heiress|Bailey Nicole|Mia Freak|Trisha Marx|Alyssa Dior|Amber Kentucky|Amber Sky|Amina Amore|Amina Sky|Audrey Elson|Missy Maze|Bella Nikole|Bree Barrett|Candy Jones|Cyle Cuvee|Daphne Flor|Deena Daniels|Erin Shadows|Fiona Cheeks|Harley Valley|Isabella Pacino|Janae Kae|Kandi Hart|Katie Angel|Leighlani Red|Leona Dulce|Lucy Fire|Madaline|Melissa Matthews|Summer Lynn|Mia Grey|Patricia Petite|Rachell Ann|Roxie West|Sabrina Taylor|Summer Carter|Tika Tarius|Gilda Roberts|Linda Brown|Natalli DiAngelo|Anastasia Devine|Asia Morante|Aurora Oliveira|Jenna Lovely|Valentina Canali|Wiska|Kirsten Plant|Stacy Silver|Larissa Dee|Victoria Blaze|Linette|Victoria Puppy|Rachel Evans|Yukikon|Isabella Chrystin|Scarlet De Lis|Bambola|Dana Santo|Martina Gold|Krystal Swift|Angel Pink|Vickie Powell|Jade Marxxx|Calico|Kylee King|Sara Scott|Kayden Faye|Jandi Lin|Leah Wilde|Sara Faye|Devaun Long|Damon Pierce|January Seraph|Jade Indica|Sabrina Fox|Charlotte Vale|Dia Zerva|Natalie Minx|Amber Keen|Eve Lei|Sister Dee|Cecilia Vega|Mason|Skylar Price|Dana Vixen|Delilah Knight|Chloe Camilla|Payton Bell|Missy Minks|Lori Adorable|Sofia Lauryn|Rozen Debowe|Akira Raine|Tomi Knox|Katharine Cane|Bryn Blayne|Asa Archer|Tina Horn|Ranie Mae|Dallas Blaze|Flaming June|True Blue|Sophia Skye|Freya French|Kay Kardia|Olivia Fawn|Speckles|SubMiss Ann|Lilith Luxe|Violet October|Eden Coxxx|Ian Rath|Phoenix Askani|Romona Vaine|Marshal|Roxy Rox|Kayla West|Laura|Emily Austin|Lilyan Red|Anto Toto|Claire Castel|Math|Philippe Soine|Sensual Jane|Sabrina Sweet|Hanna Sweet|Michael Cheritto|Layla Terrace|Selena Castro|Anita Dark|Jasmine Bash|Anjelyze|Tila Pussan|Bella Blaze|Godiva Sweets|Heaven Summers|Kimberly Ruben|Shyla Shy|Carmen Hayes|Arianna Sinn|Lana Ivans|Salena Marie|Hailey Brooke|Gizzelle De La Cruz|Selena Star|Beverly Paige|Desiree Deluca|Ruby|London Reigns|Alyssa Lewis|Adriana Kelly|Tessa Lane|Chloe Taylor|Ruby Port|Sheila Grant|Bethany Benz|Laylani Star|Kristi Maxx|Jessica Stone|Amber Alexis|Trixie Star|Reina Lee|Yasmine Loven|Eloa Lombard|Erin Banks|Holly Brooks|Aurora Rose|Melodie Peters|Trinity Maze|Angel Deluca|Felicia Clover|Anabelle Pync|Jasmine Maybach|Keiyra Lina|Rikki Nyx|Phoenix Desire|Pheona Monroe|Bree Phoenix|Camelia Davis|Natalie Moore|Lilly Lovely|Jade Aspen|Camille Morgan|Mali Luna|Sarah Jennings|Melissa Reed|Adella Skyy|Skyler|Gigi Kitty|April Knight|Krista James|Jacqui Banks|Seka Black|Gigi Loren|Ailek|Jim Storm|Aleska Diamond|Ariel Rebel|David Mistral|David El Moreno|Jamie Stone|Adessa Winters|Kattie Hill|Raquel Roper|Andre Shakti|Marina Lee|Sister Nelson|Zane Anders|Peter Pounder|Rod Peterson|Tony D|Brother Tanner|Slut Bottom Chris|Regan Reese|Al-B|Eve Laurence|Savannah Elisse|Miss Lexa|Gypsy Rose|Sexy Nala|Sofia Smith|Elic Chase|Syl Rebel|Polly Pons|Mallory Mallone|Minx Grrl|Soma Snake Oil|Pink|Steven O'Master|Alison Faye|Kiki Sweet|Jenna Rose|Candice Jacobs|Max Jacobs|RayVeness|Lana Palmer|May Cox|Ren Nuisance|Rickii Rose|Monty Memphis|Allesandra Snow|Nyna Stax|Kesha Ortega|Eric Sinclair|Ken X|Eris Maximo|Violet Rose|Alina Long|Adley Rose|Dallas Black|Julie Simone|Wenona Bound|Barbary Rose|Bella Wilde|Nikki Litte|Luci Angel|Mandy Vortex|Pina Deluxe|Coco Chanal|Isabella Lui|Fetish Liza|Nomi Melone|Mad Kate|Jolyne Joy|Alexa Wild|Natty Mellow|Pamela Sanchez|Chiki Dulce|Anina Silk|Alexa Nasha|Nora Barcelona|Mistress Minerva|Oliver Pina|Nerea Falco|Rija Mae|Kendo Ortiz|Lee Sola|Susy Blue|Gemma Gomory|Aragne Spicy|Ichi the Lorean|Natalia Ruso|Lilith Optima|Laurita Rios|Lia Gaynor|Naomi Bernstein|Angelina Wild|Nasty Khalifa|Cindy Loarn|Gabriela Flores|Margout Darko|Lady Nala|Glenda Larker|Coffee Brown|Devon Taylor|Lilac Wine|Sloane Soleil|Kylie Liddell|Pink Suga|Alexxa Bound|Kara Price|Shane Dos Santos|Anastasia Pierce|Liam Lockran|Kylie Wylde|Staci Thorn|Elizabeth Thorn|Elyssa Greene|Jeze Belle|Alexa Pierce|Anna Tyler|Samantha Staxx|Vivian Azure|Mia Smiles|Gia Paloma|Alice Kingsnorth|Danica Merci|Bella Bellz|Athena Pleasures|Stacey Foxxx|Viktor Bond|Billy King|Chloe Duval|Ramon Sutra|Marie Washington|Izi Blu Sky|Angel Jackson|Autumn Orchid|Radka Docekalova|Gigi Ferari|Jordan Fleiss|Lori London|Cherrie Rose|Trista Tanner|Mila Jade|Big Dick Nick|Misty Vonage|Morning Star|Claudia LeNoir|Ella Bella|Joanna|Dorothy|Harper|Snixxx Schneider|Kayleigh Cake|Aura|Jason Horne|Niki|Miss Bunny|Frankie Vargas|Stunning Summer|Jenae Kae|Tiffany Hopkins|Angelina Stoli|Claudia Marie|Bella Nikole Black|Gem Jewels|Jezebeth|Lucy Diamond|Cat D.|Aisha Sun|Jessyca Wild|Ai Xi|Candice Coxx|Crystal P|Sadie Swede|Matt Cash|Jezebel Dahl|Valerie Kay|Sea J. Raw|Mina Thorne|Cara Saint Germain|Callie Dee|Alex De La Flor|Layla Rivera|Mya Mays|Simone Schiffer|Gisselle|Jazzmin Starr|Hope Harper|Jean Michaels|Kate Alton|Leah Layz|Emmanuelle London|Lexi Ward|Tegan Riley|Natasha Vega|J Love|Megan Vaughn|Misty Caitlin|Nikki Venom|Carlita Ray|Taylor Daye|Alex Isadora|Reya|Nikki Wood|Olivia Luxe|Allie Falls|Tokyo Lynn|Abby Somers|Ginger Monroe|Kaya Knight|Shay Smiles|Angel Ann|Tasha Bloom|Selene Love|Adrian|Madelyn Spark|Priscila Belini|Summer Stevens|Beverly Hillson|Sammi Summers|Riley Rose|Anna Kolba|Aluni|Ember Dixen|Luci Foxxx|Indra|Rose Jane|Meagan Moore|Dre Strong|Vegas Frenchy|Britney|Brandi Johnson|Heath Austin|Amy Lynne|Mark Rockwell|Zoe Voss|Joe Blow|Mark Anthony|Tone Capone|Wade Hardman|Steve James|Jessica Drake|Kyle Stone|Vin Deacon|Tee Reel|Brianna Ray|Molly Cavalli|Jasmine Wolff|Liam Lorde|Briana Banderas|Kenzie Madison|Alona Bloom|Taylor Wild|Violet Voss|Melztube|Slim Dark|Taylor Upton|Victoria Malfoy|Brooke Barclays|Natalee Shy|Kelly|April Vixxi|Gracie Monroe|Kitty Kat Texas|Khloe Mendosa|Baby Gemini|Remy Rune|Kendra Lee Ryan|Suzanne Ferrari|Reese Robbins|Riley Jean|Sidra Sage|Cameron Skye|Scott Stone|Chris Marxxx|Mia Kay|Marcelo Slave|Don Prince|Davin Strong|Danny Ocean|Aden Andrews|Delilah Cass|Branden Richards|CC Doll|Hydii May|Cass Woodland|Dirty Gunther|Koko Blond|Frank Jones|Simon Best|Gia Baweric|Rudy Valentino|Miranda Steel|Gerasim Spartak|Ameli Monk|Peter P|Eveline Magic|Luky Kolac|Jambie King|Tomas Dolnak|Tabitha Poison|Nensi Fox|Chris Sandoval|Steve Rickz|Mia Martinez|They Love Flaxk|Artemisia Love|Daisie Belle|Kelly Caprice|Kyle Aziani|Randy Denmark|Nacho Vegas|Rico Reyes|Tony Brooklyn|Larry Steel|Eric Tomfor|Mark Longwood|Oscar Batty|Jeniffer|Aleksandra Mink|Belinda Bee|Rita Black|Martin Bobes|Denis|Lupe Burnett|Erik Hard|Stefan Nikita|Amber Kawaii|Daviss de Vil|Maya Matthews|Nina|Lochai|Riley James|Vinny Tesoro|Kaleb Bell|Russel West|Jason Moore|CK Washington|Christian Parker|Ani Blackfox|Bruno SX|D Ruff|Barbie Dracula|Estrella|Darnell Black|Joachim Kessef|Jak Knife|Sami Parker|Virgo Peridot|Daniel Archer|Luc B|Tony Rope|Mercedes Lynn|Mz Kim|Jayde Kalipso|Melody Mynx|Billie Jean Austin|Pavel Terrier|Megan Inky|Peter North|Peter King|Tony Eveready|Nick Vargas|Britney Rose|Andrea Kelly|Jenner|Jason Maze|Jak Palmer|Jill Palmer|Sarah Lace|Betty Foxxx|Cristi Ann|Manda Moxxi|Lucky B|Mazzaratie Monica|Slave Fluffy|Goddess Sandra|Mia Taylor|Willie|Jason Maclane|Jamie Gillis|Mike|Kanada|Neil|Joey Sommers|Ivy Red|Jarod|Billy Budd|Top James|Franco|Billy Wild|Charlie Hustle|Marc Bowman|Michael|Chocolate Luv|J|Reggie Yee|Michael J Cox|Rusty Rockspring|John|Nick Nite|Venus|Subgriff|Richie Rennt|Dennis Lee|Lena Ramon|Bob Crane|Slave|Daemon|Mistress Heart|Jamie|Keith Berlin|Carly|Tony lee|Ian Frost|Bigdick Painslut|Sebastian|Robert Alan|Mark|Wolf Lotus|Mr. N|Maximus|Mallory Knots|Nash|Gavin|Plew|Lakko|Ken Sleazy|Kitty McMuffin|Venus May|Rok|Tungboy|Sylviana|SubDivideMe|Kyla King|Frank Stone|Dane Raiden|Jon|Ricosf|Mr. Eth|Alex Divine|Nick Jacobs|Damien|Nathaniel Meadowlark|Bridgett Harrington|Tyla Wynn|Mistress Aradia|Pussybottomboy|Kavika|Knox|Sterling Ward|Sir C|Lydia McLane|Rox|Alice Sadique|Rita Faltoyano|Phantom|Sil|Rob Armory|Beau Meadows|Stacey Cash|Steve O|Rick Hunt|Kitten|CJ Seven|Anthony|Nikki Nievez|Christopher Zale|Tao Jonz|Dak Ramsey|Jeff Sinclaire|Max Tibbs|Julie Night|Julian Fornatora|Jake Corwin|Casper Cox|Ryan Knox|Kylee Reese|Max Powers|Le Rock|Curt Wooster|Johnny Law|Patrick Andraste|Daphne Rosen|Alexis Golden|Chad Rock|Simone Kross|Alrik Angel|Jason Miller|Rusty Stevens|Tahiti Boy|Derrick Paul|Brian Mayor|Sky Burn|Eddy|Kimberlee Cline|CJ Diamante|Omar Williams|Jessie Zane|Sz|Sadie Blair|Donatello Devine|Melony Melons|Leo Malone|Crystal Taylor|Jenna Noelle|Lacy Tate|Alexa Vega|Poppy Morgan|Mr. POV|Damon James|Billy Watson|Mike Stud|Amber Lynn Bach|Bibi Noel|Bianca Burke|Mike Avery|Ben Dylan|Edyn Blair|Alice Hernandez|Rodney Moore|Doll Breaka|Cee Jayy|Jayden Cox|Alana Rains|Sara Jaymes|Cierra Bell|Anita Blanche|Allen Swift|Carlos Dickinson|DFW Knight|Aaron Stone|Lizz Tayler|Kristina Bell|Rick Masters|Ruslan Kolesnikov|Stepan|Brick Cummings|Mr Grey|Rock|Kate Quinn|James Bartholet|Magdalene St. Michaels|Kenny Kong|Henry Heston|Brynn Michaels|Angel Santana|Manuel Skye|Dani Blu|Kayleigh Davis|Summer Fox|Calvin Steel|Mr Moore|Adam Grandmaison|Tribal BBC|Ruby Knox|Shea|Alice Electra|Tommy Angelino|Kylie|Cici Anders|Kitty Brat|Peter Winterson|Mr Sweet|Carter James|Danny Luckee|Roxy Cox|Marquetta Jewel|Scott Stark|Jesse Jordan|Maty|Alexa Throat|Charlotte Grey|Janet Mason|Jon Q.|Luna Lain|Shay Laren|Sandra Otterson|Molly Brown|Alita Angel|Alice Shea|Hayli Sanders|Ron Jeremy|Jessica Heart|Hadley Haze|Luka Hardon|Cherry Candle|Martin Gun|Sergio Lagos|Baby Kxtten|Tommy Wood|Paola Hard|Ellie Luna|Esluna Love|Curved Marvin|Xander X|Kama Oxi|Miss Kataleya|Amelia Riven|Ryana|Falco White|Devils Kos|Anton Glider|Jess West|Nina Leigh|Sasha Steele|Bianka Brill|Seth Strong|Jasmine Sinclair|Rok 5662|Dee Siren|Wayne Siren|Kate|Paul Stalker|FitWife Jewels|Heidi Haze|Krystal Davis|Sadie Andrews|Angel Grand|Billy Raw|Bishop Kane|Brock Hardesty|Chocolatebeast|Chris Getz|Coal Daniels|Hothubbypov|Jay Blak|Kenny Kumshot|Mrtjclean|Robb Nation|Leana Maliko|Janay 59|Katee V|Barbara|Isla ID1355|Blair Summers|Lonnie ID977|Tara Morgan|Alina Voss|Becca Blair|Violet Moonshine|Lacee Rose|Summer Kline|JoJo Austin|Sage Roux|Liora Vane|Amira Mae|Vivienne Vo|Leo Valentino|Serena Nikki|Scarlett Gushes|Amber Starla|Lacy Solar|Kitty Monroe|London Lavish|Aries Adore|Sapphire Rose|Eva Rojas|Dace|Winter Walker|Amber Maddie|Scarlette Moon|Nicole Vaunt|Penelope Reed|Hope Blaise|Magenta Lexx|Alixx Amour|Jessie Belle|Miss Sally|Peach Lollypop|Ivy Mayhem|Tara Blackwell|Teddy Tarantino|Eva Tender|Kwini Kim|Ohana Petite|Dude22|HiYouth|Mira Wair|Sara Bork|Pretty Mary|Sylvia Wise|Ashley Tee|Kubera Fortuna|Boni|Wendy Raine|Laruna Mave|Veronika Charm|Mia Stone|Utmost Restraint|Kleo|Leo|Aleks Sam|Marco Nero|Tony Tigrao|Gabe Delight|Lykos Lobo|Erick Frei|Jeremie|Rebeca Villar|Natasha Rios|Little Maly|Black Line|Ed Junior|Axel Angelise|Yenifer Chacon|Ayumi Shinoda|Ariel Storm|Tara Knightly|Nena Linda|Tami White|Shylar Cobi|Gus|Samantha|Shaun|Elania XOXO|Jenna Madison|Lucy Mochi|Ashlynn Taylor|Ali Jones|Harper Maddoxx|Bruce Williams|Lola Rose|Raylan Franco|Lucy Mendez|Lory Lace|Shantelley Lace|Kate Vixen|Crystal Rave|Ava Amira|Ellie Murphy|Joey Avalon|Bradley Coocher|Cassie Lenoir|Nadia Newton|Skylar Squirts|Tony Orlando|Misty Quinn|Petra Blair|The Bitch Wife|Pauly Harker|Buddy Davis|Emily Eve|Sara Monroe|Teagan Summers|Rebecca Blue|Kiara Diane|Amy Anderssen|Pierre Woodman|Amuse De Bauche|Amelie Pure|Summer Breeze|Juicy Pearl|Ryan Bones|La Petite Blonde|Nick Steel|Olivia Blu|Paisley Osiris|Sabrisse|Selvaggia|Amandha Fox|Nikki Anne|Dragon Lily|Princess Rae|Ashley Jane|Totaleurosex 10565|Jai Morae|Abby Charles|Miyuki Son|Lola|Hellen V|Monika Wild|Henna Ssy|Freya Dee|Roxy Lips|Lola Taylor|Sonia Seine|Valentine Baxton|Angel B|Sonia Anglada|Michelle|Nicole|Alina|Eva|Katy|Victoria|Eva de Vil|Mary|Angie Moon|Christian Dean|Camille Oceana|Sherry Vine|Pink Charlotte|Anita Teen|Hannah Vivienne|Anya Akulova|Ana Spears|Cate Holiday|Isabel Love|Tony Marzo|Casey Conrad|Angel Ramiraz|James Hardon|Island Boy|Amone Bane|Devilshots Facials|Chi Chi Medina|Sadie Kennedy|Brianna Dymond|Julia Robbie|Lao Latina|Aurora Fox|Bliss Lei|Satine Summers|Isla Wild|Luna Angel|Melody Clark|Alara|Alexia Holy|Chris Sterling|Aubree Blair|Raven Thick|Naomi Ryder|Hayley Jane|Gatita Veve|Alice Drake|Derel Kage|Numi Zarah|Nicola Morena|Christy Ley|Ellie Shoule|Kaitlyn Katsaros|Kiki Daniels|Girthmasterr|Booty Latina|April Bigass|Jazmine White|Marie Fox|Sub Girl 811626|Naiomi Mae|My Cookie Jar|Missa Mars|Mandi Rose|Sydney Davis|Mitzi X|Jaxxon Bold|Terry Bangz|Cici Wild|Jasmine June|Jessica Aaren|Samantha Bang|Briley Alyssa|Allie Paige|Eric Dikkersun|Charli Rose|Zarina Noir|Ashley Renee|Sinnye|Amythest Stone|Ashley Blue|Jasmine Lynn|Marc Cummings|Marty Romano|Trent Tesoro|Tyler Wood|Heidi Neiss|Jordan Lee|Lori Peacock|Natasha Marie|Dave Hardman|Mickey G|Nick Night|Rod Fontana|Shawn Ricks|Alysson Sterling|Dave March|Dom Jordan|Jenna|Georgia James|Kara Hartley|Taylor Patrick|Rossa Vax|Gail Westyles|Wes|Allysin Chaynes|Anastasia Blue|Bunny Luv|Cassidey Rae|Cherry Chase|Dayton Rains|Frank Thring|Herschel Savage|Hayley Jayde|Jackie Ashe|Kaylee Sanchez|Diana Gold|Diana Lion|Elektra Angels|Jamie Brooks|Justine Ashley|Katy Caro|Priva Rey|Athena Heart|Lani Rivers|Camila Palmer|Duncan Sheen|Lucky Bee|Justice Nice|Emojizz|April Paisley|Abby Cox|Maddie May|Jenna Vive|Lando Ryder|Kiss Patricia|Kitty Carrera|Ann Joy|Helina Dream|Samantha Rouge|Lexi Victoria|Lina Babyface|Violet Clarke|Honey Bee|Hazy|Thalia Rhea|Graycee Baybee|Kell Fire|Lily Winters|Serafina Sky|Roman Raw|Jasko Fide|Fayah|Dani Marco|Rita Blue|Justina|Delfine Dahlia|Juan|Tia Tilton|Erica Boyer|Sandra Scream|Victoria Rush|Antonio Saint,,,,91,"ANY of 3,569 performers with 1-4 post-JAV scenes (materialized snapshot; zero-post-JAV performers excluded)"
jw:v1:tag:4721,266,Married IRL,Married IRL,Themes,tag_spotlight,new,import-ready,3853,18.98,1321,521,"{""include"":{""tags_all"":[""4721""]},""exclude"":{""tags_any"":[""9320""]}}",4721,THEME: Married IRL,,,,,,91,"canonical THEME tag, 3853 scenes"
jw:v1:tag:7666,267,23-29 (M),23-29 (M),Ages,tag_spotlight,new,import-ready,3558,17.53,2076,370,"{""include"":{""tags_all"":[""7666""]},""exclude"":{""tags_any"":[""9320""]}}",7666,AGE: 23-29 (M),,,,,,91,"canonical AGE tag, 3558 scenes"
jw:v1:tag:7674,268,30-39 (F),30-39 (F),Ages,tag_spotlight,new,import-ready,4668,23.0,2347,468,"{""include"":{""tags_all"":[""7674""]},""exclude"":{""tags_any"":[""9320""]}}",7674,AGE: 30-39 (F),,,,,,91,"canonical AGE tag, 4668 scenes"
jw:v1:tag:7680,269,40-49 (M),40-49 (M),Ages,tag_spotlight,new,import-ready,3718,18.32,2138,368,"{""include"":{""tags_all"":[""7680""]},""exclude"":{""tags_any"":[""9320""]}}",7680,AGE: 40-49 (M),,,,,,91,"canonical AGE tag, 3718 scenes"
jw:v1:tag:7681,270,40-49 (F),40-49 (F),Ages,tag_spotlight,new,import-ready,983,4.84,913,170,"{""include"":{""tags_all"":[""7681""]},""exclude"":{""tags_any"":[""9320""]}}",7681,AGE: 40-49 (F),,,,,,85,"canonical AGE tag, 983 scenes"
jw:v1:tag:7687,271,50-59 (M),50-59 (M),Ages,tag_spotlight,new,import-ready,813,4.01,908,139,"{""include"":{""tags_all"":[""7687""]},""exclude"":{""tags_any"":[""9320""]}}",7687,AGE: 50-59 (M),,,,,,84,"canonical AGE tag, 813 scenes"
jw:v1:tag:7778,272,1U,1U,Cast Configurations,tag_spotlight,new,import-ready,109,0.54,41,12,"{""include"":{""tags_all"":[""7778""]},""exclude"":{""tags_any"":[""9320""]}}",7778,CAST: 1U,,,,,,66,"canonical CAST tag, 109 scenes"
jw:v1:tag:7855,273,1M,1M,Cast Configurations,tag_spotlight,new,import-ready,34,0.17,25,15,"{""include"":{""tags_all"":[""7855""]},""exclude"":{""tags_any"":[""9320""]}}",7855,CAST: 1M,,,,,,54,"canonical CAST tag, 34 scenes"
jw:v1:tag:7876,274,1M1F,1M1F,Cast Configurations,tag_spotlight,new,import-ready,12279,60.49,3694,650,"{""include"":{""tags_all"":[""7876""]},""exclude"":{""tags_any"":[""9320""]}}",7876,CAST: 1M1F,,,,,,91,"canonical CAST tag, 12279 scenes"
jw:v1:tag:7889,275,2M1F,2M1F,Cast Configurations,tag_spotlight,new,import-ready,757,3.73,827,147,"{""include"":{""tags_all"":[""7889""]},""exclude"":{""tags_any"":[""9320""]}}",7889,CAST: 2M1F,,,,,,84,"canonical CAST tag, 757 scenes"
jw:v1:tag:7897,276,Black Male,Black Male,Ethnicity & Demo,tag_spotlight,new,import-ready,1856,9.14,1480,207,"{""include"":{""tags_all"":[""7897""]},""exclude"":{""tags_any"":[""9320""]}}",7897,DEMO: Black Male,,,,,,89,"canonical DEMO tag, 1856 scenes"
jw:v1:tag:7910,277,Latin Male,Latin Male,Ethnicity & Demo,tag_spotlight,new,import-ready,1109,5.46,1038,246,"{""include"":{""tags_all"":[""7910""]},""exclude"":{""tags_any"":[""9320""]}}",7910,DEMO: Latin Male,,,,,,89,"canonical DEMO tag, 1109 scenes"
jw:v1:tag:7911,278,Latin Female,Latin Female,Ethnicity & Demo,tag_spotlight,new,import-ready,2682,13.21,1592,366,"{""include"":{""tags_all"":[""7911""]},""exclude"":{""tags_any"":[""9320""]}}",7911,DEMO: Latin Female,,,,,,90,"canonical DEMO tag, 2682 scenes"
jw:v1:tag:7938,279,Mixed Male,Mixed Male,Ethnicity & Demo,tag_spotlight,new,import-ready,1082,5.33,897,146,"{""include"":{""tags_all"":[""7938""]},""exclude"":{""tags_any"":[""9320""]}}",7938,DEMO: Mixed Male,,,,,,88,"canonical DEMO tag, 1082 scenes"
jw:v1:tag:7939,280,Mixed Female,Mixed Female,Ethnicity & Demo,tag_spotlight,new,import-ready,723,3.56,642,239,"{""include"":{""tags_all"":[""7939""]},""exclude"":{""tags_any"":[""9320""]}}",7939,DEMO: Mixed Female,,,,,,85,"canonical DEMO tag, 723 scenes"
jw:v1:tag:7977,281,Blowjob,Blowjob,Acts,tag_spotlight,new,import-ready,12351,60.85,3944,721,"{""include"":{""tags_all"":[""7977""]},""exclude"":{""tags_any"":[""9320""]}}",7977,ACT: Blowjob,,,,,,91,"canonical ACT tag, 12351 scenes"
jw:v1:tag:7978,282,Cunnilingus,Cunnilingus,Acts,tag_spotlight,new,import-ready,7317,36.05,3040,474,"{""include"":{""tags_all"":[""7978""]},""exclude"":{""tags_any"":[""9320""]}}",7978,ACT: Cunnilingus,,,,,,91,"canonical ACT tag, 7317 scenes"
jw:v1:tag:7980,283,Titjob,Titjob,Acts,tag_spotlight,new,import-ready,1884,9.28,1100,269,"{""include"":{""tags_all"":[""7980""]},""exclude"":{""tags_any"":[""9320""]}}",7980,ACT: Titjob,,,,,,89,"canonical ACT tag, 1884 scenes"
jw:v1:tag:7981,284,Fingering,Fingering,Acts,tag_spotlight,new,import-ready,4398,21.67,2411,360,"{""include"":{""tags_all"":[""7981""]},""exclude"":{""tags_any"":[""9320""]}}",7981,ACT: Fingering,,,,,,91,"canonical ACT tag, 4398 scenes"
jw:v1:tag:7982,285,Masturbation,Masturbation,Acts,tag_spotlight,new,import-ready,2299,11.33,1648,337,"{""include"":{""tags_all"":[""7982""]},""exclude"":{""tags_any"":[""9320""]}}",7982,ACT: Masturbation,,,,,,90,"canonical ACT tag, 2299 scenes"
jw:v1:tag:7983,286,Squirting,Squirting,Acts,tag_spotlight,new,import-ready,1074,5.29,930,170,"{""include"":{""tags_all"":[""7983""]},""exclude"":{""tags_any"":[""9320""]}}",7983,ACT: Squirting,,,,,,88,"canonical ACT tag, 1074 scenes"
jw:v1:tag:7986,287,Cumshot - face,Cumshot - face,Acts,tag_spotlight,new,import-ready,6964,34.31,2978,469,"{""include"":{""tags_all"":[""7986""]},""exclude"":{""tags_any"":[""9320""]}}",7986,ACT: Cumshot - face,,,,,,91,"canonical ACT tag, 6964 scenes"
jw:v1:tag:7988,288,Cumshot - body,Cumshot - body,Acts,tag_spotlight,new,import-ready,2492,12.28,1624,328,"{""include"":{""tags_all"":[""7988""]},""exclude"":{""tags_any"":[""9320""]}}",7988,ACT: Cumshot - body,,,,,,90,"canonical ACT tag, 2492 scenes"
jw:v1:tag:7989,289,Cumshot - internal,Cumshot - internal,Acts,tag_spotlight,new,import-ready,1694,8.35,1316,283,"{""include"":{""tags_all"":[""7989""]},""exclude"":{""tags_any"":[""9320""]}}",7989,ACT: Cumshot - internal,,,,,,90,"canonical ACT tag, 1694 scenes"
jw:v1:tag:7990,290,DP,DP,Acts,tag_spotlight,new,import-ready,578,2.85,823,119,"{""include"":{""tags_all"":[""7990""]},""exclude"":{""tags_any"":[""9320""]}}",7990,ACT: DP,,,,,,84,"canonical ACT tag, 578 scenes"
jw:v1:tag:7991,291,Sex toys,Sex toys,Acts,tag_spotlight,new,import-ready,2121,10.45,1562,260,"{""include"":{""tags_all"":[""7991""]},""exclude"":{""tags_any"":[""9320""]}}",7991,ACT: Sex toys,,,,,,90,"canonical ACT tag, 2121 scenes"
jw:v1:tag:7992,292,Grinding,Grinding,Acts,tag_spotlight,new,import-ready,475,2.34,644,146,"{""include"":{""tags_all"":[""7992""]},""exclude"":{""tags_any"":[""9320""]}}",7992,ACT: Grinding,,,,,,80,"canonical ACT tag, 475 scenes"
jw:v1:tag:7993,293,Ass-to-mouth,Ass-to-mouth,Acts,tag_spotlight,new,import-ready,2090,10.3,1324,173,"{""include"":{""tags_all"":[""7993""]},""exclude"":{""tags_any"":[""9320""]}}",7993,ACT: Ass-to-mouth,,,,,,89,"canonical ACT tag, 2090 scenes"
jw:v1:tag:7994,294,Fisting,Fisting,Acts,tag_spotlight,new,import-ready,174,0.86,289,51,"{""include"":{""tags_all"":[""7994""]},""exclude"":{""tags_any"":[""9320""]}}",7994,ACT: Fisting,,,,,,72,"canonical ACT tag, 174 scenes"
jw:v1:tag:7996,295,Small ass,Small ass,Body & Attributes,tag_spotlight,new,import-ready,1457,7.18,1203,176,"{""include"":{""tags_all"":[""7996""]},""exclude"":{""tags_any"":[""9320""]}}",7996,BODY: Small ass,,,,,,89,"canonical BODY tag, 1457 scenes"
jw:v1:tag:7997,296,Medium ass,Medium ass,Body & Attributes,tag_spotlight,new,import-ready,2496,12.3,1448,281,"{""include"":{""tags_all"":[""7997""]},""exclude"":{""tags_any"":[""9320""]}}",7997,BODY: Medium ass,,,,,,90,"canonical BODY tag, 2496 scenes"
jw:v1:tag:7998,297,Curvy,Curvy,Body & Attributes,tag_spotlight,new,import-ready,1143,5.63,1012,161,"{""include"":{""tags_all"":[""7998""]},""exclude"":{""tags_any"":[""9320""]}}",7998,BODY: Curvy,,,,,,88,"canonical BODY tag, 1143 scenes"
jw:v1:tag:8001,298,Hairy,Hairy,Body & Attributes,tag_spotlight,new,import-ready,1919,9.45,1278,261,"{""include"":{""tags_all"":[""8001""]},""exclude"":{""tags_any"":[""9320""]}}",8001,BODY: Hairy,,,,,,90,"canonical BODY tag, 1919 scenes"
jw:v1:tag:8003,299,Big breasts,Big breasts,Body & Attributes,tag_spotlight,new,import-ready,5279,26.01,2292,530,"{""include"":{""tags_all"":[""8003""]},""exclude"":{""tags_any"":[""9320""]}}",8003,BODY: Big breasts,,,,,,91,"canonical BODY tag, 5279 scenes"
jw:v1:tag:8004,300,Small breasts,Small breasts,Body & Attributes,tag_spotlight,new,import-ready,3027,14.91,1853,371,"{""include"":{""tags_all"":[""8004""]},""exclude"":{""tags_any"":[""9320""]}}",8004,BODY: Small breasts,,,,,,91,"canonical BODY tag, 3027 scenes"
jw:v1:tag:8005,301,Medium breasts,Medium breasts,Body & Attributes,tag_spotlight,new,import-ready,1571,7.74,1204,230,"{""include"":{""tags_all"":[""8005""]},""exclude"":{""tags_any"":[""9320""]}}",8005,BODY: Medium breasts,,,,,,89,"canonical BODY tag, 1571 scenes"
jw:v1:tag:8006,302,Augmented breasts,Augmented breasts,Body & Attributes,tag_spotlight,new,import-ready,2833,13.96,1564,257,"{""include"":{""tags_all"":[""8006""]},""exclude"":{""tags_any"":[""9320""]}}",8006,BODY: Augmented breasts,,,,,,90,"canonical BODY tag, 2833 scenes"
jw:v1:tag:8015,303,Muscular,Muscular,Body & Attributes,tag_spotlight,new,import-ready,1402,6.91,1103,97,"{""include"":{""tags_all"":[""8015""]},""exclude"":{""tags_any"":[""9320""]}}",8015,BODY: Muscular,,,,,,87,"canonical BODY tag, 1402 scenes"
jw:v1:tag:8016,304,Big dick,Big dick,Body & Attributes,tag_spotlight,new,import-ready,5932,29.22,2695,394,"{""include"":{""tags_all"":[""8016""]},""exclude"":{""tags_any"":[""9320""]}}",8016,BODY: Big dick,,,,,,91,"canonical BODY tag, 5932 scenes"
jw:v1:tag:8017,305,Uncircumcised,Uncircumcised,Body & Attributes,tag_spotlight,new,import-ready,1175,5.79,908,126,"{""include"":{""tags_all"":[""8017""]},""exclude"":{""tags_any"":[""9320""]}}",8017,BODY: Uncircumcised,,,,,,88,"canonical BODY tag, 1175 scenes"
jw:v1:tag:8019,306,Average body,Average body,Body & Attributes,tag_spotlight,new,import-ready,1707,8.41,1188,153,"{""include"":{""tags_all"":[""8019""]},""exclude"":{""tags_any"":[""9320""]}}",8019,BODY: Average body,,,,,,88,"canonical BODY tag, 1707 scenes"
jw:v1:tag:8022,307,Step-family,Step-family,Themes,tag_spotlight,new,import-ready,703,3.46,666,159,"{""include"":{""tags_all"":[""8022""]},""exclude"":{""tags_any"":[""9320""]}}",8022,THEME: Step-family,,,,,,84,"canonical THEME tag, 703 scenes"
jw:v1:tag:8023,308,Taboo,Taboo,Themes,tag_spotlight,new,import-ready,406,2.0,417,107,"{""include"":{""tags_all"":[""8023""]},""exclude"":{""tags_any"":[""9320""]}}",8023,THEME: Taboo,,,,,,79,"canonical THEME tag, 406 scenes"
jw:v1:tag:8025,309,Exhibitionism,Exhibitionism,Themes,tag_spotlight,new,import-ready,367,1.81,497,98,"{""include"":{""tags_all"":[""8025""]},""exclude"":{""tags_any"":[""9320""]}}",8025,THEME: Exhibitionism,,,,,,79,"canonical THEME tag, 367 scenes"
jw:v1:tag:8029,310,First time,First time,Themes,tag_spotlight,new,import-ready,472,2.33,639,77,"{""include"":{""tags_all"":[""8029""]},""exclude"":{""tags_any"":[""9320""]}}",8029,THEME: First time,,,,,,79,"canonical THEME tag, 472 scenes"
jw:v1:tag:8031,311,Older/younger,Older/younger,Themes,tag_spotlight,new,import-ready,383,1.89,466,130,"{""include"":{""tags_all"":[""8031""]},""exclude"":{""tags_any"":[""9320""]}}",8031,THEME: Older/younger,,,,,,79,"canonical THEME tag, 383 scenes"
jw:v1:tag:8032,312,Holiday/seasonal,Holiday/seasonal,Themes,tag_spotlight,new,import-ready,227,1.12,361,72,"{""include"":{""tags_all"":[""8032""]},""exclude"":{""tags_any"":[""9320""]}}",8032,THEME: Holiday/seasonal,,,,,,78,"canonical THEME tag, 227 scenes"
jw:v1:tag:8033,313,Freeuse,Freeuse,Themes,tag_spotlight,new,import-ready,38,0.19,70,17,"{""include"":{""tags_all"":[""8033""]},""exclude"":{""tags_any"":[""9320""]}}",8033,THEME: Freeuse,,,,,,56,"canonical THEME tag, 38 scenes"
jw:v1:tag:8034,314,Reluctance,Reluctance,Themes,tag_spotlight,new,import-ready,160,0.79,231,42,"{""include"":{""tags_all"":[""8034""]},""exclude"":{""tags_any"":[""9320""]}}",8034,THEME: Reluctance,,,,,,71,"canonical THEME tag, 160 scenes"
jw:v1:tag:8035,315,Swingers,Swingers,Themes,tag_spotlight,new,import-ready,129,0.64,292,24,"{""include"":{""tags_all"":[""8035""]},""exclude"":{""tags_any"":[""9320""]}}",8035,THEME: Swingers,,,,,,71,"canonical THEME tag, 129 scenes"
jw:v1:tag:8041,316,Office,Office,Settings,tag_spotlight,new,import-ready,177,0.87,310,70,"{""include"":{""tags_all"":[""8041""]},""exclude"":{""tags_any"":[""9320""]}}",8041,SET: Office,,,,,,73,"canonical SET tag, 177 scenes"
jw:v1:tag:8045,317,Gym,Gym,Settings,tag_spotlight,new,import-ready,103,0.51,178,44,"{""include"":{""tags_all"":[""8045""]},""exclude"":{""tags_any"":[""9320""]}}",8045,SET: Gym,,,,,,71,"canonical SET tag, 103 scenes"
jw:v1:tag:8046,318,Club/bar,Club/bar,Settings,tag_spotlight,new,import-ready,54,0.27,123,20,"{""include"":{""tags_all"":[""8046""]},""exclude"":{""tags_any"":[""9320""]}}",8046,SET: Club/bar,,,,,,63,"canonical SET tag, 54 scenes"
jw:v1:tag:8047,319,Dungeon,Dungeon,Settings,tag_spotlight,new,import-ready,111,0.55,186,17,"{""include"":{""tags_all"":[""8047""]},""exclude"":{""tags_any"":[""9320""]}}",8047,SET: Dungeon,,,,,,69,"canonical SET tag, 111 scenes"
jw:v1:tag:8049,320,School,School,Settings,tag_spotlight,new,import-ready,89,0.44,175,39,"{""include"":{""tags_all"":[""8049""]},""exclude"":{""tags_any"":[""9320""]}}",8049,SET: School,,,,,,65,"canonical SET tag, 89 scenes"
jw:v1:tag:8054,321,Pantyhose,Pantyhose,Wardrobe,tag_spotlight,new,import-ready,125,0.62,244,57,"{""include"":{""tags_all"":[""8054""]},""exclude"":{""tags_any"":[""9320""]}}",8054,WARD: Pantyhose,,,,,,72,"canonical WARD tag, 125 scenes"
jw:v1:tag:8057,322,Bikini,Bikini,Wardrobe,tag_spotlight,new,import-ready,397,1.96,502,95,"{""include"":{""tags_all"":[""8057""]},""exclude"":{""tags_any"":[""9320""]}}",8057,WARD: Bikini,,,,,,79,"canonical WARD tag, 397 scenes"
jw:v1:tag:8058,323,Uniform,Uniform,Wardrobe,tag_spotlight,new,import-ready,371,1.83,545,129,"{""include"":{""tags_all"":[""8058""]},""exclude"":{""tags_any"":[""9320""]}}",8058,WARD: Uniform,,,,,,80,"canonical WARD tag, 371 scenes"
jw:v1:tag:8059,324,Latex/leather,Latex/leather,Wardrobe,tag_spotlight,new,import-ready,519,2.56,633,84,"{""include"":{""tags_all"":[""8059""]},""exclude"":{""tags_any"":[""9320""]}}",8059,WARD: Latex/leather,,,,,,83,"canonical WARD tag, 519 scenes"
jw:v1:tag:8060,325,Glasses,Glasses,Wardrobe,tag_spotlight,new,import-ready,437,2.15,601,117,"{""include"":{""tags_all"":[""8060""]},""exclude"":{""tags_any"":[""9320""]}}",8060,WARD: Glasses,,,,,,80,"canonical WARD tag, 437 scenes"
jw:v1:tag:8061,326,Barefoot,Barefoot,Wardrobe,tag_spotlight,new,import-ready,475,2.34,493,107,"{""include"":{""tags_all"":[""8061""]},""exclude"":{""tags_any"":[""9320""]}}",8061,WARD: Barefoot,,,,,,79,"canonical WARD tag, 475 scenes"
jw:v1:tag:8062,327,Casual,Casual,Wardrobe,tag_spotlight,new,import-ready,2450,12.07,1617,313,"{""include"":{""tags_all"":[""8062""]},""exclude"":{""tags_any"":[""9320""]}}",8062,WARD: Casual,,,,,,90,"canonical WARD tag, 2450 scenes"
jw:v1:tag:8063,328,Business,Business,Wardrobe,tag_spotlight,new,import-ready,325,1.6,433,89,"{""include"":{""tags_all"":[""8063""]},""exclude"":{""tags_any"":[""9320""]}}",8063,WARD: Business,,,,,,79,"canonical WARD tag, 325 scenes"
jw:v1:tag:8064,329,Jewelry,Jewelry,Wardrobe,tag_spotlight,new,import-ready,630,3.1,636,150,"{""include"":{""tags_all"":[""8064""]},""exclude"":{""tags_any"":[""9320""]}}",8064,WARD: Jewelry,,,,,,84,"canonical WARD tag, 630 scenes"
jw:v1:tag:8069,330,Choking/breath,Choking/breath,Kinks & Fetish,tag_spotlight,new,import-ready,542,2.67,599,99,"{""include"":{""tags_all"":[""8069""]},""exclude"":{""tags_any"":[""9320""]}}",8069,KINK: Choking/breath,,,,,,83,"canonical KINK tag, 542 scenes"
jw:v1:tag:8071,331,Nipple torment,Nipple torment,Kinks & Fetish,tag_spotlight,new,import-ready,273,1.34,347,45,"{""include"":{""tags_all"":[""8071""]},""exclude"":{""tags_any"":[""9320""]}}",8071,KINK: Nipple torment,,,,,,77,"canonical KINK tag, 273 scenes"
jw:v1:tag:8072,332,Electro play,Electro play,Kinks & Fetish,tag_spotlight,new,import-ready,193,0.95,242,13,"{""include"":{""tags_all"":[""8072""]},""exclude"":{""tags_any"":[""9320""]}}",8072,KINK: Electro play,,,,,,69,"canonical KINK tag, 193 scenes"
jw:v1:tag:8075,333,Pegging,Pegging,Kinks & Fetish,tag_spotlight,new,import-ready,352,1.73,228,8,"{""include"":{""tags_all"":[""8075""]},""exclude"":{""tags_any"":[""9320""]}}",8075,KINK: Pegging,,,,,,73,"canonical KINK tag, 352 scenes"
jw:v1:tag:8076,334,CBT,CBT,Kinks & Fetish,tag_spotlight,new,import-ready,359,1.77,241,12,"{""include"":{""tags_all"":[""8076""]},""exclude"":{""tags_any"":[""9320""]}}",8076,KINK: CBT,,,,,,74,"canonical KINK tag, 359 scenes"
jw:v1:tag:8077,335,Wax/temperature,Wax/temperature,Kinks & Fetish,tag_spotlight,new,import-ready,45,0.22,86,13,"{""include"":{""tags_all"":[""8077""]},""exclude"":{""tags_any"":[""9320""]}}",8077,KINK: Wax/temperature,,,,,,56,"canonical KINK tag, 45 scenes"
jw:v1:tag:8078,336,Watersports,Watersports,Kinks & Fetish,tag_spotlight,new,import-ready,94,0.46,151,31,"{""include"":{""tags_all"":[""8078""]},""exclude"":{""tags_any"":[""9320""]}}",8078,KINK: Watersports,,,,,,64,"canonical KINK tag, 94 scenes"
jw:v1:tag:8079,337,Large insertion,Large insertion,Kinks & Fetish,tag_spotlight,new,import-ready,108,0.53,175,47,"{""include"":{""tags_all"":[""8079""]},""exclude"":{""tags_any"":[""9320""]}}",8079,KINK: Large insertion,,,,,,71,"canonical KINK tag, 108 scenes"
jw:v1:tag:8080,338,Sensory deprivation,Sensory deprivation,Kinks & Fetish,tag_spotlight,new,import-ready,363,1.79,454,48,"{""include"":{""tags_all"":[""8080""]},""exclude"":{""tags_any"":[""9320""]}}",8080,KINK: Sensory deprivation,,,,,,78,"canonical KINK tag, 363 scenes"
jw:v1:tag:8082,339,Pet play,Pet play,Kinks & Fetish,tag_spotlight,new,import-ready,33,0.16,57,16,"{""include"":{""tags_all"":[""8082""]},""exclude"":{""tags_any"":[""9320""]}}",8082,KINK: Pet play,,,,,,56,"canonical KINK tag, 33 scenes"
jw:v1:tag:8083,340,Gonzo,Gonzo,Production Styles,tag_spotlight,new,import-ready,6510,32.07,2967,417,"{""include"":{""tags_all"":[""8083""]},""exclude"":{""tags_any"":[""9320""]}}",8083,PROD: Gonzo,,,,,,91,"canonical PROD tag, 6510 scenes"
jw:v1:tag:8087,341,Compilation,Compilation,Production Styles,tag_spotlight,new,import-ready,77,0.38,293,15,"{""include"":{""tags_all"":[""8087""]},""exclude"":{""tags_any"":[""9320""]}}",8087,PROD: Compilation,,,,,,64,"canonical PROD tag, 77 scenes"
jw:v1:tag:8089,342,Reality,Reality,Production Styles,tag_spotlight,new,import-ready,397,1.96,443,68,"{""include"":{""tags_all"":[""8089""]},""exclude"":{""tags_any"":[""9320""]}}",8089,PROD: Reality,,,,,,78,"canonical PROD tag, 397 scenes"
jw:v1:tag:8668,343,Bukkake,Bukkake,Acts,tag_spotlight,new,import-ready,277,1.36,191,16,"{""include"":{""tags_all"":[""8668""]},""exclude"":{""tags_any"":[""9320""]}}",8668,ACT: Bukkake,,,,,,74,"canonical ACT tag, 277 scenes"
jw:v1:tag:8669,344,Oiled,Oiled,Body & Attributes,tag_spotlight,new,import-ready,1041,5.13,885,139,"{""include"":{""tags_all"":[""8669""]},""exclude"":{""tags_any"":[""9320""]}}",8669,BODY: Oiled,,,,,,88,"canonical BODY tag, 1041 scenes"
jw:v1:tag:9575,345,Sci-fi/Fantasy,Sci-fi/Fantasy,Themes,tag_spotlight,new,import-ready,43,0.21,85,18,"{""include"":{""tags_all"":[""9575""]},""exclude"":{""tags_any"":[""9320""]}}",9575,THEME: Sci-fi/Fantasy,,,,,,56,"canonical THEME tag, 43 scenes"
jw:v1:tag:9576,346,Wedding,Wedding,Themes,tag_spotlight,new,import-ready,34,0.17,71,18,"{""include"":{""tags_all"":[""9576""]},""exclude"":{""tags_any"":[""9320""]}}",9576,THEME: Wedding,,,,,,56,"canonical THEME tag, 34 scenes"
jw:v1:tag:9580,347,Medical,Medical,Kinks & Fetish,tag_spotlight,new,import-ready,58,0.29,117,29,"{""include"":{""tags_all"":[""9580""]},""exclude"":{""tags_any"":[""9320""]}}",9580,KINK: Medical,,,,,,64,"canonical KINK tag, 58 scenes"
jw:v1:tag:9581,348,Rough sex,Rough sex,Kinks & Fetish,tag_spotlight,new,import-ready,99,0.49,118,22,"{""include"":{""tags_all"":[""9581""]},""exclude"":{""tags_any"":[""9320""]}}",9581,KINK: Rough sex,,,,,,63,"canonical KINK tag, 99 scenes"
jw:v1:tag:9583,349,Softcore,Softcore,Production Styles,tag_spotlight,new,import-ready,27,0.13,37,19,"{""include"":{""tags_all"":[""9583""]},""exclude"":{""tags_any"":[""9320""]}}",9583,PROD: Softcore,,,,,,55,"canonical PROD tag, 27 scenes"
jw:v1:taginex:8026:ex8085,350,Roleplay (no Narrative),Roleplay (no Narrative),Tag Crossovers,tag_include_exclude,new,import-ready,1101,5.42,1000,193,"{""include"":{""tags_all"":[""8026""]},""exclude"":{""tags_any"":[""8085"",""9320""]}}",8026,THEME: Roleplay,,,,,,67,locked subtraction channel: THEME: Roleplay minus Narrative
jw:v1:taginex:8066:ex8083,351,Spanking/impact (no Gonzo),Spanking/impact (no Gonzo),Tag Crossovers,tag_include_exclude,new,import-ready,1308,6.44,1119,163,"{""include"":{""tags_all"":[""8066""]},""exclude"":{""tags_any"":[""8083"",""9320""]}}",8066,KINK: Spanking/impact,,,,,,71,locked subtraction channel: KINK: Spanking/impact minus Gonzo
jw:v1:taginex:8083:ex7876,352,Gonzo (no 1M1F),Gonzo (no 1M1F),Tag Crossovers,tag_include_exclude,new,import-ready,2000,9.85,1804,254,"{""include"":{""tags_all"":[""8083""]},""exclude"":{""tags_any"":[""7876"",""9320""]}}",8083,PROD: Gonzo,,,,,,72,locked subtraction channel: PROD: Gonzo minus 1M1F
jw:v1:taginex:8085:ex8083,353,Narrative (no Gonzo),Narrative (no Gonzo),Tag Crossovers,tag_include_exclude,new,import-ready,566,2.79,725,114,"{""include"":{""tags_all"":[""8085""]},""exclude"":{""tags_any"":[""8083"",""9320""]}}",8085,PROD: Narrative,,,,,,68,locked subtraction channel: PROD: Narrative minus Gonzo
jw:v1:tagpair:8039:10210,354,Breast play + Living room,Breast play + Living room,Tag Crossovers,tag_pair,new,import-ready,265,1.31,378,91,"{""include"":{""tags_all"":[""8039"",""10210""]},""exclude"":{""tags_any"":[""9320""]}}",8039|10210,SET: Living room|ACT: Breast play,,,,,,74,"two-tag concept, captures 23% of smaller parent, lift 3.6"
jw:v1:tagpair:4721:7882,355,Married IRL + 1M2F,Married IRL + 1M2F,Tag Crossovers,tag_pair,new,import-ready,548,2.7,557,131,"{""include"":{""tags_all"":[""4721"",""7882""]},""exclude"":{""tags_any"":[""9320""]}}",4721|7882,THEME: Married IRL|CAST: 1M2F,,,,,,67,"two-tag concept, captures 28% of smaller parent, lift 1.49"
jw:v1:tagpair:6188:10214,356,Group + Orgy,Group + Orgy,Tag Crossovers,tag_pair,new,import-ready,213,1.05,690,75,"{""include"":{""tags_all"":[""6188"",""10214""]},""exclude"":{""tags_any"":[""9320""]}}",6188|10214,CAST: Group|THEME: Orgy,,,,,,67,"two-tag concept, captures 61% of smaller parent, lift 9.75"
jw:v1:tagpair:7882:10211,357,1M2F + Facesitting,1M2F + Facesitting,Tag Crossovers,tag_pair,new,import-ready,481,2.37,702,91,"{""include"":{""tags_all"":[""7882"",""10211""]},""exclude"":{""tags_any"":[""9320""]}}",7882|10211,CAST: 1M2F|ACT: Facesitting,,,,,,71,"two-tag concept, captures 29% of smaller parent, lift 3.08"
jw:v1:tagpair:7975:8062,358,Vaginal sex + Casual,Vaginal sex + Casual,Tag Crossovers,tag_pair,new,import-ready,1109,5.46,962,158,"{""include"":{""tags_all"":[""7975"",""8062""]},""exclude"":{""tags_any"":[""9320""]}}",7975|8062,ACT: Vaginal sex|WARD: Casual,,,,,,72,"two-tag concept, captures 45% of smaller parent, lift 2.62"
jw:v1:tagpair:4721:7981,359,Fingering + Married IRL,Fingering + Married IRL,Tag Crossovers,tag_pair,new,import-ready,803,3.96,591,181,"{""include"":{""tags_all"":[""4721"",""7981""]},""exclude"":{""tags_any"":[""9320""]}}",4721|7981,THEME: Married IRL|ACT: Fingering,,,,,,66,"two-tag concept, captures 21% of smaller parent, lift 0.96"
jw:v1:tagpair:7981:8066,360,Fingering + Spanking/impact,Fingering + Spanking/impact,Tag Crossovers,tag_pair,new,import-ready,1628,8.02,1297,151,"{""include"":{""tags_all"":[""7981"",""8066""]},""exclude"":{""tags_any"":[""9320""]}}",7981|8066,ACT: Fingering|KINK: Spanking/impact,,,,,,70,"two-tag concept, captures 41% of smaller parent, lift 1.91"
jw:v1:tagpair:7882:7984,361,Kissing + 1M2F,Kissing + 1M2F,Tag Crossovers,tag_pair,new,import-ready,672,3.31,877,118,"{""include"":{""tags_all"":[""7882"",""7984""]},""exclude"":{""tags_any"":[""9320""]}}",7882|7984,CAST: 1M2F|ACT: Kissing,,,,,,72,"two-tag concept, captures 35% of smaller parent, lift 2.77"
jw:v1:tagpair:7984:8005,362,Kissing + Medium breasts,Kissing + Medium breasts,Tag Crossovers,tag_pair,new,import-ready,616,3.03,661,110,"{""include"":{""tags_all"":[""7984"",""8005""]},""exclude"":{""tags_any"":[""9320""]}}",7984|8005,ACT: Kissing|BODY: Medium breasts,,,,,,67,"two-tag concept, captures 39% of smaller parent, lift 3.14"
jw:v1:tagpair:7989:8023,363,Cumshot - internal + Taboo,Cumshot - internal + Taboo,Tag Crossovers,tag_pair,new,import-ready,109,0.54,147,43,"{""include"":{""tags_all"":[""7989"",""8023""]},""exclude"":{""tags_any"":[""9320""]}}",7989|8023,ACT: Cumshot - internal|THEME: Taboo,,,,,,67,"two-tag concept, captures 27% of smaller parent, lift 3.22"
jw:v1:tagpair:7989:8084,364,Cumshot - internal + POV,Cumshot - internal + POV,Tag Crossovers,tag_pair,new,import-ready,247,1.22,274,83,"{""include"":{""tags_all"":[""7989"",""8084""]},""exclude"":{""tags_any"":[""9320""]}}",7989|8084,ACT: Cumshot - internal|PROD: POV,,,,,,67,"two-tag concept, captures 22% of smaller parent, lift 2.65"
jw:v1:tagpair:7996:8040,365,Small ass + Outdoor,Small ass + Outdoor,Tag Crossovers,tag_pair,new,import-ready,311,1.53,430,43,"{""include"":{""tags_all"":[""7996"",""8040""]},""exclude"":{""tags_any"":[""9320""]}}",7996|8040,BODY: Small ass|SET: Outdoor,,,,,,67,"two-tag concept, captures 26% of smaller parent, lift 3.55"
jw:v1:tagpair:7997:8055,366,Medium ass + Thong,Medium ass + Thong,Tag Crossovers,tag_pair,new,import-ready,505,2.49,591,99,"{""include"":{""tags_all"":[""7997"",""8055""]},""exclude"":{""tags_any"":[""9320""]}}",7997|8055,BODY: Medium ass|WARD: Thong,,,,,,66,"two-tag concept, captures 48% of smaller parent, lift 3.88"
jw:v1:tagpair:8000:8068,367,Athletic + Humiliation,Athletic + Humiliation,Tag Crossovers,tag_pair,new,import-ready,884,4.35,678,63,"{""include"":{""tags_all"":[""8000"",""8068""]},""exclude"":{""tags_any"":[""9320""]}}",8000|8068,BODY: Athletic|KINK: Humiliation,,,,,,66,"two-tag concept, captures 43% of smaller parent, lift 3.16"
jw:v1:tagpair:8015:8086,368,Muscular + Amateur,Muscular + Amateur,Tag Crossovers,tag_pair,new,import-ready,329,1.62,359,29,"{""include"":{""tags_all"":[""8015"",""8086""]},""exclude"":{""tags_any"":[""9320""]}}",8015|8086,BODY: Muscular|PROD: Amateur,,,,,,66,"two-tag concept, captures 24% of smaller parent, lift 3.5"
jw:v1:tagpair:8019:8040,369,Average body + Outdoor,Average body + Outdoor,Tag Crossovers,tag_pair,new,import-ready,383,1.89,439,46,"{""include"":{""tags_all"":[""8019"",""8040""]},""exclude"":{""tags_any"":[""9320""]}}",8019|8040,BODY: Average body|SET: Outdoor,,,,,,66,"two-tag concept, captures 31% of smaller parent, lift 3.73"
jw:v1:tagpair:8020:8055,370,Cheating + Thong,Cheating + Thong,Tag Crossovers,tag_pair,new,import-ready,322,1.59,416,40,"{""include"":{""tags_all"":[""8020"",""8055""]},""exclude"":{""tags_any"":[""9320""]}}",8020|8055,THEME: Cheating|WARD: Thong,,,,,,71,"two-tag concept, captures 30% of smaller parent, lift 4.28"
jw:v1:tagpair:8026:8067,371,Roleplay + Dom/Sub,Roleplay + Dom/Sub,Tag Crossovers,tag_pair,new,import-ready,1050,5.17,720,62,"{""include"":{""tags_all"":[""8026"",""8067""]},""exclude"":{""tags_any"":[""9320""]}}",8026|8067,THEME: Roleplay|KINK: Dom/Sub,,,,,,73,"two-tag concept, captures 47% of smaller parent, lift 4.0"
jw:v1:tagpair:8026:8085,372,Roleplay + Narrative,Roleplay + Narrative,Tag Crossovers,tag_pair,new,import-ready,1301,6.41,937,84,"{""include"":{""tags_all"":[""8026"",""8085""]},""exclude"":{""tags_any"":[""9320""]}}",8026|8085,THEME: Roleplay|PROD: Narrative,,,,,,70,"two-tag concept, captures 74% of smaller parent, lift 6.23"
jw:v1:tagpair:8037:10210,373,Bedroom + Breast play,Bedroom + Breast play,Tag Crossovers,tag_pair,new,import-ready,353,1.74,442,103,"{""include"":{""tags_all"":[""8037"",""10210""]},""exclude"":{""tags_any"":[""9320""]}}",8037|10210,SET: Bedroom|ACT: Breast play,,,,,,74,"two-tag concept, captures 28% of smaller parent, lift 3.84"
jw:v1:tagpair:8020:8037,374,Bedroom + Cheating,Bedroom + Cheating,Tag Crossovers,tag_pair,new,import-ready,359,1.77,432,62,"{""include"":{""tags_all"":[""8020"",""8037""]},""exclude"":{""tags_any"":[""9320""]}}",8020|8037,THEME: Cheating|SET: Bedroom,,,,,,73,"two-tag concept, captures 25% of smaller parent, lift 3.46"
jw:v1:tagpair:8051:8053,375,Lingerie + Stockings,Lingerie + Stockings,Tag Crossovers,tag_pair,new,import-ready,755,3.72,763,153,"{""include"":{""tags_all"":[""8051"",""8053""]},""exclude"":{""tags_any"":[""9320""]}}",8051|8053,WARD: Lingerie|WARD: Stockings,,,,,,74,"two-tag concept, captures 47% of smaller parent, lift 3.59"
376|Real Wife Stories: The Plot Factory,376,Real Wife Stories: The Plot Factory,Real Wife Stories,Studios,studio_spotlight,keep,import-ready,756,3.72,579,1,"{""include"":{""studios_any"":[""60""]},""exclude"":{""tags_any"":[""9320""]}}",,,,,60,Real Wife Stories,no,79,"hierarchical network/studio, 756 post-JAV scenes"
377|Tushy: Approved by Absolutely Nobody,377,Tushy: Approved by Absolutely Nobody,Tushy,Studios,studio_spotlight,keep,import-ready,589,2.9,455,1,"{""include"":{""studios_any"":[""3""]},""exclude"":{""tags_any"":[""9320""]}}",,,,,3,Tushy,no,78,"hierarchical network/studio, 589 post-JAV scenes"
378|Jules Jordan: The Late-Night Department,378,Jules Jordan: The Late-Night Department,Jules Jordan,Studios,studio_spotlight,keep,import-ready,569,2.8,327,1,"{""include"":{""studios_any"":[""12""]},""exclude"":{""tags_any"":[""9320""]}}",,,,,12,Jules Jordan,no,78,"hierarchical network/studio, 569 post-JAV scenes"
"379|Vixen: House Rules, House Exceptions",379,"Vixen: House Rules, House Exceptions",Vixen,Studios,studio_spotlight,keep,import-ready,534,2.63,376,1,"{""include"":{""studios_any"":[""460""]},""exclude"":{""tags_any"":[""9320""]}}",,,,,460,Vixen,no,78,"hierarchical network/studio, 534 post-JAV scenes"
jw:v1:tagpair:8019:8052,380,Heels + Average body,Heels + Average body,Tag Crossovers,tag_pair,new,import-ready,587,2.89,573,71,"{""include"":{""tags_all"":[""8019"",""8052""]},""exclude"":{""tags_any"":[""9320""]}}",8019|8052,BODY: Average body|WARD: Heels,,,,,,67,"two-tag concept, captures 34% of smaller parent, lift 3.34"
381|Passion HD: The Production Meeting,381,Passion HD: The Production Meeting,Passion HD,Studios,studio_spotlight,keep,import-ready,463,2.28,236,1,"{""include"":{""studios_any"":[""219""]},""exclude"":{""tags_any"":[""9320""]}}",,,,,219,Passion HD,no,74,"hierarchical network/studio, 463 post-JAV scenes"
382|Deeper: The Never-Ending Pilot,382,Deeper: The Never-Ending Pilot,Deeper,Studios,studio_spotlight,keep,import-ready,435,2.14,345,1,"{""include"":{""studios_any"":[""683""]},""exclude"":{""tags_any"":[""9320""]}}",,,,,683,Deeper,no,74,"hierarchical network/studio, 435 post-JAV scenes"
383|Brazzers Exxtra: Quality Time Control,383,Brazzers Exxtra: Quality Time Control,Brazzers Exxtra,Studios,studio_spotlight,keep,import-ready,433,2.13,444,1,"{""include"":{""studios_any"":[""72""]},""exclude"":{""tags_any"":[""9320""]}}",,,,,72,Brazzers Exxtra,no,75,"hierarchical network/studio, 433 post-JAV scenes"
384|New Sensations: The Streaming Committee,384,New Sensations: The Streaming Committee,New Sensations,Studios,studio_spotlight,keep,import-ready,1048,5.16,822,21,"{""include"":{""studios_any"":[""76""]},""exclude"":{""tags_any"":[""9320""]}}",,,,,76,New Sensations,no,87,"hierarchical network/studio, 1048 post-JAV scenes"
385|The Upper Floor: Not Your Local News,385,The Upper Floor: Not Your Local News,The Upper Floor,Studios,studio_spotlight,keep,import-ready,389,1.92,251,1,"{""include"":{""studios_any"":[""512""]},""exclude"":{""tags_any"":[""9320""]}}",,,,,512,The Upper Floor,no,74,"hierarchical network/studio, 389 post-JAV scenes"
386|RK Prime: The Unofficial Afterparty,386,RK Prime: The Unofficial Afterparty,RK Prime,Studios,studio_spotlight,keep,import-ready,381,1.88,444,1,"{""include"":{""studios_any"":[""241""]},""exclude"":{""tags_any"":[""9320""]}}",,,,,241,RK Prime,no,75,"hierarchical network/studio, 381 post-JAV scenes"
387|Men In Pain: Script Pending,387,Men In Pain: Script Pending,Men In Pain,Studios,studio_spotlight,keep,import-ready,368,1.81,215,1,"{""include"":{""studios_any"":[""2282""]},""exclude"":{""tags_any"":[""9320""]}}",,,,,2282,Men In Pain,no,74,"hierarchical network/studio, 368 post-JAV scenes"
388|Casting Couch X: Channel Surfing Hazard,388,Casting Couch X: Channel Surfing Hazard,Casting Couch X,Studios,studio_spotlight,keep,import-ready,343,1.69,342,1,"{""include"":{""studios_any"":[""211""]},""exclude"":{""tags_any"":[""9320""]}}",,,,,211,Casting Couch X,no,74,"hierarchical network/studio, 343 post-JAV scenes"
"389|Pure Taboo: Prime Time, Questionable Timing",389,"Pure Taboo: Prime Time, Questionable Timing",Pure Taboo,Studios,studio_spotlight,keep,import-ready,343,1.69,330,1,"{""include"":{""studios_any"":[""452""]},""exclude"":{""tags_any"":[""9320""]}}",,,,,452,Pure Taboo,no,74,"hierarchical network/studio, 343 post-JAV scenes"
390|The White Boxxx: All Hands Off the Remote,390,The White Boxxx: All Hands Off the Remote,The White Boxxx,Studios,studio_spotlight,keep,import-ready,313,1.54,185,1,"{""include"":{""studios_any"":[""1062""]},""exclude"":{""tags_any"":[""9320""]}}",,,,,1062,The White Boxxx,no,73,"hierarchical network/studio, 313 post-JAV scenes"
391|Tushy Raw: The Talent Department,391,Tushy Raw: The Talent Department,Tushy Raw,Studios,studio_spotlight,keep,import-ready,305,1.5,315,1,"{""include"":{""studios_any"":[""591""]},""exclude"":{""tags_any"":[""9320""]}}",,,,,591,Tushy Raw,no,74,"hierarchical network/studio, 305 post-JAV scenes"
392|Evil Angel: The Credits Can Wait,392,Evil Angel: The Credits Can Wait,Evil Angel,Studios,studio_spotlight,keep,import-ready,331,1.63,275,12,"{""include"":{""studios_any"":[""7""]},""exclude"":{""tags_any"":[""9320""]}}",,,,,7,Evil Angel,no,78,"hierarchical network/studio, 331 post-JAV scenes"
393|Elegant Angel: Remote Control Issues,393,Elegant Angel: Remote Control Issues,Elegant Angel,Studios,studio_spotlight,keep,import-ready,276,1.36,233,1,"{""include"":{""studios_any"":[""88""]},""exclude"":{""tags_any"":[""9320""]}}",,,,,88,Elegant Angel,no,74,"hierarchical network/studio, 276 post-JAV scenes"
394|Sex and Submission: The Binge Bureau,394,Sex and Submission: The Binge Bureau,Sex and Submission,Studios,studio_spotlight,keep,import-ready,252,1.24,207,1,"{""include"":{""studios_any"":[""132""]},""exclude"":{""tags_any"":[""9320""]}}",,,,,132,Sex and Submission,no,74,"hierarchical network/studio, 252 post-JAV scenes"
395|Premium Bukkake: The Rerun Situation,395,Premium Bukkake: The Rerun Situation,Premium Bukkake,Studios,studio_spotlight,keep,import-ready,246,1.21,55,1,"{""include"":{""studios_any"":[""2539""]},""exclude"":{""tags_any"":[""9320""]}}",,,,,2539,Premium Bukkake,no,71,"hierarchical network/studio, 246 post-JAV scenes"
396|Private Society: The Plot Factory,396,Private Society: The Plot Factory,Private Society,Studios,studio_spotlight,keep,import-ready,199,0.98,166,1,"{""include"":{""studios_any"":[""1371""]},""exclude"":{""tags_any"":[""9320""]}}",,,,,1371,Private Society,no,68,"hierarchical network/studio, 199 post-JAV scenes"
397|HotwifeXXX: Approved by Absolutely Nobody,397,HotwifeXXX: Approved by Absolutely Nobody,HotwifeXXX,Studios,studio_spotlight,keep,import-ready,193,0.95,210,1,"{""include"":{""studios_any"":[""272""]},""exclude"":{""tags_any"":[""9320""]}}",,,,,272,HotwifeXXX,no,69,"hierarchical network/studio, 193 post-JAV scenes"
jw:v1:tagpair:8020:8052,398,Heels + Cheating,Heels + Cheating,Tag Crossovers,tag_pair,new,import-ready,487,2.4,487,64,"{""include"":{""tags_all"":[""8020"",""8052""]},""exclude"":{""tags_any"":[""9320""]}}",8020|8052,THEME: Cheating|WARD: Heels,,,,,,71,"two-tag concept, captures 34% of smaller parent, lift 3.27"
"399|Shane Diesel XXX: House Rules, House Exceptions",399,"Shane Diesel XXX: House Rules, House Exceptions",Shane Diesel XXX,Studios,studio_spotlight,keep,import-ready,184,0.91,169,1,"{""include"":{""studios_any"":[""1129""]},""exclude"":{""tags_any"":[""9320""]}}",,,,,1129,Shane Diesel XXX,no,68,"hierarchical network/studio, 184 post-JAV scenes"
400|Fucked And Bound: Where the Budget Went,400,Fucked And Bound: Where the Budget Went,Fucked And Bound,Studios,studio_spotlight,keep,import-ready,175,0.86,152,1,"{""include"":{""studios_any"":[""505""]},""exclude"":{""tags_any"":[""9320""]}}",,,,,505,Fucked And Bound,no,68,"hierarchical network/studio, 175 post-JAV scenes"
401|Sinful XXX: The Production Meeting,401,Sinful XXX: The Production Meeting,Sinful XXX,Studios,studio_spotlight,keep,import-ready,172,0.85,144,1,"{""include"":{""studios_any"":[""1060""]},""exclude"":{""tags_any"":[""9320""]}}",,,,,1060,Sinful XXX,no,68,"hierarchical network/studio, 172 post-JAV scenes"
402|Big Naturals: The Never-Ending Pilot,402,Big Naturals: The Never-Ending Pilot,Big Naturals,Studios,studio_spotlight,keep,import-ready,171,0.84,175,1,"{""include"":{""studios_any"":[""491""]},""exclude"":{""tags_any"":[""9320""]}}",,,,,491,Big Naturals,no,68,"hierarchical network/studio, 171 post-JAV scenes"
403|Hot Milfs Fuck: Quality Time Control,403,Hot Milfs Fuck: Quality Time Control,Hot Milfs Fuck,Studios,studio_spotlight,keep,import-ready,169,0.83,137,1,"{""include"":{""studios_any"":[""1366""]},""exclude"":{""tags_any"":[""9320""]}}",,,,,1366,Hot Milfs Fuck,no,68,"hierarchical network/studio, 169 post-JAV scenes"
404|Mormon Girlz: The Streaming Committee,404,Mormon Girlz: The Streaming Committee,Mormon Girlz,Studios,studio_spotlight,keep,import-ready,166,0.82,44,1,"{""include"":{""studios_any"":[""959""]},""exclude"":{""tags_any"":[""9320""]}}",,,,,959,Mormon Girlz,no,66,"hierarchical network/studio, 166 post-JAV scenes"
jw:v1:tagpair:8037:8056,405,Dress + Bedroom,Dress + Bedroom,Tag Crossovers,tag_pair,new,import-ready,386,1.9,476,97,"{""include"":{""tags_all"":[""8037"",""8056""]},""exclude"":{""tags_any"":[""9320""]}}",8037|8056,SET: Bedroom|WARD: Dress,,,,,,74,"two-tag concept, captures 26% of smaller parent, lift 3.52"
406|LA Sublime: The Unofficial Afterparty,406,LA Sublime: The Unofficial Afterparty,LA Sublime,Studios,studio_spotlight,keep,import-ready,150,0.74,86,1,"{""include"":{""studios_any"":[""2021""]},""exclude"":{""tags_any"":[""9320""]}}",,,,,2021,LA Sublime,no,67,"hierarchical network/studio, 150 post-JAV scenes"
407|Madonna: Script Pending,407,Madonna: Script Pending,Madonna,Studios,studio_spotlight,keep,import-ready,169,0.83,126,3,"{""include"":{""studios_any"":[""819""]},""exclude"":{""tags_any"":[]}}",,,,,819,Madonna,no,69,sanctioned all-JAV studio (owner policy; no JAV exclusion)
408|PornFidelity: Channel Surfing Hazard,408,PornFidelity: Channel Surfing Hazard,PornFidelity,Studios,studio_spotlight,keep,import-ready,150,0.74,101,1,"{""include"":{""studios_any"":[""374""]},""exclude"":{""tags_any"":[""9320""]}}",,,,,374,PornFidelity,no,68,"hierarchical network/studio, 150 post-JAV scenes"
"409|Device Bondage: Prime Time, Questionable Timing",409,"Device Bondage: Prime Time, Questionable Timing",Device Bondage,Studios,studio_spotlight,keep,import-ready,147,0.72,132,1,"{""include"":{""studios_any"":[""997""]},""exclude"":{""tags_any"":[""9320""]}}",,,,,997,Device Bondage,no,68,"hierarchical network/studio, 147 post-JAV scenes"
410|Dirty Wives Club: All Hands Off the Remote,410,Dirty Wives Club: All Hands Off the Remote,Dirty Wives Club,Studios,studio_spotlight,keep,import-ready,145,0.71,182,1,"{""include"":{""studios_any"":[""248""]},""exclude"":{""tags_any"":[""9320""]}}",,,,,248,Dirty Wives Club,no,69,"hierarchical network/studio, 145 post-JAV scenes"
jw:v1:tagpair:8039:8056,411,Dress + Living room,Dress + Living room,Tag Crossovers,tag_pair,new,import-ready,316,1.56,432,113,"{""include"":{""tags_all"":[""8039"",""8056""]},""exclude"":{""tags_any"":[""9320""]}}",8039|8056,SET: Living room|WARD: Dress,,,,,,74,"two-tag concept, captures 27% of smaller parent, lift 3.59"
412|The Training of O: The Credits Can Wait,412,The Training of O: The Credits Can Wait,The Training of O,Studios,studio_spotlight,keep,import-ready,143,0.7,133,1,"{""include"":{""studios_any"":[""511""]},""exclude"":{""tags_any"":[""9320""]}}",,,,,511,The Training of O,no,68,"hierarchical network/studio, 143 post-JAV scenes"
jw:v1:tagpair:8062:10210,413,Casual + Breast play,Casual + Breast play,Tag Crossovers,tag_pair,new,import-ready,576,2.84,675,125,"{""include"":{""tags_all"":[""8062"",""10210""]},""exclude"":{""tags_any"":[""9320""]}}",8062|10210,WARD: Casual|ACT: Breast play,,,,,,74,"two-tag concept, captures 45% of smaller parent, lift 3.74"
414|Pornstars Punishment: The Binge Bureau,414,Pornstars Punishment: The Binge Bureau,Pornstars Punishment,Studios,studio_spotlight,keep,import-ready,139,0.68,141,1,"{""include"":{""studios_any"":[""701""]},""exclude"":{""tags_any"":[""9320""]}}",,,,,701,Pornstars Punishment,no,68,"hierarchical network/studio, 139 post-JAV scenes"
415|MILFs Like it Big: The Rerun Situation,415,MILFs Like it Big: The Rerun Situation,MILFs Like it Big,Studios,studio_spotlight,keep,import-ready,138,0.68,151,1,"{""include"":{""studios_any"":[""257""]},""exclude"":{""tags_any"":[""9320""]}}",,,,,257,MILFs Like it Big,no,68,"hierarchical network/studio, 138 post-JAV scenes"
jw:v1:tagpair:8056:8062,416,Casual + Dress,Casual + Dress,Tag Crossovers,tag_pair,new,import-ready,711,3.5,796,150,"{""include"":{""tags_all"":[""8056"",""8062""]},""exclude"":{""tags_any"":[""9320""]}}",8056|8062,WARD: Dress|WARD: Casual,,,,,,74,"two-tag concept, captures 47% of smaller parent, lift 3.86"
417|Digital Playground: Approved by Absolutely Nobody,417,Digital Playground: Approved by Absolutely Nobody,Digital Playground,Studios,studio_spotlight,keep,import-ready,210,1.03,206,5,"{""include"":{""studios_any"":[""41""]},""exclude"":{""tags_any"":[""9320""]}}",,,,,41,Digital Playground,no,76,"hierarchical network/studio, 210 post-JAV scenes"
418|Sweet Sinner: The Late-Night Department,418,Sweet Sinner: The Late-Night Department,Sweet Sinner,Studios,studio_spotlight,keep,import-ready,126,0.62,102,1,"{""include"":{""studios_any"":[""89""]},""exclude"":{""tags_any"":[""9320""]}}",,,,,89,Sweet Sinner,no,68,"hierarchical network/studio, 126 post-JAV scenes"
"419|Hot Wife XXX: House Rules, House Exceptions",419,"Hot Wife XXX: House Rules, House Exceptions",Hot Wife XXX,Studios,studio_spotlight,keep,import-ready,124,0.61,155,1,"{""include"":{""studios_any"":[""620""]},""exclude"":{""tags_any"":[""9320""]}}",,,,,620,Hot Wife XXX,no,68,"hierarchical network/studio, 124 post-JAV scenes"
420|Tonight's Girlfriend: Where the Budget Went,420,Tonight's Girlfriend: Where the Budget Went,Tonight's Girlfriend,Studios,studio_spotlight,keep,import-ready,122,0.6,131,1,"{""include"":{""studios_any"":[""136""]},""exclude"":{""tags_any"":[""9320""]}}",,,,,136,Tonight's Girlfriend,no,68,"hierarchical network/studio, 122 post-JAV scenes"
421|XXX Shades: The Production Meeting,421,XXX Shades: The Production Meeting,XXX Shades,Studios,studio_spotlight,keep,import-ready,121,0.6,122,1,"{""include"":{""studios_any"":[""527""]},""exclude"":{""tags_any"":[""9320""]}}",,,,,527,XXX Shades,no,68,"hierarchical network/studio, 121 post-JAV scenes"
422|Exotic4K: The Never-Ending Pilot,422,Exotic4K: The Never-Ending Pilot,Exotic4K,Studios,studio_spotlight,keep,import-ready,112,0.55,141,1,"{""include"":{""studios_any"":[""1721""]},""exclude"":{""tags_any"":[""9320""]}}",,,,,1721,Exotic4K,no,68,"hierarchical network/studio, 112 post-JAV scenes"
423|Pornstars Like It Big: Quality Time Control,423,Pornstars Like It Big: Quality Time Control,Pornstars Like It Big,Studios,studio_spotlight,keep,import-ready,112,0.55,115,1,"{""include"":{""studios_any"":[""70""]},""exclude"":{""tags_any"":[""9320""]}}",,,,,70,Pornstars Like It Big,no,68,"hierarchical network/studio, 112 post-JAV scenes"
424|Public Disgrace: The Streaming Committee,424,Public Disgrace: The Streaming Committee,Public Disgrace,Studios,studio_spotlight,keep,import-ready,107,0.53,139,1,"{""include"":{""studios_any"":[""199""]},""exclude"":{""tags_any"":[""9320""]}}",,,,,199,Public Disgrace,no,68,"hierarchical network/studio, 107 post-JAV scenes"
425|Hard X: Not Your Local News,425,Hard X: Not Your Local News,Hard X,Studios,studio_spotlight,keep,import-ready,95,0.47,102,1,"{""include"":{""studios_any"":[""116""]},""exclude"":{""tags_any"":[""9320""]}}",,,,,116,Hard X,no,62,"hierarchical network/studio, 95 post-JAV scenes"
jw:v1:tagpair:8000:8066,426,Spanking/impact + Athletic,Spanking/impact + Athletic,Tag Crossovers,tag_pair,new,import-ready,1712,8.43,1233,110,"{""include"":{""tags_all"":[""8000"",""8066""]},""exclude"":{""tags_any"":[""9320""]}}",8000|8066,BODY: Athletic|KINK: Spanking/impact,,,,,,67,"two-tag concept, captures 62% of smaller parent, lift 3.19"
427|Look At Her Now: Script Pending,427,Look At Her Now: Script Pending,Look At Her Now,Studios,studio_spotlight,keep,import-ready,89,0.44,113,1,"{""include"":{""studios_any"":[""807""]},""exclude"":{""tags_any"":[""9320""]}}",,,,,807,Look At Her Now,no,62,"hierarchical network/studio, 89 post-JAV scenes"
428|Dungeon Sex: Channel Surfing Hazard,428,Dungeon Sex: Channel Surfing Hazard,Dungeon Sex,Studios,studio_spotlight,keep,import-ready,84,0.41,94,1,"{""include"":{""studios_any"":[""1645""]},""exclude"":{""tags_any"":[""9320""]}}",,,,,1645,Dungeon Sex,no,62,"hierarchical network/studio, 84 post-JAV scenes"
"429|MILFY: Prime Time, Questionable Timing",429,"MILFY: Prime Time, Questionable Timing",MILFY,Studios,studio_spotlight,keep,import-ready,85,0.42,112,1,"{""include"":{""studios_any"":[""385""]},""exclude"":{""tags_any"":[""9320""]}}",,,,,385,MILFY,no,62,"hierarchical network/studio, 85 post-JAV scenes"
430|Thundercock: All Hands Off the Remote,430,Thundercock: All Hands Off the Remote,Thundercock,Studios,studio_spotlight,keep,import-ready,79,0.39,99,1,"{""include"":{""studios_any"":[""594""]},""exclude"":{""tags_any"":[""9320""]}}",,,,,594,Thundercock,no,62,"hierarchical network/studio, 79 post-JAV scenes"
431|I Have A Wife: The Talent Department,431,I Have A Wife: The Talent Department,I Have A Wife,Studios,studio_spotlight,keep,import-ready,77,0.38,116,1,"{""include"":{""studios_any"":[""118""]},""exclude"":{""tags_any"":[""9320""]}}",,,,,118,I Have A Wife,no,62,"hierarchical network/studio, 77 post-JAV scenes"
432|Don't Break Me: The Credits Can Wait,432,Don't Break Me: The Credits Can Wait,Don't Break Me,Studios,studio_spotlight,keep,import-ready,76,0.37,92,1,"{""include"":{""studios_any"":[""519""]},""exclude"":{""tags_any"":[""9320""]}}",,,,,519,Don't Break Me,no,62,"hierarchical network/studio, 76 post-JAV scenes"
jw:v1:tagpair:8052:8066,433,Spanking/impact + Heels,Spanking/impact + Heels,Tag Crossovers,tag_pair,new,import-ready,778,3.83,783,126,"{""include"":{""tags_all"":[""8052"",""8066""]},""exclude"":{""tags_any"":[""9320""]}}",8052|8066,WARD: Heels|KINK: Spanking/impact,,,,,,68,"two-tag concept, captures 37% of smaller parent, lift 1.92"
434|Exploited College Girls: The Binge Bureau,434,Exploited College Girls: The Binge Bureau,Exploited College Girls,Studios,studio_spotlight,keep,import-ready,69,0.34,57,1,"{""include"":{""studios_any"":[""1730""]},""exclude"":{""tags_any"":[""9320""]}}",,,,,1730,Exploited College Girls,no,61,"hierarchical network/studio, 69 post-JAV scenes"
435|Big Cock Bully: The Rerun Situation,435,Big Cock Bully: The Rerun Situation,Big Cock Bully,Studios,studio_spotlight,keep,import-ready,67,0.33,93,1,"{""include"":{""studios_any"":[""366""]},""exclude"":{""tags_any"":[""9320""]}}",,,,,366,Big Cock Bully,no,62,"hierarchical network/studio, 67 post-JAV scenes"
jw:v1:tagpair:6188:8067,436,Dom/Sub + Group,Dom/Sub + Group,Tag Crossovers,tag_pair,new,import-ready,297,1.46,474,44,"{""include"":{""tags_all"":[""6188"",""8067""]},""exclude"":{""tags_any"":[""9320""]}}",6188|8067,CAST: Group|KINK: Dom/Sub,,,,,,67,"two-tag concept, captures 24% of smaller parent, lift 2.15"
437|Reality Junkies: Approved by Absolutely Nobody,437,Reality Junkies: Approved by Absolutely Nobody,Reality Junkies,Studios,studio_spotlight,keep,import-ready,66,0.33,94,1,"{""include"":{""studios_any"":[""95""]},""exclude"":{""tags_any"":[""9320""]}}",,,,,95,Reality Junkies,no,62,"hierarchical network/studio, 66 post-JAV scenes"
438|Spizoo: The Late-Night Department,438,Spizoo: The Late-Night Department,Spizoo,Studios,studio_spotlight,keep,import-ready,86,0.42,78,11,"{""include"":{""studios_any"":[""54""]},""exclude"":{""tags_any"":[""9320""]}}",,,,,54,Spizoo,no,65,"hierarchical network/studio, 86 post-JAV scenes"
"439|HardX: House Rules, House Exceptions",439,"HardX: House Rules, House Exceptions",HardX,Studios,studio_spotlight,keep,import-ready,63,0.31,76,1,"{""include"":{""studios_any"":[""222""]},""exclude"":{""tags_any"":[""9320""]}}",,,,,222,HardX,no,61,"hierarchical network/studio, 63 post-JAV scenes"
440|Devil's Film: Where the Budget Went,440,Devil's Film: Where the Budget Went,Devil's Film,Studios,studio_spotlight,keep,import-ready,62,0.31,116,1,"{""include"":{""studios_any"":[""84""]},""exclude"":{""tags_any"":[""9320""]}}",,,,,84,Devil's Film,no,62,"hierarchical network/studio, 62 post-JAV scenes"
441|Backroom Casting Couch: The Production Meeting,441,Backroom Casting Couch: The Production Meeting,Backroom Casting Couch,Studios,studio_spotlight,keep,import-ready,61,0.3,68,1,"{""include"":{""studios_any"":[""640""]},""exclude"":{""tags_any"":[""9320""]}}",,,,,640,Backroom Casting Couch,no,61,"hierarchical network/studio, 61 post-JAV scenes"
442|Girlsway: The Never-Ending Pilot,442,Girlsway: The Never-Ending Pilot,Girlsway,Studios,studio_spotlight,keep,import-ready,60,0.3,75,1,"{""include"":{""studios_any"":[""59""]},""exclude"":{""tags_any"":[""9320""]}}",,,,,59,Girlsway,no,61,"hierarchical network/studio, 60 post-JAV scenes"
443|Nubile Films: Quality Time Control,443,Nubile Films: Quality Time Control,Nubile Films,Studios,studio_spotlight,keep,import-ready,92,0.45,108,4,"{""include"":{""studios_any"":[""286""]},""exclude"":{""tags_any"":[""9320""]}}",,,,,286,Nubile Films,no,64,"hierarchical network/studio, 92 post-JAV scenes"
jw:v1:tagpair:7991:8067,444,Dom/Sub + Sex toys,Dom/Sub + Sex toys,Tag Crossovers,tag_pair,new,import-ready,718,3.54,685,61,"{""include"":{""tags_all"":[""7991"",""8067""]},""exclude"":{""tags_any"":[""9320""]}}",7991|8067,ACT: Sex toys|KINK: Dom/Sub,,,,,,72,"two-tag concept, captures 34% of smaller parent, lift 3.1"
jw:v1:tagpair:8038:8073,445,Foot fetish + Bathroom,Foot fetish + Bathroom,Tag Crossovers,tag_pair,new,import-ready,109,0.54,208,43,"{""include"":{""tags_all"":[""8038"",""8073""]},""exclude"":{""tags_any"":[""9320""]}}",8038|8073,SET: Bathroom|KINK: Foot fetish,,,,,,67,"two-tag concept, captures 18% of smaller parent, lift 2.84"
jw:v1:tagpair:8061:8073,446,Foot fetish + Barefoot,Foot fetish + Barefoot,Tag Crossovers,tag_pair,new,import-ready,110,0.54,153,53,"{""include"":{""tags_all"":[""8061"",""8073""]},""exclude"":{""tags_any"":[""9320""]}}",8061|8073,WARD: Barefoot|KINK: Foot fetish,,,,,,69,"two-tag concept, captures 23% of smaller parent, lift 3.59"
jw:v1:tagpair:8022:8084,447,POV + Step-family,POV + Step-family,Tag Crossovers,tag_pair,new,import-ready,149,0.73,141,55,"{""include"":{""tags_all"":[""8022"",""8084""]},""exclude"":{""tags_any"":[""9320""]}}",8022|8084,THEME: Step-family|PROD: POV,,,,,,69,"two-tag concept, captures 21% of smaller parent, lift 3.86"
jw:v1:tagpair:8055:8086,448,Amateur + Thong,Amateur + Thong,Tag Crossovers,tag_pair,new,import-ready,227,1.12,337,39,"{""include"":{""tags_all"":[""8055"",""8086""]},""exclude"":{""tags_any"":[""9320""]}}",8055|8086,WARD: Thong|PROD: Amateur,,,,,,68,"two-tag concept, captures 21% of smaller parent, lift 3.2"
jw:v1:tagtriple:7876:7975:8062,449,1M1F + Vaginal sex + Casual,1M1F + Vaginal sex + Casual,Tag Crossovers,tag_triple,new,import-ready,832,4.1,666,124,"{""include"":{""tags_all"":[""7876"",""7975"",""8062""]},""exclude"":{""tags_any"":[""9320""]}}",7876|7975|8062,CAST: 1M1F|ACT: Vaginal sex|WARD: Casual,,,,,,63,"locked three-tag micro-channel, <= 75% of any parent pair, 832 scenes"
jw:v1:tagtriple:7876:8020:8083,450,1M1F + Cheating + Gonzo,1M1F + Cheating + Gonzo,Tag Crossovers,tag_triple,new,import-ready,842,4.15,658,70,"{""include"":{""tags_all"":[""7876"",""8020"",""8083""]},""exclude"":{""tags_any"":[""9320""]}}",7876|8020|8083,CAST: 1M1F|THEME: Cheating|PROD: Gonzo,,,,,,58,"locked three-tag micro-channel, <= 77% of any parent pair, 842 scenes"
jw:v1:tagtriple:7876:8026:8067,451,1M1F + Roleplay + Dom/Sub,1M1F + Roleplay + Dom/Sub,Tag Crossovers,tag_triple,new,import-ready,575,2.83,473,36,"{""include"":{""tags_all"":[""7876"",""8026"",""8067""]},""exclude"":{""tags_any"":[""9320""]}}",7876|8026|8067,CAST: 1M1F|THEME: Roleplay|KINK: Dom/Sub,,,,,,64,"locked three-tag micro-channel, <= 55% of any parent pair, 575 scenes"
jw:v1:tagtriple:7975:8016:8066,452,Vaginal sex + Big dick + Spanking/impact,Vaginal sex + Big dick + Spanking/impact,Tag Crossovers,tag_triple,new,import-ready,903,4.45,844,85,"{""include"":{""tags_all"":[""7975"",""8016"",""8066""]},""exclude"":{""tags_any"":[""9320""]}}",7975|8016|8066,ACT: Vaginal sex|BODY: Big dick|KINK: Spanking/impact,,,,,,63,"locked three-tag micro-channel, <= 66% of any parent pair, 903 scenes"
jw:v1:tagtriple:7976:8002:8068,453,Anal sex + Shaved + Humiliation,Anal sex + Shaved + Humiliation,Tag Crossovers,tag_triple,new,import-ready,825,4.06,563,51,"{""include"":{""tags_all"":[""7976"",""8002"",""8068""]},""exclude"":{""tags_any"":[""9320""]}}",7976|8002|8068,ACT: Anal sex|BODY: Shaved|KINK: Humiliation,,,,,,57,"locked three-tag micro-channel, <= 78% of any parent pair, 825 scenes"
454|Twistys: The Binge Bureau,454,Twistys: The Binge Bureau,Twistys,Studios,studio_spotlight,keep,import-ready,92,0.45,64,4,"{""include"":{""studios_any"":[""50""]},""exclude"":{""tags_any"":[""9320""]}}",,,,,50,Twistys,no,63,"hierarchical network/studio, 92 post-JAV scenes"
jw:v1:tagtriple:7976:8026:8065,455,Anal sex + Roleplay + Bondage,Anal sex + Roleplay + Bondage,Tag Crossovers,tag_triple,new,import-ready,800,3.94,490,16,"{""include"":{""tags_all"":[""7976"",""8026"",""8065""]},""exclude"":{""tags_any"":[""9320""]}}",7976|8026|8065,ACT: Anal sex|THEME: Roleplay|KINK: Bondage,,,,,,60,"locked three-tag micro-channel, <= 80% of any parent pair, 800 scenes"
jw:v1:tagtriple:7977:8026:8085,456,Blowjob + Roleplay + Narrative,Blowjob + Roleplay + Narrative,Tag Crossovers,tag_triple,new,import-ready,694,3.42,652,73,"{""include"":{""tags_all"":[""7977"",""8026"",""8085""]},""exclude"":{""tags_any"":[""9320""]}}",7977|8026|8085,ACT: Blowjob|THEME: Roleplay|PROD: Narrative,,,,,,65,"locked three-tag micro-channel, <= 64% of any parent pair, 694 scenes"
jw:v1:tagtriple:7978:8003:8020,457,Cunnilingus + Big breasts + Cheating,Cunnilingus + Big breasts + Cheating,Tag Crossovers,tag_triple,new,import-ready,656,3.23,598,75,"{""include"":{""tags_all"":[""7978"",""8003"",""8020""]},""exclude"":{""tags_any"":[""9320""]}}",7978|8003|8020,ACT: Cunnilingus|BODY: Big breasts|THEME: Cheating,,,,,,58,"locked three-tag micro-channel, <= 79% of any parent pair, 656 scenes"
jw:v1:tagtriple:7978:8016:8020,458,Cunnilingus + Big dick + Cheating,Cunnilingus + Big dick + Cheating,Tag Crossovers,tag_triple,new,import-ready,759,3.74,702,64,"{""include"":{""tags_all"":[""7978"",""8016"",""8020""]},""exclude"":{""tags_any"":[""9320""]}}",7978|8016|8020,ACT: Cunnilingus|BODY: Big dick|THEME: Cheating,,,,,,58,"locked three-tag micro-channel, <= 77% of any parent pair, 759 scenes"
jw:v1:tagtriple:7978:8037:8083,459,Cunnilingus + Bedroom + Gonzo,Cunnilingus + Bedroom + Gonzo,Tag Crossovers,tag_triple,new,import-ready,616,3.03,651,109,"{""include"":{""tags_all"":[""7978"",""8037"",""8083""]},""exclude"":{""tags_any"":[""9320""]}}",7978|8037|8083,ACT: Cunnilingus|SET: Bedroom|PROD: Gonzo,,,,,,61,"locked three-tag micro-channel, <= 74% of any parent pair, 616 scenes"
jw:v1:tagtriple:7981:8016:8066,460,Fingering + Big dick + Spanking/impact,Fingering + Big dick + Spanking/impact,Tag Crossovers,tag_triple,new,import-ready,874,4.31,858,90,"{""include"":{""tags_all"":[""7981"",""8016"",""8066""]},""exclude"":{""tags_any"":[""9320""]}}",7981|8016|8066,ACT: Fingering|BODY: Big dick|KINK: Spanking/impact,,,,,,66,"locked three-tag micro-channel, <= 54% of any parent pair, 874 scenes"
461|Nagae Style: The Production Meeting,461,Nagae Style: The Production Meeting,Nagae Style,Studios,studio_spotlight,keep,import-ready,39,0.19,41,1,"{""include"":{""studios_any"":[""1599""]},""exclude"":{""tags_any"":[]}}",,,,,1599,Nagae Style,no,54,sanctioned all-JAV studio (owner policy; no JAV exclusion)
jw:v1:tagtriple:7986:8002:8051,462,Cumshot - face + Shaved + Lingerie,Cumshot - face + Shaved + Lingerie,Tag Crossovers,tag_triple,new,import-ready,773,3.81,807,144,"{""include"":{""tags_all"":[""7986"",""8002"",""8051""]},""exclude"":{""tags_any"":[""9320""]}}",7986|8002|8051,ACT: Cumshot - face|BODY: Shaved|WARD: Lingerie,,,,,,54,"locked three-tag micro-channel, <= 55% of any parent pair, 773 scenes"
jw:v1:tagtriple:7986:8003:8052,463,Cumshot - face + Big breasts + Heels,Cumshot - face + Big breasts + Heels,Tag Crossovers,tag_triple,new,import-ready,716,3.53,687,115,"{""include"":{""tags_all"":[""7986"",""8003"",""8052""]},""exclude"":{""tags_any"":[""9320""]}}",7986|8003|8052,ACT: Cumshot - face|BODY: Big breasts|WARD: Heels,,,,,,61,"locked three-tag micro-channel, <= 60% of any parent pair, 716 scenes"
jw:v1:tagtriple:7986:8056:8083,464,Cumshot - face + Dress + Gonzo,Cumshot - face + Dress + Gonzo,Tag Crossovers,tag_triple,new,import-ready,737,3.63,736,84,"{""include"":{""tags_all"":[""7986"",""8056"",""8083""]},""exclude"":{""tags_any"":[""9320""]}}",7986|8056|8083,ACT: Cumshot - face|WARD: Dress|PROD: Gonzo,,,,,,60,"locked three-tag micro-channel, <= 77% of any parent pair, 737 scenes"
jw:v1:tagtriple:7987:8062:8083,465,Cumshot - mouth + Casual + Gonzo,Cumshot - mouth + Casual + Gonzo,Tag Crossovers,tag_triple,new,import-ready,720,3.55,764,117,"{""include"":{""tags_all"":[""7987"",""8062"",""8083""]},""exclude"":{""tags_any"":[""9320""]}}",7987|8062|8083,ACT: Cumshot - mouth|WARD: Casual|PROD: Gonzo,,,,,,66,"locked three-tag micro-channel, <= 68% of any parent pair, 720 scenes"
jw:v1:studio:1017,466,Fantasy Massage (Network),Fantasy Massage (Network),Studios,studio_spotlight,new,import-ready,67,0.33,85,5,"{""include"":{""studios_any"":[""1017""]},""exclude"":{""tags_any"":[""9320""]}}",,,,,1017,Fantasy Massage (Network),,64,"hierarchical network/studio, 67 post-JAV scenes"
jw:v1:studio:1083,467,Penthouse,Penthouse,Studios,studio_spotlight,new,import-ready,165,0.81,145,2,"{""include"":{""studios_any"":[""1083""]},""exclude"":{""tags_any"":[""9320""]}}",,,,,1083,Penthouse,,69,"hierarchical network/studio, 165 post-JAV scenes"
jw:v1:studio:1261,468,Adult Time Originals,Adult Time Originals,Studios,studio_spotlight,new,import-ready,411,2.02,394,18,"{""include"":{""studios_any"":[""1261""]},""exclude"":{""tags_any"":[""9320""]}}",,,,,1261,Adult Time Originals,,79,"hierarchical network/studio, 411 post-JAV scenes"
jw:v1:studio:1329,469,Full Porn Network,Full Porn Network,Studios,studio_spotlight,new,import-ready,105,0.52,106,11,"{""include"":{""studios_any"":[""1329""]},""exclude"":{""tags_any"":[""9320""]}}",,,,,1329,Full Porn Network,,71,"hierarchical network/studio, 105 post-JAV scenes"
jw:v1:studio:1365,470,ExploitedX,ExploitedX,Studios,studio_spotlight,new,import-ready,302,1.49,249,5,"{""include"":{""studios_any"":[""1365""]},""exclude"":{""tags_any"":[""9320""]}}",,,,,1365,ExploitedX,,76,"hierarchical network/studio, 302 post-JAV scenes"
jw:v1:studio:144,471,XEmpire,XEmpire,Studios,studio_spotlight,new,import-ready,224,1.1,183,7,"{""include"":{""studios_any"":[""144""]},""exclude"":{""tags_any"":[""9320""]}}",,,,,144,XEmpire,,76,"hierarchical network/studio, 224 post-JAV scenes"
jw:v1:studio:153,472,Blowpass (Network),Blowpass (Network),Studios,studio_spotlight,new,import-ready,107,0.53,99,5,"{""include"":{""studios_any"":[""153""]},""exclude"":{""tags_any"":[""9320""]}}",,,,,153,Blowpass (Network),,70,"hierarchical network/studio, 107 post-JAV scenes"
jw:v1:studio:1547,473,NF Media,NF Media,Studios,studio_spotlight,new,import-ready,153,0.75,149,3,"{""include"":{""studios_any"":[""1547""]},""exclude"":{""tags_any"":[""9320""]}}",,,,,1547,NF Media,,70,"hierarchical network/studio, 153 post-JAV scenes"
jw:v1:studio:165,474,Mile High Media,Mile High Media,Studios,studio_spotlight,new,import-ready,214,1.05,186,8,"{""include"":{""studios_any"":[""165""]},""exclude"":{""tags_any"":[""9320""]}}",,,,,165,Mile High Media,,76,"hierarchical network/studio, 214 post-JAV scenes"
jw:v1:studio:168,475,BangBros,BangBros,Studios,studio_spotlight,new,import-ready,79,0.39,79,21,"{""include"":{""studios_any"":[""168""]},""exclude"":{""tags_any"":[""9320""]}}",,,,,168,BangBros,,66,"hierarchical network/studio, 79 post-JAV scenes"
jw:v1:studio:1738,476,Adult Prime,Adult Prime,Studios,studio_spotlight,new,import-ready,207,1.02,181,10,"{""include"":{""studios_any"":[""1738""]},""exclude"":{""tags_any"":[""9320""]}}",,,,,1738,Adult Prime,,77,"hierarchical network/studio, 207 post-JAV scenes"
jw:v1:studio:176,477,TeamSkeet (Network),TeamSkeet (Network),Studios,studio_spotlight,new,import-ready,358,1.76,279,42,"{""include"":{""studios_any"":[""176""]},""exclude"":{""tags_any"":[""9320""]}}",,,,,176,TeamSkeet (Network),,80,"hierarchical network/studio, 358 post-JAV scenes"
jw:v1:studio:1804,478,MetArt Network,MetArt Network,Studios,studio_spotlight,new,import-ready,62,0.31,71,5,"{""include"":{""studios_any"":[""1804""]},""exclude"":{""tags_any"":[""9320""]}}",,,,,1804,MetArt Network,,63,"hierarchical network/studio, 62 post-JAV scenes"
jw:v1:studio:196,479,Mofos,Mofos,Studios,studio_spotlight,new,import-ready,143,0.7,171,16,"{""include"":{""studios_any"":[""196""]},""exclude"":{""tags_any"":[""9320""]}}",,,,,196,Mofos,,73,"hierarchical network/studio, 143 post-JAV scenes"
480|Hunter: Where the Budget Went,480,Hunter: Where the Budget Went,Hunter,Studios,studio_spotlight,keep,import-ready,30,0.15,0,1,"{""include"":{""studios_any"":[""2733""]},""exclude"":{""tags_any"":[]}}",,,,,2733,Hunter,no,48,sanctioned all-JAV studio (owner policy; no JAV exclusion)
jw:v1:studio:198,481,Kink,Kink,Studios,studio_spotlight,new,import-ready,1792,8.83,940,21,"{""include"":{""studios_any"":[""198""]},""exclude"":{""tags_any"":[""9320""]}}",,,,,198,Kink,,88,"hierarchical network/studio, 1792 post-JAV scenes"
jw:v1:studio:200,482,Dorcel,Dorcel,Studios,studio_spotlight,new,import-ready,131,0.65,204,2,"{""include"":{""studios_any"":[""200""]},""exclude"":{""tags_any"":[""9320""]}}",,,,,200,Dorcel,,70,"hierarchical network/studio, 131 post-JAV scenes"
jw:v1:studio:203,483,Kelly Madison Media,Kelly Madison Media,Studios,studio_spotlight,new,import-ready,271,1.34,199,9,"{""include"":{""studios_any"":[""203""]},""exclude"":{""tags_any"":[""9320""]}}",,,,,203,Kelly Madison Media,,77,"hierarchical network/studio, 271 post-JAV scenes"
jw:v1:studio:206,484,Girlsway (Network),Girlsway (Network),Studios,studio_spotlight,new,import-ready,82,0.4,94,6,"{""include"":{""studios_any"":[""206""]},""exclude"":{""tags_any"":[""9320""]}}",,,,,206,Girlsway (Network),,64,"hierarchical network/studio, 82 post-JAV scenes"
jw:v1:studio:208,485,Fuck You Cash,Fuck You Cash,Studios,studio_spotlight,new,import-ready,1130,5.57,656,21,"{""include"":{""studios_any"":[""208""]},""exclude"":{""tags_any"":[""9320""]}}",,,,,208,Fuck You Cash,,87,"hierarchical network/studio, 1130 post-JAV scenes"
jw:v1:studio:212,486,Metro HD,Metro HD,Studios,studio_spotlight,new,import-ready,73,0.36,70,4,"{""include"":{""studios_any"":[""212""]},""exclude"":{""tags_any"":[""9320""]}}",,,,,212,Metro HD,,63,"hierarchical network/studio, 73 post-JAV scenes"
jw:v1:studio:217,487,Nubiles Porn (Network),Nubiles Porn (Network),Studios,studio_spotlight,new,import-ready,91,0.45,86,12,"{""include"":{""studios_any"":[""217""]},""exclude"":{""tags_any"":[""9320""]}}",,,,,217,Nubiles Porn (Network),,65,"hierarchical network/studio, 91 post-JAV scenes"
jw:v1:studio:2204,488,Manipulative Media,Manipulative Media,Studios,studio_spotlight,new,import-ready,205,1.01,231,2,"{""include"":{""studios_any"":[""2204""]},""exclude"":{""tags_any"":[""9320""]}}",,,,,2204,Manipulative Media,,74,"hierarchical network/studio, 205 post-JAV scenes"
jw:v1:studio:223,489,Reality Kings,Reality Kings,Studios,studio_spotlight,new,import-ready,910,4.48,848,25,"{""include"":{""studios_any"":[""223""]},""exclude"":{""tags_any"":[""9320""]}}",,,,,223,Reality Kings,,84,"hierarchical network/studio, 910 post-JAV scenes"
490|The Fourth Wall Is on Lunch,490,The Fourth Wall Is on Lunch,Behind the scenes,Production Styles,tag_spotlight,keep,import-ready,227,1.12,260,48,"{""include"":{""tags_all"":[""10219""]},""exclude"":{""tags_any"":[""9320""]}}",10219,PROD: Behind the scenes,,,,,no,77,"canonical PROD tag, 227 scenes"
491|Method Acting Gone Rogue,491,Method Acting Gone Rogue,Roleplay,Themes,tag_spotlight,keep,import-ready,2402,11.83,1596,240,"{""include"":{""tags_all"":[""8026""]},""exclude"":{""tags_any"":[""9320""]}}",8026,THEME: Roleplay,,,,,no,90,"canonical THEME tag, 2402 scenes"
492|Terms & Conditions Apply,492,Terms & Conditions Apply,Cheating,Themes,tag_spotlight,keep,import-ready,1443,7.11,1080,146,"{""include"":{""tags_all"":[""8020""]},""exclude"":{""tags_any"":[""9320""]}}",8020,THEME: Cheating,,,,,no,88,"canonical THEME tag, 1443 scenes"
493|The Sharing Economy,493,The Sharing Economy,Wife sharing,Themes,tag_spotlight,keep,import-ready,233,1.15,281,25,"{""include"":{""tags_all"":[""8030""]},""exclude"":{""tags_any"":[""9320""]}}",8030,THEME: Wife sharing,,,,,no,75,"canonical THEME tag, 233 scenes"
"494|Rom-Com, Credits Optional",494,"Rom-Com, Credits Optional",Romance,Themes,tag_spotlight,keep,import-ready,630,3.1,524,68,"{""include"":{""tags_all"":[""8027""]},""exclude"":{""tags_any"":[""9320""]}}",8027,THEME: Romance,,,,,no,82,"canonical THEME tag, 630 scenes"
495|Neighborhood Watch-ish,495,Neighborhood Watch-ish,Voyeurism,Themes,tag_spotlight,keep,import-ready,617,3.04,727,94,"{""include"":{""tags_all"":[""8024""]},""exclude"":{""tags_any"":[""9320""]}}",8024,THEME: Voyeurism,,,,,no,83,"canonical THEME tag, 617 scenes"
496|Standing Room Only,496,Standing Room Only,Gangbang,Themes,tag_spotlight,keep,import-ready,118,0.58,355,48,"{""include"":{""tags_all"":[""8036""]},""exclude"":{""tags_any"":[""9320""]}}",8036,THEME: Gangbang,,,,,no,72,"canonical THEME tag, 118 scenes"
497|The Unscheduled Interview,497,The Unscheduled Interview,Interview,Production Styles,tag_spotlight,keep,import-ready,207,1.02,263,60,"{""include"":{""tags_all"":[""10221""]},""exclude"":{""tags_any"":[""9320""]}}",10221,PROD: Interview,,,,,no,77,"canonical PROD tag, 207 scenes"
498|Knead to Know,498,Knead to Know,Massage,Themes,tag_spotlight,keep,import-ready,367,1.81,431,100,"{""include"":{""tags_all"":[""8028""]},""exclude"":{""tags_any"":[""9320""]}}",8028,THEME: Massage,,,,,no,79,"canonical THEME tag, 367 scenes"
499|The Third-Wheel Deal,499,The Third-Wheel Deal,Cuckolding,Themes,tag_spotlight,keep,import-ready,332,1.64,463,59,"{""include"":{""tags_all"":[""8021""]},""exclude"":{""tags_any"":[""9320""]}}",8021,THEME: Cuckolding,,,,,no,78,"canonical THEME tag, 332 scenes"
500|Clap Back TV,500,Clap Back TV,Spanking/impact,Kinks & Fetish,tag_spotlight,keep,import-ready,3932,19.37,2170,262,"{""include"":{""tags_all"":[""8066""]},""exclude"":{""tags_any"":[""9320""]}}",8066,KINK: Spanking/impact,,,,,no,90,"canonical KINK tag, 3932 scenes"
501|Management & Other Issues,501,Management & Other Issues,Dom/Sub,Kinks & Fetish,tag_spotlight,keep,import-ready,2219,10.93,1403,181,"{""include"":{""tags_all"":[""8067""]},""exclude"":{""tags_any"":[""9320""]}}",8067,KINK: Dom/Sub,,,,,no,89,"canonical KINK tag, 2219 scenes"
502|Roast Department,502,Roast Department,Humiliation,Kinks & Fetish,tag_spotlight,keep,import-ready,2050,10.1,1330,191,"{""include"":{""tags_all"":[""8068""]},""exclude"":{""tags_any"":[""9320""]}}",8068,KINK: Humiliation,,,,,no,89,"canonical KINK tag, 2050 scenes"
503|Knot Your Average Network,503,Knot Your Average Network,Bondage,Kinks & Fetish,tag_spotlight,keep,import-ready,1962,9.67,1226,117,"{""include"":{""tags_all"":[""8065""]},""exclude"":{""tags_any"":[""9320""]}}",8065,KINK: Bondage,,,,,no,88,"canonical KINK tag, 1962 scenes"
"504|Please Hold, Indefinitely",504,"Please Hold, Indefinitely",Chastity/orgasm control,Kinks & Fetish,tag_spotlight,keep,import-ready,417,2.05,321,40,"{""include"":{""tags_all"":[""8074""]},""exclude"":{""tags_any"":[""9320""]}}",8074,KINK: Chastity/orgasm control,,,,,no,77,"canonical KINK tag, 417 scenes"
505|Sole Proprietorship,505,Sole Proprietorship,Foot fetish,Kinks & Fetish,tag_spotlight,keep,import-ready,1309,6.45,1148,246,"{""include"":{""tags_all"":[""8073""]},""exclude"":{""tags_any"":[""9320""]}}",8073,KINK: Foot fetish,,,,,no,89,"canonical KINK tag, 1309 scenes"
506|The Mute Button,506,The Mute Button,Gags/restraints,Kinks & Fetish,tag_spotlight,keep,import-ready,578,2.85,537,48,"{""include"":{""tags_all"":[""8070""]},""exclude"":{""tags_any"":[""9320""]}}",8070,KINK: Gags/restraints,,,,,no,81,"canonical KINK tag, 578 scenes"
507|Choose Your Own Remote,507,Choose Your Own Remote,Interactive,Production Styles,tag_spotlight,keep,import-ready,269,1.33,259,17,"{""include"":{""tags_all"":[""10220""]},""exclude"":{""tags_any"":[""9320""]}}",10220,PROD: Interactive,,,,,no,75,"canonical PROD tag, 269 scenes"
"508|Bedtime, Allegedly",508,"Bedtime, Allegedly",Bedroom,Settings,tag_spotlight,keep,import-ready,1460,7.19,1126,232,"{""include"":{""tags_all"":[""8037""]},""exclude"":{""tags_any"":[""9320""]}}",8037,SET: Bedroom,,,,,no,89,"canonical SET tag, 1460 scenes"
509|Nature Calls the Shots,509,Nature Calls the Shots,Outdoor,Settings,tag_spotlight,keep,import-ready,1221,6.02,1111,160,"{""include"":{""tags_all"":[""8040""]},""exclude"":{""tags_any"":[""9320""]}}",8040,SET: Outdoor,,,,,no,88,"canonical SET tag, 1221 scenes"
510|Couch Potato Confidential,510,Couch Potato Confidential,Living room,Settings,tag_spotlight,keep,import-ready,1171,5.77,1062,215,"{""include"":{""tags_all"":[""8039""]},""exclude"":{""tags_any"":[""9320""]}}",8039,SET: Living room,,,,,no,89,"canonical SET tag, 1171 scenes"
511|Steam Team Six,511,Steam Team Six,Bathroom,Settings,tag_spotlight,keep,import-ready,596,2.94,694,116,"{""include"":{""tags_all"":[""8038""]},""exclude"":{""tags_any"":[""9320""]}}",8038,SET: Bathroom,,,,,no,83,"canonical SET tag, 596 scenes"
512|Pool Rules Are Suggestions,512,Pool Rules Are Suggestions,Pool/water,Settings,tag_spotlight,keep,import-ready,273,1.34,396,73,"{""include"":{""tags_all"":[""8048""]},""exclude"":{""tags_any"":[""9320""]}}",8048,SET: Pool/water,,,,,no,78,"canonical SET tag, 273 scenes"
513|Counter Intelligence,513,Counter Intelligence,Kitchen,Settings,tag_spotlight,keep,import-ready,369,1.82,453,81,"{""include"":{""tags_all"":[""8044""]},""exclude"":{""tags_any"":[""9320""]}}",8044,SET: Kitchen,,,,,no,78,"canonical SET tag, 369 scenes"
514|Park & Recreation,514,Park & Recreation,Car,Settings,tag_spotlight,keep,import-ready,228,1.12,308,55,"{""include"":{""tags_all"":[""8043""]},""exclude"":{""tags_any"":[""9320""]}}",8043,SET: Car,,,,,no,77,"canonical SET tag, 228 scenes"
515|Do Not Disturb-ish,515,Do Not Disturb-ish,Hotel,Settings,tag_spotlight,keep,import-ready,194,0.96,256,46,"{""include"":{""tags_all"":[""8042""]},""exclude"":{""tags_any"":[""9320""]}}",8042,SET: Hotel,,,,,no,72,"canonical SET tag, 194 scenes"
516|Brief Encounters,516,Brief Encounters,Lingerie,Wardrobe,tag_spotlight,keep,import-ready,2649,13.05,1611,357,"{""include"":{""tags_all"":[""8051""]},""exclude"":{""tags_any"":[""9320""]}}",8051,WARD: Lingerie,,,,,no,90,"canonical WARD tag, 2649 scenes"
517|Transparency International-ish,517,Transparency International-ish,Sheer clothing,Wardrobe,tag_spotlight,keep,import-ready,32,0.16,69,23,"{""include"":{""tags_all"":[""10215""]},""exclude"":{""tags_any"":[""9320""]}}",10215,WARD: Sheer clothing,,,,,no,57,"canonical WARD tag, 32 scenes"
518|Elevated Programming,518,Elevated Programming,Heels,Wardrobe,tag_spotlight,keep,import-ready,2093,10.31,1482,259,"{""include"":{""tags_all"":[""8052""]},""exclude"":{""tags_any"":[""9320""]}}",8052,WARD: Heels,,,,,no,90,"canonical WARD tag, 2093 scenes"
519|Knit Happens,519,Knit Happens,Stockings,Wardrobe,tag_spotlight,keep,import-ready,1613,7.95,1310,242,"{""include"":{""tags_all"":[""8053""]},""exclude"":{""tags_any"":[""9320""]}}",8053,WARD: Stockings,,,,,no,89,"canonical WARD tag, 1613 scenes"
520|Dress Rehearsal,520,Dress Rehearsal,Dress,Wardrobe,tag_spotlight,keep,import-ready,1526,7.52,1237,218,"{""include"":{""tags_all"":[""8056""]},""exclude"":{""tags_any"":[""9320""]}}",8056,WARD: Dress,,,,,no,89,"canonical WARD tag, 1526 scenes"
521|Minimal Coverage Network,521,Minimal Coverage Network,Thong,Wardrobe,tag_spotlight,keep,import-ready,1059,5.22,960,180,"{""include"":{""tags_all"":[""8055""]},""exclude"":{""tags_any"":[""9320""]}}",8055,WARD: Thong,,,,,no,88,"canonical WARD tag, 1059 scenes"
"522|Say Cheese, Cancel Plans",522,"Say Cheese, Cancel Plans",Photoshoot,Production Styles,tag_spotlight,keep,import-ready,36,0.18,61,24,"{""include"":{""tags_all"":[""10222""]},""exclude"":{""tags_any"":[""9320""]}}",10222,PROD: Photoshoot,,,,,no,56,"canonical PROD tag, 36 scenes"
523|Suit Yourself TV,523,Suit Yourself TV,Swimwear,Wardrobe,tag_spotlight,keep,import-ready,135,0.67,217,57,"{""include"":{""tags_all"":[""10216""]},""exclude"":{""tags_any"":[""9320""]}}",10216,WARD: Swimwear,,,,,no,72,"canonical WARD tag, 135 scenes"
524|Plot Happens,524,Plot Happens,Narrative,Production Styles,tag_spotlight,keep,import-ready,1764,8.69,1264,161,"{""include"":{""tags_all"":[""8085""]},""exclude"":{""tags_any"":[""9320""]}}",8085,PROD: Narrative,,,,,no,89,"canonical PROD tag, 1764 scenes"
525|You Are Here-ish,525,You Are Here-ish,POV,Production Styles,tag_spotlight,keep,import-ready,1115,5.49,859,289,"{""include"":{""tags_all"":[""8084""]},""exclude"":{""tags_any"":[""9320""]}}",8084,PROD: POV,,,,,no,89,"canonical PROD tag, 1115 scenes"
526|Do-It-Yourself Television,526,Do-It-Yourself Television,Amateur,Production Styles,tag_spotlight,keep,import-ready,1361,6.7,1276,174,"{""include"":{""tags_all"":[""8086""]},""exclude"":{""tags_any"":[""9320""]}}",8086,PROD: Amateur,,,,,no,89,"canonical PROD tag, 1361 scenes"
527|Good Lighting Department,527,Good Lighting Department,Glamour,Production Styles,tag_spotlight,keep,import-ready,771,3.8,685,66,"{""include"":{""tags_all"":[""8088""]},""exclude"":{""tags_any"":[""9320""]}}",8088,PROD: Glamour,,,,,no,82,"canonical PROD tag, 771 scenes"
jw:v1:studio:2315,528,La Touraine,La Touraine,Studios,studio_spotlight,new,import-ready,150,0.74,162,2,"{""include"":{""studios_any"":[""2315""]},""exclude"":{""tags_any"":[""9320""]}}",,,,,2315,La Touraine,,69,"hierarchical network/studio, 150 post-JAV scenes"
529|Terms of Endearment: Unfiltered,529,Terms of Endearment: Unfiltered,Dirty talk,Kinks & Fetish,tag_spotlight,keep,import-ready,177,0.87,232,51,"{""include"":{""tags_all"":[""10217""]},""exclude"":{""tags_any"":[""9320""]}}",10217,KINK: Dirty talk,,,,,no,72,"canonical KINK tag, 177 scenes"
530|One-Woman Programming,530,One-Woman Programming,1F,Cast Configurations,tag_spotlight,keep,import-ready,1971,9.71,682,375,"{""include"":{""tags_all"":[""7828""]},""exclude"":{""tags_any"":[""9320""]}}",7828,CAST: 1F,,,,,no,89,"canonical CAST tag, 1971 scenes"
531|Two Women & a Plot Twist,531,Two Women & a Plot Twist,1M2F,Cast Configurations,tag_spotlight,keep,import-ready,1943,9.57,1724,259,"{""include"":{""tags_all"":[""7882""]},""exclude"":{""tags_any"":[""9320""]}}",7882,CAST: 1M2F,,,,,no,90,"canonical CAST tag, 1943 scenes"
532|Ensemble Cast Away,532,Ensemble Cast Away,Group,Cast Configurations,tag_spotlight,keep,import-ready,1263,6.22,2096,244,"{""include"":{""tags_all"":[""6188""]},""exclude"":{""tags_any"":[""9320""]}}",6188,CAST: Group,,,,,no,90,"canonical CAST tag, 1263 scenes"
533|Two-Woman Double Bill,533,Two-Woman Double Bill,2F,Cast Configurations,tag_spotlight,keep,import-ready,946,4.66,856,187,"{""include"":{""tags_all"":[""7849""]},""exclude"":{""tags_any"":[""9320""]}}",7849,CAST: 2F,,,,,no,85,"canonical CAST tag, 946 scenes"
534|Rear View Review,534,Rear View Review,Big ass,Body & Attributes,tag_spotlight,keep,import-ready,3300,16.26,1666,384,"{""include"":{""tags_all"":[""7995""]},""exclude"":{""tags_any"":[""9320""]}}",7995,BODY: Big ass,,,,,no,91,"canonical BODY tag, 3300 scenes"
535|Chest a Minute,535,Chest a Minute,Breast play,Acts,tag_spotlight,keep,import-ready,1277,6.29,1057,207,"{""include"":{""tags_all"":[""10210""]},""exclude"":{""tags_any"":[""9320""]}}",10210,ACT: Breast play,,,,,no,89,"canonical ACT tag, 1277 scenes"
536|Reserved Seating,536,Reserved Seating,Facesitting,Acts,tag_spotlight,keep,import-ready,1634,8.05,1434,199,"{""include"":{""tags_all"":[""10211""]},""exclude"":{""tags_any"":[""9320""]}}",10211,ACT: Facesitting,,,,,no,89,"canonical ACT tag, 1634 scenes"
"537|Cardio, Allegedly",537,"Cardio, Allegedly",Athletic,Body & Attributes,tag_spotlight,keep,import-ready,2770,13.65,1668,200,"{""include"":{""tags_all"":[""8000""]},""exclude"":{""tags_any"":[""9320""]}}",8000,BODY: Athletic,,,,,no,89,"canonical BODY tag, 2770 scenes"
538|The Ensemble Episode,538,The Ensemble Episode,Orgy,Themes,tag_spotlight,keep,import-ready,351,1.73,824,96,"{""include"":{""tags_all"":[""10214""]},""exclude"":{""tags_any"":[""9320""]}}",10214,THEME: Orgy,,,,,no,80,"canonical THEME tag, 351 scenes"
539|Small Screen Energy,539,Small Screen Energy,Petite,Body & Attributes,tag_spotlight,keep,import-ready,2035,10.03,1416,307,"{""include"":{""tags_all"":[""8013""]},""exclude"":{""tags_any"":[""9320""]}}",8013,BODY: Petite,,,,,no,90,"canonical BODY tag, 2035 scenes"
jw:v1:studio:242,540,Brazzers,Brazzers,Studios,studio_spotlight,new,import-ready,1868,9.2,1063,20,"{""include"":{""studios_any"":[""242""]},""exclude"":{""tags_any"":[""9320""]}}",,,,,242,Brazzers,,88,"hierarchical network/studio, 1868 post-JAV scenes"
541|Snack to the Future,541,Snack to the Future,Food play,Kinks & Fetish,tag_spotlight,keep,import-ready,137,0.67,216,36,"{""include"":{""tags_all"":[""10218""]},""exclude"":{""tags_any"":[""9320""]}}",10218,KINK: Food play,,,,,no,71,"canonical KINK tag, 137 scenes"
"542|Slim Pickings, Big Ratings",542,"Slim Pickings, Big Ratings",Slim,Body & Attributes,tag_spotlight,keep,import-ready,1792,8.83,1344,198,"{""include"":{""tags_all"":[""7999""]},""exclude"":{""tags_any"":[""9320""]}}",7999,BODY: Slim,,,,,no,89,"canonical BODY tag, 1792 scenes"
543|Roundabout Programming,543,Roundabout Programming,Rimming,Acts,tag_spotlight,keep,import-ready,2719,13.39,1608,292,"{""include"":{""tags_all"":[""7985""]},""exclude"":{""tags_any"":[""9320""]}}",7985,ACT: Rimming,,,,,no,90,"canonical ACT tag, 2719 scenes"
544|The Other Entrance,544,The Other Entrance,Anal sex,Acts,tag_spotlight,keep,import-ready,3887,19.15,2076,284,"{""include"":{""tags_all"":[""7976""]},""exclude"":{""tags_any"":[""9320""]}}",7976,ACT: Anal sex,,,,,no,90,"canonical ACT tag, 3887 scenes"
545|Special Delivery Desk,545,Special Delivery Desk,Cumshot - mouth,Acts,tag_spotlight,keep,import-ready,3875,19.09,2039,369,"{""include"":{""tags_all"":[""7987""]},""exclude"":{""tags_any"":[""9320""]}}",7987,ACT: Cumshot - mouth,,,,,no,91,"canonical ACT tag, 3875 scenes"
546|Regularly Scheduled Mischief,546,Regularly Scheduled Mischief,Vaginal sex,Acts,tag_spotlight,keep,import-ready,3501,17.25,2062,316,"{""include"":{""tags_all"":[""7975""]},""exclude"":{""tags_any"":[""9320""]}}",7975,ACT: Vaginal sex,,,,,no,91,"canonical ACT tag, 3501 scenes"
547|Manual Override,547,Manual Override,Handjob,Acts,tag_spotlight,keep,import-ready,3331,16.41,1885,370,"{""include"":{""tags_all"":[""7979""]},""exclude"":{""tags_any"":[""9320""]}}",7979,ACT: Handjob,,,,,no,91,"canonical ACT tag, 3331 scenes"
548|Hole Lot of Questions,548,Hole Lot of Questions,Glory hole,Themes,tag_spotlight,keep,import-ready,31,0.15,68,15,"{""include"":{""tags_all"":[""10212""]},""exclude"":{""tags_any"":[""9320""]}}",10212,THEME: Glory hole,,,,,no,56,"canonical THEME tag, 31 scenes"
549|Lip Service Broadcasting,549,Lip Service Broadcasting,Kissing,Acts,tag_spotlight,keep,import-ready,2538,12.5,1779,289,"{""include"":{""tags_all"":[""7984""]},""exclude"":{""tags_any"":[""9320""]}}",7984,ACT: Kissing,,,,,no,90,"canonical ACT tag, 2538 scenes"
jw:v1:studio:2446,550,Love Her Films,Love Her Films,Studios,studio_spotlight,new,import-ready,102,0.5,118,3,"{""include"":{""studios_any"":[""2446""]},""exclude"":{""tags_any"":[""9320""]}}",,,,,2446,Love Her Films,,69,"hierarchical network/studio, 102 post-JAV scenes"
jw:v1:studio:247,551,Naughty America (Network),Naughty America (Network),Studios,studio_spotlight,new,import-ready,818,4.03,517,34,"{""include"":{""studios_any"":[""247""]},""exclude"":{""tags_any"":[""9320""]}}",,,,,247,Naughty America (Network),,84,"hierarchical network/studio, 818 post-JAV scenes"
jw:v1:studio:251,552,MYLF,MYLF,Studios,studio_spotlight,new,import-ready,94,0.46,94,26,"{""include"":{""studios_any"":[""251""]},""exclude"":{""tags_any"":[""9320""]}}",,,,,251,MYLF,,67,"hierarchical network/studio, 94 post-JAV scenes"
jw:v1:studio:2695,553,Vixen Media Group,Vixen Media Group,Studios,studio_spotlight,new,import-ready,1992,9.81,971,9,"{""include"":{""studios_any"":[""2695""]},""exclude"":{""tags_any"":[""9320""]}}",,,,,2695,Vixen Media Group,,86,"hierarchical network/studio, 1992 post-JAV scenes"
jw:v1:studio:2696,554,Hush Hush Entertainment,Hush Hush Entertainment,Studios,studio_spotlight,new,import-ready,140,0.69,140,1,"{""include"":{""studios_any"":[""2696""]},""exclude"":{""tags_any"":[""9320""]}}",,,,,2696,Hush Hush Entertainment,,68,"hierarchical network/studio, 140 post-JAV scenes"
jw:v1:studio:29,555,Teens Love Huge Cocks,Teens Love Huge Cocks,Studios,studio_spotlight,new,import-ready,63,0.31,92,1,"{""include"":{""studios_any"":[""29""]},""exclude"":{""tags_any"":[""9320""]}}",,,,,29,Teens Love Huge Cocks,,62,"hierarchical network/studio, 63 post-JAV scenes"
jw:v1:studio:339,556,Moms Bang Teens,Moms Bang Teens,Studios,studio_spotlight,new,import-ready,61,0.3,119,1,"{""include"":{""studios_any"":[""339""]},""exclude"":{""tags_any"":[""9320""]}}",,,,,339,Moms Bang Teens,,62,"hierarchical network/studio, 61 post-JAV scenes"
jw:v1:studio:759,557,Lethal Pass,Lethal Pass,Studios,studio_spotlight,new,import-ready,77,0.38,83,3,"{""include"":{""studios_any"":[""759""]},""exclude"":{""tags_any"":[""9320""]}}",,,,,759,Lethal Pass,,63,"hierarchical network/studio, 77 post-JAV scenes"
jw:v1:studio:840,558,Devil's Film (Network),Devil's Film (Network),Studios,studio_spotlight,new,import-ready,75,0.37,130,4,"{""include"":{""studios_any"":[""840""]},""exclude"":{""tags_any"":[""9320""]}}",,,,,840,Devil's Film (Network),,64,"hierarchical network/studio, 75 post-JAV scenes"
jw:v1:studio:844,559,ManyVids,ManyVids,Studios,studio_spotlight,new,import-ready,62,0.31,73,4,"{""include"":{""studios_any"":[""844""]},""exclude"":{""tags_any"":[""9320""]}}",,,,,844,ManyVids,,63,"hierarchical network/studio, 62 post-JAV scenes"
jw:v1:studio:883,560,Porn Pros,Porn Pros,Studios,studio_spotlight,new,import-ready,68,0.33,52,9,"{""include"":{""studios_any"":[""883""]},""exclude"":{""tags_any"":[""9320""]}}",,,,,883,Porn Pros,,64,"hierarchical network/studio, 68 post-JAV scenes"
jw:v1:studio:927,561,LetsDoeIt,LetsDoeIt,Studios,studio_spotlight,new,import-ready,472,2.33,311,6,"{""include"":{""studios_any"":[""927""]},""exclude"":{""tags_any"":[""9320""]}}",,,,,927,LetsDoeIt,,77,"hierarchical network/studio, 472 post-JAV scenes"
jw:v1:studio:980,562,Babes (Network),Babes (Network),Studios,studio_spotlight,new,import-ready,538,2.65,443,5,"{""include"":{""studios_any"":[""980""]},""exclude"":{""tags_any"":[""9320""]}}",,,,,980,Babes (Network),,80,"hierarchical network/studio, 538 post-JAV scenes"
jw:v1:studiotag:176:8085,563,TeamSkeet (Network) · Narrative,TeamSkeet (Network) · Narrative,Studio Signatures,studio_tag,new,import-ready,141,0.69,195,32,"{""include"":{""tags_all"":[""8085""],""studios_any"":[""176""]},""exclude"":{""tags_any"":[""9320""]}}",8085,PROD: Narrative,,,176,TeamSkeet (Network),,68,"TeamSkeet (Network) signature (39% of the network), lift 4.53"
jw:v1:studiotag:198:7991,564,Kink · Sex toys,Kink · Sex toys,Studio Signatures,studio_tag,new,import-ready,617,3.04,538,17,"{""include"":{""tags_all"":[""7991""],""studios_any"":[""198""]},""exclude"":{""tags_any"":[""9320""]}}",7991,ACT: Sex toys,,,198,Kink,,71,"Kink signature (34% of the network), lift 3.3"
jw:v1:studiotag:198:8026,565,Kink · Roleplay,Kink · Roleplay,Studio Signatures,studio_tag,new,import-ready,942,4.64,571,12,"{""include"":{""tags_all"":[""8026""],""studios_any"":[""198""]},""exclude"":{""tags_any"":[""9320""]}}",8026,THEME: Roleplay,,,198,Kink,,71,"Kink signature (53% of the network), lift 4.44"
jw:v1:studiotag:198:8070,566,Kink · Gags/restraints,Kink · Gags/restraints,Studio Signatures,studio_tag,new,import-ready,516,2.54,444,17,"{""include"":{""tags_all"":[""8070""],""studios_any"":[""198""]},""exclude"":{""tags_any"":[""9320""]}}",8070,KINK: Gags/restraints,,,198,Kink,,72,"Kink signature (29% of the network), lift 10.11"
jw:v1:studiotag:208:8086,567,Fuck You Cash · Amateur,Fuck You Cash · Amateur,Studio Signatures,studio_tag,new,import-ready,267,1.32,263,1,"{""include"":{""tags_all"":[""8086""],""studios_any"":[""208""]},""exclude"":{""tags_any"":[""9320""]}}",8086,PROD: Amateur,,,208,Fuck You Cash,,67,"Fuck You Cash signature (24% of the network), lift 3.52"
jw:v1:studiotag:223:8055,568,Reality Kings · Thong,Reality Kings · Thong,Studio Signatures,studio_tag,new,import-ready,200,0.99,297,12,"{""include"":{""tags_all"":[""8055""],""studios_any"":[""223""]},""exclude"":{""tags_any"":[""9320""]}}",8055,WARD: Thong,,,223,Reality Kings,,68,"Reality Kings signature (22% of the network), lift 4.21"
jw:v1:studiotag:223:8062,569,Reality Kings · Casual,Reality Kings · Casual,Studio Signatures,studio_tag,new,import-ready,350,1.72,445,16,"{""include"":{""tags_all"":[""8062""],""studios_any"":[""223""]},""exclude"":{""tags_any"":[""9320""]}}",8062,WARD: Casual,,,223,Reality Kings,,70,"Reality Kings signature (38% of the network), lift 3.19"
jw:v1:studiotag:223:8086,570,Reality Kings · Amateur,Reality Kings · Amateur,Studio Signatures,studio_tag,new,import-ready,565,2.78,609,17,"{""include"":{""tags_all"":[""8086""],""studios_any"":[""223""]},""exclude"":{""tags_any"":[""9320""]}}",8086,PROD: Amateur,,,223,Reality Kings,,70,"Reality Kings signature (62% of the network), lift 9.26"
jw:v1:studiotag:242:10210,571,Brazzers · Breast play,Brazzers · Breast play,Studio Signatures,studio_tag,new,import-ready,527,2.6,460,14,"{""include"":{""tags_all"":[""10210""],""studios_any"":[""242""]},""exclude"":{""tags_any"":[""9320""]}}",10210,ACT: Breast play,,,242,Brazzers,,72,"Brazzers signature (28% of the network), lift 4.48"
jw:v1:studiotag:242:8052,572,Brazzers · Heels,Brazzers · Heels,Studio Signatures,studio_tag,new,import-ready,691,3.4,565,14,"{""include"":{""tags_all"":[""8052""],""studios_any"":[""242""]},""exclude"":{""tags_any"":[""9320""]}}",8052,WARD: Heels,,,242,Brazzers,,72,"Brazzers signature (37% of the network), lift 3.59"
jw:v1:studiotag:242:8056,573,Brazzers · Dress,Brazzers · Dress,Studio Signatures,studio_tag,new,import-ready,681,3.35,618,13,"{""include"":{""tags_all"":[""8056""],""studios_any"":[""242""]},""exclude"":{""tags_any"":[""9320""]}}",8056,WARD: Dress,,,242,Brazzers,,72,"Brazzers signature (36% of the network), lift 4.85"
jw:v1:studiotag:247:7988,574,Naughty America (Network) · Cumshot - body,Naughty America (Network) · Cumshot - body,Studio Signatures,studio_tag,new,import-ready,284,1.4,253,27,"{""include"":{""tags_all"":[""7988""],""studios_any"":[""247""]},""exclude"":{""tags_any"":[""9320""]}}",7988,ACT: Cumshot - body,,,247,Naughty America (Network),,67,"Naughty America (Network) signature (35% of the network), lift 2.83"
jw:v1:studiotag:247:8053,575,Naughty America (Network) · Stockings,Naughty America (Network) · Stockings,Studio Signatures,studio_tag,new,import-ready,223,1.1,223,18,"{""include"":{""tags_all"":[""8053""],""studios_any"":[""247""]},""exclude"":{""tags_any"":[""9320""]}}",8053,WARD: Stockings,,,247,Naughty America (Network),,67,"Naughty America (Network) signature (27% of the network), lift 3.43"
jw:v1:studiotag:2695:7993,576,Vixen Media Group · Ass-to-mouth,Vixen Media Group · Ass-to-mouth,Studio Signatures,studio_tag,new,import-ready,717,3.53,505,5,"{""include"":{""tags_all"":[""7993""],""studios_any"":[""2695""]},""exclude"":{""tags_any"":[""9320""]}}",7993,ACT: Ass-to-mouth,,,2695,Vixen Media Group,,70,"Vixen Media Group signature (36% of the network), lift 3.5"
jw:v1:studiotag:76:10220,577,New Sensations · Interactive,New Sensations · Interactive,Studio Signatures,studio_tag,new,import-ready,251,1.24,235,8,"{""include"":{""tags_all"":[""10220""],""studios_any"":[""76""]},""exclude"":{""tags_any"":[""9320""]}}",10220,PROD: Interactive,,,76,New Sensations,,70,"New Sensations signature (24% of the network), lift 18.07"
jw:v1:perfduo:1063:1064,578,Martin Stein & Nancy Ace,Martin Stein & Nancy Ace,Duos,performer_pair,new,import-ready,25,0.12,3,6,"{""include"":{""performers_all"":[""1063"",""1064""]},""exclude"":{""tags_any"":[""9320""]}}",,,1063|1064,Martin Stein|Nancy Ace,,,,51,"locked recurring duo, 25 scenes together, mutuality 0.595, capture 1.0"
jw:v1:perfduo:1066:1067,579,Little Caprice & Marcello Bravo,Little Caprice & Marcello Bravo,Duos,performer_pair,new,import-ready,12,0.06,9,6,"{""include"":{""performers_all"":[""1066"",""1067""]},""exclude"":{""tags_any"":[""9320""]}}",,,1066|1067,Little Caprice|Marcello Bravo,,,,44,"locked recurring duo, 12 scenes together, mutuality 0.522, capture 0.667"
jw:v1:perfduo:11:874,580,Ryan Madison & Kelly Madison,Ryan Madison & Kelly Madison,Duos,performer_pair,new,import-ready,58,0.29,55,4,"{""include"":{""performers_all"":[""11"",""874""]},""exclude"":{""tags_any"":[""9320""]}}",,,11|874,Ryan Madison|Kelly Madison,,,,56,"locked recurring duo, 58 scenes together, mutuality 0.239, capture 1.0"
jw:v1:perfduo:1157:1158,581,Adam Ocelot & Eva Elfie,Adam Ocelot & Eva Elfie,Duos,performer_pair,new,import-ready,13,0.06,3,7,"{""include"":{""performers_all"":[""1157"",""1158""]},""exclude"":{""tags_any"":[""9320""]}}",,,1157|1158,Adam Ocelot|Eva Elfie,,,,40,"locked recurring duo, 13 scenes together, mutuality 0.271, capture 1.0"
jw:v1:perfduo:12:1715,582,Cory Chase & Luke Longly,Cory Chase & Luke Longly,Duos,performer_pair,new,import-ready,33,0.16,16,2,"{""include"":{""performers_all"":[""12"",""1715""]},""exclude"":{""tags_any"":[""9320""]}}",,,12|1715,Cory Chase|Luke Longly,,,,47,"locked recurring duo, 33 scenes together, mutuality 0.224, capture 0.971"
jw:v1:perfduo:186:3647,583,Steve Holmes & Max Cortes,Steve Holmes & Max Cortes,Duos,performer_pair,new,import-ready,12,0.06,21,1,"{""include"":{""performers_all"":[""186"",""3647""]},""exclude"":{""tags_any"":[""9320""]}}",,,186|3647,Steve Holmes|Max Cortes,,,,38,"locked recurring duo, 12 scenes together, mutuality 0.071, capture 0.8"
jw:v1:perfduo:186:7565,584,Steve Holmes & Silvia Rubi,Steve Holmes & Silvia Rubi,Duos,performer_pair,new,import-ready,15,0.07,20,1,"{""include"":{""performers_all"":[""186"",""7565""]},""exclude"":{""tags_any"":[""9320""]}}",,,186|7565,Steve Holmes|Silvia Rubi,,,,38,"locked recurring duo, 15 scenes together, mutuality 0.089, capture 1.0"
jw:v1:perfduo:239:6762,585,Shane Diesel & Boz,Shane Diesel & Boz,Duos,performer_pair,new,import-ready,28,0.14,36,1,"{""include"":{""performers_all"":[""239"",""6762""]},""exclude"":{""tags_any"":[""9320""]}}",,,239|6762,Shane Diesel|Boz,,,,46,"locked recurring duo, 28 scenes together, mutuality 0.068, capture 1.0"
jw:v1:perfduo:4598:4791,586,Mandy Flores & David Flores,Mandy Flores & David Flores,Duos,performer_pair,new,import-ready,14,0.07,2,1,"{""include"":{""performers_all"":[""4598"",""4791""]},""exclude"":{""tags_any"":[""9320""]}}",,,4598|4791,Mandy Flores|David Flores,,,,40,"locked recurring duo, 14 scenes together, mutuality 0.452, capture 1.0"
jw:v1:perftag:139:7985,587,Johnny Sins · Rimming,Johnny Sins · Rimming,Performer Specials,performer_tag,new,import-ready,104,0.51,141,21,"{""include"":{""tags_all"":[""7985""],""performers_all"":[""139""]},""exclude"":{""tags_any"":[""9320""]}}",7985,ACT: Rimming,139,Johnny Sins,,,,65,"specialization of Johnny Sins (44% of their scenes), lift 3.32"
jw:v1:perftag:139:8055,588,Johnny Sins · Thong,Johnny Sins · Thong,Performer Specials,performer_tag,new,import-ready,56,0.28,117,12,"{""include"":{""tags_all"":[""8055""],""performers_all"":[""139""]},""exclude"":{""tags_any"":[""9320""]}}",8055,WARD: Thong,139,Johnny Sins,,,,63,"specialization of Johnny Sins (24% of their scenes), lift 4.59"
jw:v1:perftag:154:7985,589,Tyler Nixon · Rimming,Tyler Nixon · Rimming,Performer Specials,performer_tag,new,import-ready,116,0.57,110,13,"{""include"":{""tags_all"":[""7985""],""performers_all"":[""154""]},""exclude"":{""tags_any"":[""9320""]}}",7985,ACT: Rimming,154,Tyler Nixon,,,,63,"specialization of Tyler Nixon (45% of their scenes), lift 3.37"
jw:v1:perftag:154:8069,590,Tyler Nixon · Choking/breath,Tyler Nixon · Choking/breath,Performer Specials,performer_tag,new,import-ready,101,0.5,85,5,"{""include"":{""tags_all"":[""8069""],""performers_all"":[""154""]},""exclude"":{""tags_any"":[""9320""]}}",8069,KINK: Choking/breath,154,Tyler Nixon,,,,64,"specialization of Tyler Nixon (39% of their scenes), lift 14.72"
jw:v1:perftag:157:7985,591,Mick Blue · Rimming,Mick Blue · Rimming,Performer Specials,performer_tag,new,import-ready,170,0.84,175,27,"{""include"":{""tags_all"":[""7985""],""performers_all"":[""157""]},""exclude"":{""tags_any"":[""9320""]}}",7985,ACT: Rimming,157,Mick Blue,,,,62,"specialization of Mick Blue (30% of their scenes), lift 2.21"
jw:v1:perftag:176:10210,592,Xander Corvus · Breast play,Xander Corvus · Breast play,Performer Specials,performer_tag,new,import-ready,77,0.38,84,14,"{""include"":{""tags_all"":[""10210""],""performers_all"":[""176""]},""exclude"":{""tags_any"":[""9320""]}}",10210,ACT: Breast play,176,Xander Corvus,,,,63,"specialization of Xander Corvus (22% of their scenes), lift 3.45"
jw:v1:perftag:176:8020,593,Xander Corvus · Cheating,Xander Corvus · Cheating,Performer Specials,performer_tag,new,import-ready,83,0.41,131,15,"{""include"":{""tags_all"":[""8020""],""performers_all"":[""176""]},""exclude"":{""tags_any"":[""9320""]}}",8020,THEME: Cheating,176,Xander Corvus,,,,63,"specialization of Xander Corvus (23% of their scenes), lift 3.29"
jw:v1:perftag:186:7976,594,Steve Holmes · Anal sex,Steve Holmes · Anal sex,Performer Specials,performer_tag,new,import-ready,104,0.51,144,16,"{""include"":{""tags_all"":[""7976""],""performers_all"":[""186""]},""exclude"":{""tags_any"":[""9320""]}}",7976,ACT: Anal sex,186,Steve Holmes,,,,63,"specialization of Steve Holmes (62% of their scenes), lift 3.21"
jw:v1:perftag:21:7976,595,Markus Dupree · Anal sex,Markus Dupree · Anal sex,Performer Specials,performer_tag,new,import-ready,119,0.59,149,20,"{""include"":{""tags_all"":[""7976""],""performers_all"":[""21""]},""exclude"":{""tags_any"":[""9320""]}}",7976,ACT: Anal sex,21,Markus Dupree,,,,63,"specialization of Markus Dupree (64% of their scenes), lift 3.32"
jw:v1:perftag:60:7985,596,Keiran Lee · Rimming,Keiran Lee · Rimming,Performer Specials,performer_tag,new,import-ready,177,0.87,204,14,"{""include"":{""tags_all"":[""7985""],""performers_all"":[""60""]},""exclude"":{""tags_any"":[""9320""]}}",7985,ACT: Rimming,60,Keiran Lee,,,,66,"specialization of Keiran Lee (48% of their scenes), lift 3.56"
jw:v1:perftag:60:8056,597,Keiran Lee · Dress,Keiran Lee · Dress,Performer Specials,performer_tag,new,import-ready,136,0.67,209,12,"{""include"":{""tags_all"":[""8056""],""performers_all"":[""60""]},""exclude"":{""tags_any"":[""9320""]}}",8056,WARD: Dress,60,Keiran Lee,,,,67,"specialization of Keiran Lee (37% of their scenes), lift 4.88"
jw:v1:perftag:61:8067,598,Tommy Pistol · Dom/Sub,Tommy Pistol · Dom/Sub,Performer Specials,performer_tag,new,import-ready,116,0.57,136,13,"{""include"":{""tags_all"":[""8067""],""performers_all"":[""61""]},""exclude"":{""tags_any"":[""9320""]}}",8067,KINK: Dom/Sub,61,Tommy Pistol,,,,65,"specialization of Tommy Pistol (52% of their scenes), lift 4.8"
"608|Slim Pickings, Big Ratings: The Plot Happens Department",608,"Slim Pickings, Big Ratings: The Plot Happens Department",Slim + Narrative,Tag Crossovers,tag_pair,keep,import-ready,877,4.32,656,62,"{""include"":{""tags_all"":[""7999"",""8085""]},""exclude"":{""tags_any"":[""9320""]}}",7999|8085,BODY: Slim|PROD: Narrative,,,,,no,66,"two-tag concept, captures 50% of smaller parent, lift 5.63"
638|Lip Service: The Good Lighting Department Department,638,Lip Service: The Good Lighting Department Department,Kissing + Glamour,Tag Crossovers,tag_pair,keep,import-ready,412,2.03,352,36,"{""include"":{""tags_all"":[""7984"",""8088""]},""exclude"":{""tags_any"":[""9320""]}}",7984|8088,ACT: Kissing|PROD: Glamour,,,,,no,68,"two-tag concept, captures 53% of smaller parent, lift 4.27"
643|Couch Potato Confidential: A Do-It-Yourself Special,643,Couch Potato Confidential: A Do-It-Yourself Special,Amateur + Living room,Tag Crossovers,tag_pair,keep,import-ready,304,1.5,372,52,"{""include"":{""tags_all"":[""8039"",""8086""]},""exclude"":{""tags_any"":[""9320""]}}",8039|8086,SET: Living room|PROD: Amateur,,,,,no,73,"two-tag concept, captures 26% of smaller parent, lift 3.87"
644|Method Acting Gone Rogue Goes The Mute Button,644,Method Acting Gone Rogue Goes The Mute Button,Roleplay + Gags/restraints,Tag Crossovers,tag_pair,keep,import-ready,257,1.27,287,20,"{""include"":{""tags_all"":[""8026"",""8070""]},""exclude"":{""tags_any"":[""9320""]}}",8026|8070,THEME: Roleplay|KINK: Gags/restraints,,,,,no,68,"two-tag concept, captures 44% of smaller parent, lift 3.76"
747|Bobby Beefcake: Couch Potato Confidential,747,Bobby Beefcake: Couch Potato Confidential,Bobby Beefcake · Living room,Performer Specials,performer_tag,keep,import-ready,111,0.55,108,2,"{""include"":{""tags_all"":[""8039""],""performers_all"":[""408""]},""exclude"":{""tags_any"":[""9320""]}}",8039,SET: Living room,408,Bobby Beefcake,,,no,63,"specialization of Bobby Beefcake (34% of their scenes), lift 5.9"
752|Mick Blue: Scenic Route,752,Mick Blue: Scenic Route,Mick Blue · Ass-to-mouth,Performer Specials,performer_tag,keep,import-ready,214,1.05,219,19,"{""include"":{""tags_all"":[""7993""],""performers_all"":[""157""]},""exclude"":{""tags_any"":[""9320""]}}",7993,ACT: Ass-to-mouth,157,Mick Blue,,,no,68,"specialization of Mick Blue (37% of their scenes), lift 3.63"
784|Rissa May: Between the Headlines,784,Rissa May: Between the Headlines,Rissa May · Titjob,Performer Specials,performer_tag,keep,import-ready,55,0.27,49,43,"{""include"":{""tags_all"":[""7980""],""performers_all"":[""3532""]},""exclude"":{""tags_any"":[""9320""]}}",7980,ACT: Titjob,3532,Rissa May,,,no,63,"specialization of Rissa May (38% of their scenes), lift 4.12"
860|Dylan Ryan & Krysta Kaos: Scheduling Conflict,860,Dylan Ryan & Krysta Kaos: Scheduling Conflict,Dylan Ryan & Krysta Kaos,Duos,performer_pair,keep,import-ready,24,0.12,27,1,"{""include"":{""performers_all"":[""4041"",""5373""]},""exclude"":{""tags_any"":[""9320""]}}",,,4041|5373,Dylan Ryan|Krysta Kaos,,,no,42,"locked recurring duo, 24 scenes together, mutuality 0.387, capture 0.414"
861|Beretta James + Dylan Ryan: The Crossover Episode,861,Beretta James + Dylan Ryan: The Crossover Episode,Beretta James & Dylan Ryan,Duos,performer_pair,keep,import-ready,24,0.12,29,1,"{""include"":{""performers_all"":[""3993"",""4041""]},""exclude"":{""tags_any"":[""9320""]}}",,,3993|4041,Beretta James|Dylan Ryan,,,no,42,"locked recurring duo, 24 scenes together, mutuality 0.387, capture 0.686"
"862|Iona Grace & Sparky Sin Claire: Co-Stars, Co-Conspirators",862,"Iona Grace & Sparky Sin Claire: Co-Stars, Co-Conspirators",Iona Grace & Sparky Sin Claire,Duos,performer_pair,keep,import-ready,23,0.11,23,1,"{""include"":{""performers_all"":[""3769"",""7400""]},""exclude"":{""tags_any"":[""9320""]}}",,,3769|7400,Iona Grace|Sparky Sin Claire,,,no,41,"locked recurring duo, 23 scenes together, mutuality 0.343, capture 0.639"
865|Iona Grace + Lilla Katt: Double Trouble Desk,865,Iona Grace + Lilla Katt: Double Trouble Desk,Iona Grace & Lilla Katt,Duos,performer_pair,keep,import-ready,21,0.1,20,1,"{""include"":{""performers_all"":[""3769"",""7596""]},""exclude"":{""tags_any"":[""9320""]}}",,,3769|7596,Iona Grace|Lilla Katt,,,no,40,"locked recurring duo, 21 scenes together, mutuality 0.313, capture 0.512"
868|Nerine Mechanique & Lilla Katt: Scheduling Conflict,868,Nerine Mechanique & Lilla Katt: Scheduling Conflict,Nerine Mechanique & Lilla Katt,Duos,performer_pair,keep,import-ready,19,0.09,17,1,"{""include"":{""performers_all"":[""7406"",""7596""]},""exclude"":{""tags_any"":[""9320""]}}",,,7406|7596,Nerine Mechanique|Lilla Katt,,,no,41,"locked recurring duo, 19 scenes together, mutuality 0.432, capture 0.463"
871|Krysta Kaos + Maestro Stefanos: Shared Screen Time,871,Krysta Kaos + Maestro Stefanos: Shared Screen Time,Krysta Kaos & Maestro Stefanos,Duos,performer_pair,keep,import-ready,18,0.09,25,1,"{""include"":{""performers_all"":[""5373"",""7043""]},""exclude"":{""tags_any"":[""9320""]}}",,,5373|7043,Krysta Kaos|Maestro Stefanos,,,no,41,"locked recurring duo, 18 scenes together, mutuality 0.31, capture 0.45"
872|Francesca Le & Mark Wood: The Joint Statement,872,Francesca Le & Mark Wood: The Joint Statement,Mark Wood & Francesca Le,Duos,performer_pair,keep,import-ready,18,0.09,19,2,"{""include"":{""performers_all"":[""8"",""387""]},""exclude"":{""tags_any"":[""9320""]}}",,,8|387,Mark Wood|Francesca Le,,,no,40,"locked recurring duo, 18 scenes together, mutuality 0.212, capture 0.72"
