channel_number,channel_name,channel_family,exact_scene_count,library_share_pct,include_tag_logic,include_tag_ids_all,include_tags_all,exclude_tag_logic,exclude_tag_ids_any,exclude_tags_any,include_performer_logic,include_performer_ids_all,include_performers_all,exclude_performer_logic,exclude_performer_ids_any,exclude_performers_any,include_studio_logic,include_studio_ids_any,include_studios_any,exclude_studio_logic,exclude_studio_ids_any,exclude_studios_any,filter_expression,affinity_lift,rationale,stable_key,scene_date_from,scene_date_to,duration_min_seconds,created_within_days
100,Mick Blue Has the Remote,performer_spotlight,573,2.823,,,,ANY,9320,JAV,ALL,157,Mick Blue,,,,,,,,,,"NONE_TAGS(""JAV"") AND ALL_PERFORMERS(""Mick Blue"")",,performer with 50+ post-JAV scenes (573),100|Mick Blue Has the Remote,,,,
101,Shane Diesel: HR Would Like a Word,performer_spotlight,410,2.020,,,,ANY,9320,JAV,ALL,239,Shane Diesel,,,,,,,,,,"NONE_TAGS(""JAV"") AND ALL_PERFORMERS(""Shane Diesel"")",,performer with 50+ post-JAV scenes (410),101|Shane Diesel: HR Would Like a Word,,,,
102,Keiran Lee vs. the Bedtime Schedule,performer_spotlight,371,1.828,,,,ANY,9320,JAV,ALL,60,Keiran Lee,,,,,,,,,,"NONE_TAGS(""JAV"") AND ALL_PERFORMERS(""Keiran Lee"")",,performer with 50+ post-JAV scenes (371),102|Keiran Lee vs. the Bedtime Schedule,,,,
103,Manuel Ferrara: The Plot Thickens,performer_spotlight,365,1.798,,,,ANY,9320,JAV,ALL,155,Manuel Ferrara,,,,,,,,,,"NONE_TAGS(""JAV"") AND ALL_PERFORMERS(""Manuel Ferrara"")",,performer with 50+ post-JAV scenes (365),103|Manuel Ferrara: The Plot Thickens,,,,
104,Xander Corvus & the Missing Script,performer_spotlight,355,1.749,,,,ANY,9320,JAV,ALL,176,Xander Corvus,,,,,,,,,,"NONE_TAGS(""JAV"") AND ALL_PERFORMERS(""Xander Corvus"")",,performer with 50+ post-JAV scenes (355),104|Xander Corvus & the Missing Script,,,,
105,Bobby Beefcake: Do Not Auto-Play at Work,performer_spotlight,326,1.606,,,,ANY,9320,JAV,ALL,408,Bobby Beefcake,,,,,,,,,,"NONE_TAGS(""JAV"") AND ALL_PERFORMERS(""Bobby Beefcake"")",,performer with 50+ post-JAV scenes (326),105|Bobby Beefcake: Do Not Auto-Play at Work,,,,
106,Anissa Kate: Overtime Approved,performer_spotlight,321,1.581,,,,ANY,9320,JAV,ALL,297,Anissa Kate,,,,,,,,,,"NONE_TAGS(""JAV"") AND ALL_PERFORMERS(""Anissa Kate"")",,performer with 50+ post-JAV scenes (321),106|Anissa Kate: Overtime Approved,,,,
107,Danny Mountain Presents: Questionable Decisions,performer_spotlight,288,1.419,,,,ANY,9320,JAV,ALL,150,Danny Mountain,,,,,,,,,,"NONE_TAGS(""JAV"") AND ALL_PERFORMERS(""Danny Mountain"")",,performer with 50+ post-JAV scenes (288),107|Danny Mountain Presents: Questionable Decisions,,,,
108,Johnny Castle: Main Character Hours,performer_spotlight,273,1.345,,,,ANY,9320,JAV,ALL,119,Johnny Castle,,,,,,,,,,"NONE_TAGS(""JAV"") AND ALL_PERFORMERS(""Johnny Castle"")",,performer with 50+ post-JAV scenes (273),108|Johnny Castle: Main Character Hours,,,,
109,Riley Reid: The Binge Committee,performer_spotlight,273,1.345,,,,ANY,9320,JAV,ALL,156,Riley Reid,,,,,,,,,,"NONE_TAGS(""JAV"") AND ALL_PERFORMERS(""Riley Reid"")",,performer with 50+ post-JAV scenes (273),109|Riley Reid: The Binge Committee,,,,
110,Tyler Nixon: The Skip Intro Department,performer_spotlight,257,1.266,,,,ANY,9320,JAV,ALL,154,Tyler Nixon,,,,,,,,,,"NONE_TAGS(""JAV"") AND ALL_PERFORMERS(""Tyler Nixon"")",,performer with 50+ post-JAV scenes (257),110|Tyler Nixon: The Skip Intro Department,,,,
111,Ramon Nomar: No Meeting Could Replace This,performer_spotlight,249,1.227,,,,ANY,9320,JAV,ALL,214,Ramon Nomar,,,,,,,,,,"NONE_TAGS(""JAV"") AND ALL_PERFORMERS(""Ramon Nomar"")",,performer with 50+ post-JAV scenes (249),111|Ramon Nomar: No Meeting Could Replace This,,,,
112,Ryan Madison: The Unscheduled Special,performer_spotlight,243,1.197,,,,ANY,9320,JAV,ALL,11,Ryan Madison,,,,,,,,,,"NONE_TAGS(""JAV"") AND ALL_PERFORMERS(""Ryan Madison"")",,performer with 50+ post-JAV scenes (243),112|Ryan Madison: The Unscheduled Special,,,,
113,Johnny Sins: Cancel Your Plans,performer_spotlight,234,1.153,,,,ANY,9320,JAV,ALL,139,Johnny Sins,,,,,,,,,,"NONE_TAGS(""JAV"") AND ALL_PERFORMERS(""Johnny Sins"")",,performer with 50+ post-JAV scenes (234),113|Johnny Sins: Cancel Your Plans,,,,
114,Abella Danger: The Remote Majority,performer_spotlight,222,1.094,,,,ANY,9320,JAV,ALL,169,Abella Danger,,,,,,,,,,"NONE_TAGS(""JAV"") AND ALL_PERFORMERS(""Abella Danger"")",,performer with 50+ post-JAV scenes (222),114|Abella Danger: The Remote Majority,,,,
115,Christian Clay: Premium Procrastination,performer_spotlight,220,1.084,,,,ANY,9320,JAV,ALL,470,Christian Clay,,,,,,,,,,"NONE_TAGS(""JAV"") AND ALL_PERFORMERS(""Christian Clay"")",,performer with 50+ post-JAV scenes (220),115|Christian Clay: Premium Procrastination,,,,
116,Tommy Pistol: Doing the Most,performer_spotlight,221,1.089,,,,ANY,9320,JAV,ALL,61,Tommy Pistol,,,,,,,,,,"NONE_TAGS(""JAV"") AND ALL_PERFORMERS(""Tommy Pistol"")",,performer with 50+ post-JAV scenes (221),116|Tommy Pistol: Doing the Most,,,,
117,Chloe Temple: The Late Fee Channel,performer_spotlight,220,1.084,,,,ANY,9320,JAV,ALL,811,Chloe Temple,,,,,,,,,,"NONE_TAGS(""JAV"") AND ALL_PERFORMERS(""Chloe Temple"")",,performer with 50+ post-JAV scenes (220),117|Chloe Temple: The Late Fee Channel,,,,
118,James Deen: Zero Inbox Energy,performer_spotlight,217,1.069,,,,ANY,9320,JAV,ALL,373,James Deen,,,,,,,,,,"NONE_TAGS(""JAV"") AND ALL_PERFORMERS(""James Deen"")",,performer with 50+ post-JAV scenes (217),118|James Deen: Zero Inbox Energy,,,,
119,Seth Gamble: Please Remain Tuned,performer_spotlight,212,1.044,,,,ANY,9320,JAV,ALL,146,Seth Gamble,,,,,,,,,,"NONE_TAGS(""JAV"") AND ALL_PERFORMERS(""Seth Gamble"")",,performer with 50+ post-JAV scenes (212),119|Seth Gamble: Please Remain Tuned,,,,
120,Alberto Blanco: The Extended Lunch Break,performer_spotlight,211,1.039,,,,ANY,9320,JAV,ALL,4,Alberto Blanco,,,,,,,,,,"NONE_TAGS(""JAV"") AND ALL_PERFORMERS(""Alberto Blanco"")",,performer with 50+ post-JAV scenes (211),120|Alberto Blanco: The Extended Lunch Break,,,,
121,Kendra Lust: Not in the Employee Handbook,performer_spotlight,203,1.000,,,,ANY,9320,JAV,ALL,574,Kendra Lust,,,,,,,,,,"NONE_TAGS(""JAV"") AND ALL_PERFORMERS(""Kendra Lust"")",,performer with 50+ post-JAV scenes (203),121|Kendra Lust: Not in the Employee Handbook,,,,
122,Nicole Aniston: Plot Armor Included,performer_spotlight,202,0.995,,,,ANY,9320,JAV,ALL,68,Nicole Aniston,,,,,,,,,,"NONE_TAGS(""JAV"") AND ALL_PERFORMERS(""Nicole Aniston"")",,performer with 50+ post-JAV scenes (202),122|Nicole Aniston: Plot Armor Included,,,,
123,Bill Bailey: The Agenda Has Changed,performer_spotlight,197,0.970,,,,ANY,9320,JAV,ALL,232,Bill Bailey,,,,,,,,,,"NONE_TAGS(""JAV"") AND ALL_PERFORMERS(""Bill Bailey"")",,performer with 50+ post-JAV scenes (197),123|Bill Bailey: The Agenda Has Changed,,,,
124,Luna Star: One More Episode,performer_spotlight,194,0.956,,,,ANY,9320,JAV,ALL,521,Luna Star,,,,,,,,,,"NONE_TAGS(""JAV"") AND ALL_PERFORMERS(""Luna Star"")",,performer with 50+ post-JAV scenes (194),124|Luna Star: One More Episode,,,,
125,Charles Dera: The Not-So-Silent Partner,performer_spotlight,191,0.941,,,,ANY,9320,JAV,ALL,367,Charles Dera,,,,,,,,,,"NONE_TAGS(""JAV"") AND ALL_PERFORMERS(""Charles Dera"")",,performer with 50+ post-JAV scenes (191),125|Charles Dera: The Not-So-Silent Partner,,,,
126,Markus Dupree: After the Group Chat,performer_spotlight,187,0.921,,,,ANY,9320,JAV,ALL,21,Markus Dupree,,,,,,,,,,"NONE_TAGS(""JAV"") AND ALL_PERFORMERS(""Markus Dupree"")",,performer with 50+ post-JAV scenes (187),126|Markus Dupree: After the Group Chat,,,,
127,J Mac: This Meeting Runs Late,performer_spotlight,184,0.906,,,,ANY,9320,JAV,ALL,317,J Mac,,,,,,,,,,"NONE_TAGS(""JAV"") AND ALL_PERFORMERS(""J Mac"")",,performer with 50+ post-JAV scenes (184),127|J Mac: This Meeting Runs Late,,,,
128,Owen Gray: The Recommendation Engine,performer_spotlight,182,0.897,,,,ANY,9320,JAV,ALL,1219,Owen Gray,,,,,,,,,,"NONE_TAGS(""JAV"") AND ALL_PERFORMERS(""Owen Gray"")",,performer with 50+ post-JAV scenes (182),128|Owen Gray: The Recommendation Engine,,,,
129,Scott Nails: Airplane Mode Recommended,performer_spotlight,170,0.837,,,,ANY,9320,JAV,ALL,480,Scott Nails,,,,,,,,,,"NONE_TAGS(""JAV"") AND ALL_PERFORMERS(""Scott Nails"")",,performer with 50+ post-JAV scenes (170),129|Scott Nails: Airplane Mode Recommended,,,,
130,Steve Holmes: The Couch Has Questions,performer_spotlight,169,0.833,,,,ANY,9320,JAV,ALL,186,Steve Holmes,,,,,,,,,,"NONE_TAGS(""JAV"") AND ALL_PERFORMERS(""Steve Holmes"")",,performer with 50+ post-JAV scenes (169),130|Steve Holmes: The Couch Has Questions,,,,
131,Romi Rain: Nothing on the Calendar,performer_spotlight,167,0.823,,,,ANY,9320,JAV,ALL,124,Romi Rain,,,,,,,,,,"NONE_TAGS(""JAV"") AND ALL_PERFORMERS(""Romi Rain"")",,performer with 50+ post-JAV scenes (167),131|Romi Rain: Nothing on the Calendar,,,,
132,Isiah Maxwell: The Ratings Department,performer_spotlight,165,0.813,,,,ANY,9320,JAV,ALL,228,Isiah Maxwell,,,,,,,,,,"NONE_TAGS(""JAV"") AND ALL_PERFORMERS(""Isiah Maxwell"")",,performer with 50+ post-JAV scenes (165),132|Isiah Maxwell: The Ratings Department,,,,
133,Marley Brinx: Full-Time Distraction,performer_spotlight,156,0.769,,,,ANY,9320,JAV,ALL,656,Marley Brinx,,,,,,,,,,"NONE_TAGS(""JAV"") AND ALL_PERFORMERS(""Marley Brinx"")",,performer with 50+ post-JAV scenes (156),133|Marley Brinx: Full-Time Distraction,,,,
134,Oliver Flynn: Nobody Read the Memo,performer_spotlight,156,0.769,,,,ANY,9320,JAV,ALL,10,Oliver Flynn,,,,,,,,,,"NONE_TAGS(""JAV"") AND ALL_PERFORMERS(""Oliver Flynn"")",,performer with 50+ post-JAV scenes (156),134|Oliver Flynn: Nobody Read the Memo,,,,
135,Derrick Pierce: The Opening Credits Club,performer_spotlight,155,0.764,,,,ANY,9320,JAV,ALL,140,Derrick Pierce,,,,,,,,,,"NONE_TAGS(""JAV"") AND ALL_PERFORMERS(""Derrick Pierce"")",,performer with 50+ post-JAV scenes (155),135|Derrick Pierce: The Opening Credits Club,,,,
136,Brandi Love Has the Remote,performer_spotlight,153,0.754,,,,ANY,9320,JAV,ALL,255,Brandi Love,,,,,,,,,,"NONE_TAGS(""JAV"") AND ALL_PERFORMERS(""Brandi Love"")",,performer with 50+ post-JAV scenes (153),136|Brandi Love Has the Remote,,,,
137,Gabbie Carter: HR Would Like a Word,performer_spotlight,151,0.744,,,,ANY,9320,JAV,ALL,621,Gabbie Carter,,,,,,,,,,"NONE_TAGS(""JAV"") AND ALL_PERFORMERS(""Gabbie Carter"")",,performer with 50+ post-JAV scenes (151),137|Gabbie Carter: HR Would Like a Word,,,,
138,Cory Chase vs. the Bedtime Schedule,performer_spotlight,147,0.724,,,,ANY,9320,JAV,ALL,12,Cory Chase,,,,,,,,,,"NONE_TAGS(""JAV"") AND ALL_PERFORMERS(""Cory Chase"")",,performer with 50+ post-JAV scenes (147),138|Cory Chase vs. the Bedtime Schedule,,,,
139,Casey Calvert: The Plot Thickens,performer_spotlight,145,0.714,,,,ANY,9320,JAV,ALL,256,Casey Calvert,,,,,,,,,,"NONE_TAGS(""JAV"") AND ALL_PERFORMERS(""Casey Calvert"")",,performer with 50+ post-JAV scenes (145),139|Casey Calvert: The Plot Thickens,,,,
140,Rissa May & the Missing Script,performer_spotlight,144,0.709,,,,ANY,9320,JAV,ALL,3532,Rissa May,,,,,,,,,,"NONE_TAGS(""JAV"") AND ALL_PERFORMERS(""Rissa May"")",,performer with 50+ post-JAV scenes (144),140|Rissa May & the Missing Script,,,,
141,Danny D: Do Not Auto-Play at Work,performer_spotlight,142,0.700,,,,ANY,9320,JAV,ALL,213,Danny D,,,,,,,,,,"NONE_TAGS(""JAV"") AND ALL_PERFORMERS(""Danny D"")",,performer with 50+ post-JAV scenes (142),141|Danny D: Do Not Auto-Play at Work,,,,
142,Alexis Texas: Overtime Approved,performer_spotlight,141,0.695,,,,ANY,9320,JAV,ALL,733,Alexis Texas,,,,,,,,,,"NONE_TAGS(""JAV"") AND ALL_PERFORMERS(""Alexis Texas"")",,performer with 50+ post-JAV scenes (141),142|Alexis Texas: Overtime Approved,,,,
143,Erik Everhard Presents: Questionable Decisions,performer_spotlight,139,0.685,,,,ANY,9320,JAV,ALL,181,Erik Everhard,,,,,,,,,,"NONE_TAGS(""JAV"") AND ALL_PERFORMERS(""Erik Everhard"")",,performer with 50+ post-JAV scenes (139),143|Erik Everhard Presents: Questionable Decisions,,,,
144,Jules Jordan: Main Character Hours,performer_spotlight,139,0.685,,,,ANY,9320,JAV,ALL,372,Jules Jordan,,,,,,,,,,"NONE_TAGS(""JAV"") AND ALL_PERFORMERS(""Jules Jordan"")",,performer with 50+ post-JAV scenes (139),144|Jules Jordan: Main Character Hours,,,,
145,Jessie Rogers: The Binge Committee,performer_spotlight,138,0.680,,,,ANY,9320,JAV,ALL,848,Jessie Rogers,,,,,,,,,,"NONE_TAGS(""JAV"") AND ALL_PERFORMERS(""Jessie Rogers"")",,performer with 50+ post-JAV scenes (138),145|Jessie Rogers: The Binge Committee,,,,
146,Brooklyn Chase: The Skip Intro Department,performer_spotlight,133,0.655,,,,ANY,9320,JAV,ALL,81,Brooklyn Chase,,,,,,,,,,"NONE_TAGS(""JAV"") AND ALL_PERFORMERS(""Brooklyn Chase"")",,performer with 50+ post-JAV scenes (133),146|Brooklyn Chase: The Skip Intro Department,,,,
147,Dani Daniels: No Meeting Could Replace This,performer_spotlight,131,0.645,,,,ANY,9320,JAV,ALL,56,Dani Daniels,,,,,,,,,,"NONE_TAGS(""JAV"") AND ALL_PERFORMERS(""Dani Daniels"")",,performer with 50+ post-JAV scenes (131),147|Dani Daniels: No Meeting Could Replace This,,,,
148,Kyle Mason: The Unscheduled Special,performer_spotlight,130,0.640,,,,ANY,9320,JAV,ALL,19,Kyle Mason,,,,,,,,,,"NONE_TAGS(""JAV"") AND ALL_PERFORMERS(""Kyle Mason"")",,performer with 50+ post-JAV scenes (130),148|Kyle Mason: The Unscheduled Special,,,,
149,Stacy Cruz: Cancel Your Plans,performer_spotlight,131,0.645,,,,ANY,9320,JAV,ALL,469,Stacy Cruz,,,,,,,,,,"NONE_TAGS(""JAV"") AND ALL_PERFORMERS(""Stacy Cruz"")",,performer with 50+ post-JAV scenes (131),149|Stacy Cruz: Cancel Your Plans,,,,
150,Krissy Lynn: The Remote Majority,performer_spotlight,128,0.631,,,,ANY,9320,JAV,ALL,510,Krissy Lynn,,,,,,,,,,"NONE_TAGS(""JAV"") AND ALL_PERFORMERS(""Krissy Lynn"")",,performer with 50+ post-JAV scenes (128),150|Krissy Lynn: The Remote Majority,,,,
151,Vince Karter: Premium Procrastination,performer_spotlight,128,0.631,,,,ANY,9320,JAV,ALL,801,Vince Karter,,,,,,,,,,"NONE_TAGS(""JAV"") AND ALL_PERFORMERS(""Vince Karter"")",,performer with 50+ post-JAV scenes (128),151|Vince Karter: Premium Procrastination,,,,
152,Ryan McLane: Doing the Most,performer_spotlight,127,0.626,,,,ANY,9320,JAV,ALL,152,Ryan McLane,,,,,,,,,,"NONE_TAGS(""JAV"") AND ALL_PERFORMERS(""Ryan McLane"")",,performer with 50+ post-JAV scenes (127),152|Ryan McLane: Doing the Most,,,,
153,Mia Malkova: The Late Fee Channel,performer_spotlight,124,0.611,,,,ANY,9320,JAV,ALL,116,Mia Malkova,,,,,,,,,,"NONE_TAGS(""JAV"") AND ALL_PERFORMERS(""Mia Malkova"")",,performer with 50+ post-JAV scenes (124),153|Mia Malkova: The Late Fee Channel,,,,
154,Dillion Harper: Zero Inbox Energy,performer_spotlight,123,0.606,,,,ANY,9320,JAV,ALL,566,Dillion Harper,,,,,,,,,,"NONE_TAGS(""JAV"") AND ALL_PERFORMERS(""Dillion Harper"")",,performer with 50+ post-JAV scenes (123),154|Dillion Harper: Zero Inbox Energy,,,,
155,Van Wylde: Please Remain Tuned,performer_spotlight,122,0.601,,,,ANY,9320,JAV,ALL,418,Van Wylde,,,,,,,,,,"NONE_TAGS(""JAV"") AND ALL_PERFORMERS(""Van Wylde"")",,performer with 50+ post-JAV scenes (122),155|Van Wylde: Please Remain Tuned,,,,
156,Aria Alexander: The Extended Lunch Break,performer_spotlight,119,0.586,,,,ANY,9320,JAV,ALL,889,Aria Alexander,,,,,,,,,,"NONE_TAGS(""JAV"") AND ALL_PERFORMERS(""Aria Alexander"")",,performer with 50+ post-JAV scenes (119),156|Aria Alexander: The Extended Lunch Break,,,,
157,Allie Haze: Not in the Employee Handbook,performer_spotlight,117,0.576,,,,ANY,9320,JAV,ALL,162,Allie Haze,,,,,,,,,,"NONE_TAGS(""JAV"") AND ALL_PERFORMERS(""Allie Haze"")",,performer with 50+ post-JAV scenes (117),157|Allie Haze: Not in the Employee Handbook,,,,
158,Mr. Pete: Plot Armor Included,performer_spotlight,116,0.571,,,,ANY,9320,JAV,ALL,182,Mr. Pete,,,,,,,,,,"NONE_TAGS(""JAV"") AND ALL_PERFORMERS(""Mr. Pete"")",,performer with 50+ post-JAV scenes (116),158|Mr. Pete: Plot Armor Included,,,,
159,Codey Steele: The Agenda Has Changed,performer_spotlight,115,0.567,,,,ANY,9320,JAV,ALL,2,Codey Steele,,,,,,,,,,"NONE_TAGS(""JAV"") AND ALL_PERFORMERS(""Codey Steele"")",,performer with 50+ post-JAV scenes (115),159|Codey Steele: The Agenda Has Changed,,,,
160,Penny Barber: One More Episode,performer_spotlight,114,0.562,,,,ANY,9320,JAV,ALL,996,Penny Barber,,,,,,,,,,"NONE_TAGS(""JAV"") AND ALL_PERFORMERS(""Penny Barber"")",,performer with 50+ post-JAV scenes (114),160|Penny Barber: One More Episode,,,,
161,Asa Akira: The Not-So-Silent Partner,performer_spotlight,110,0.542,,,,ANY,9320,JAV,ALL,887,Asa Akira,,,,,,,,,,"NONE_TAGS(""JAV"") AND ALL_PERFORMERS(""Asa Akira"")",,performer with 50+ post-JAV scenes (110),161|Asa Akira: The Not-So-Silent Partner,,,,
162,Ryan Driller: After the Group Chat,performer_spotlight,109,0.537,,,,ANY,9320,JAV,ALL,153,Ryan Driller,,,,,,,,,,"NONE_TAGS(""JAV"") AND ALL_PERFORMERS(""Ryan Driller"")",,performer with 50+ post-JAV scenes (109),162|Ryan Driller: After the Group Chat,,,,
163,Chris Strokes: This Meeting Runs Late,performer_spotlight,108,0.532,,,,ANY,9320,JAV,ALL,234,Chris Strokes,,,,,,,,,,"NONE_TAGS(""JAV"") AND ALL_PERFORMERS(""Chris Strokes"")",,performer with 50+ post-JAV scenes (108),163|Chris Strokes: This Meeting Runs Late,,,,
164,The Pope: The Recommendation Engine,performer_spotlight,108,0.532,,,,ANY,9320,JAV,ALL,3152,The Pope,,,,,,,,,,"NONE_TAGS(""JAV"") AND ALL_PERFORMERS(""The Pope"")",,performer with 50+ post-JAV scenes (108),164|The Pope: The Recommendation Engine,,,,
165,Michael Vegas: Airplane Mode Recommended,performer_spotlight,105,0.517,,,,ANY,9320,JAV,ALL,190,Michael Vegas,,,,,,,,,,"NONE_TAGS(""JAV"") AND ALL_PERFORMERS(""Michael Vegas"")",,performer with 50+ post-JAV scenes (105),165|Michael Vegas: Airplane Mode Recommended,,,,
166,Chad White: The Couch Has Questions,performer_spotlight,103,0.507,,,,ANY,9320,JAV,ALL,159,Chad White,,,,,,,,,,"NONE_TAGS(""JAV"") AND ALL_PERFORMERS(""Chad White"")",,performer with 50+ post-JAV scenes (103),166|Chad White: The Couch Has Questions,,,,
167,April Olsen: Nothing on the Calendar,performer_spotlight,102,0.502,,,,ANY,9320,JAV,ALL,998,April Olsen,,,,,,,,,,"NONE_TAGS(""JAV"") AND ALL_PERFORMERS(""April Olsen"")",,performer with 50+ post-JAV scenes (102),167|April Olsen: Nothing on the Calendar,,,,
168,Small Hands: The Ratings Department,performer_spotlight,100,0.493,,,,ANY,9320,JAV,ALL,158,Small Hands,,,,,,,,,,"NONE_TAGS(""JAV"") AND ALL_PERFORMERS(""Small Hands"")",,performer with 50+ post-JAV scenes (100),168|Small Hands: The Ratings Department,,,,
169,Rebel Lynn: Full-Time Distraction,performer_spotlight,99,0.488,,,,ANY,9320,JAV,ALL,803,Rebel Lynn,,,,,,,,,,"NONE_TAGS(""JAV"") AND ALL_PERFORMERS(""Rebel Lynn"")",,performer with 50+ post-JAV scenes (99),169|Rebel Lynn: Full-Time Distraction,,,,
170,Tommy Gunn: Nobody Read the Memo,performer_spotlight,98,0.483,,,,ANY,9320,JAV,ALL,191,Tommy Gunn,,,,,,,,,,"NONE_TAGS(""JAV"") AND ALL_PERFORMERS(""Tommy Gunn"")",,performer with 50+ post-JAV scenes (98),170|Tommy Gunn: Nobody Read the Memo,,,,
171,Mickey Mod: The Opening Credits Club,performer_spotlight,97,0.478,,,,ANY,9320,JAV,ALL,1057,Mickey Mod,,,,,,,,,,"NONE_TAGS(""JAV"") AND ALL_PERFORMERS(""Mickey Mod"")",,performer with 50+ post-JAV scenes (97),171|Mickey Mod: The Opening Credits Club,,,,
172,Jay Romero Has the Remote,performer_spotlight,96,0.473,,,,ANY,9320,JAV,ALL,764,Jay Romero,,,,,,,,,,"NONE_TAGS(""JAV"") AND ALL_PERFORMERS(""Jay Romero"")",,performer with 50+ post-JAV scenes (96),172|Jay Romero Has the Remote,,,,
173,Jordan Ash: HR Would Like a Word,performer_spotlight,94,0.463,,,,ANY,9320,JAV,ALL,223,Jordan Ash,,,,,,,,,,"NONE_TAGS(""JAV"") AND ALL_PERFORMERS(""Jordan Ash"")",,performer with 50+ post-JAV scenes (94),173|Jordan Ash: HR Would Like a Word,,,,
174,Alexa Grace vs. the Bedtime Schedule,performer_spotlight,93,0.458,,,,ANY,9320,JAV,ALL,1021,Alexa Grace,,,,,,,,,,"NONE_TAGS(""JAV"") AND ALL_PERFORMERS(""Alexa Grace"")",,performer with 50+ post-JAV scenes (93),174|Alexa Grace vs. the Bedtime Schedule,,,,
175,Ariana Marie: The Plot Thickens,performer_spotlight,93,0.458,,,,ANY,9320,JAV,ALL,67,Ariana Marie,,,,,,,,,,"NONE_TAGS(""JAV"") AND ALL_PERFORMERS(""Ariana Marie"")",,performer with 50+ post-JAV scenes (93),175|Ariana Marie: The Plot Thickens,,,,
176,Bridgette B & the Missing Script,performer_spotlight,93,0.458,,,,ANY,9320,JAV,ALL,474,Bridgette B,,,,,,,,,,"NONE_TAGS(""JAV"") AND ALL_PERFORMERS(""Bridgette B"")",,performer with 50+ post-JAV scenes (93),176|Bridgette B & the Missing Script,,,,
177,Abigail Mac: Do Not Auto-Play at Work,performer_spotlight,92,0.453,,,,ANY,9320,JAV,ALL,47,Abigail Mac,,,,,,,,,,"NONE_TAGS(""JAV"") AND ALL_PERFORMERS(""Abigail Mac"")",,performer with 50+ post-JAV scenes (92),177|Abigail Mac: Do Not Auto-Play at Work,,,,
178,Lucas Frost: Overtime Approved,performer_spotlight,92,0.453,,,,ANY,9320,JAV,ALL,262,Lucas Frost,,,,,,,,,,"NONE_TAGS(""JAV"") AND ALL_PERFORMERS(""Lucas Frost"")",,performer with 50+ post-JAV scenes (92),178|Lucas Frost: Overtime Approved,,,,
179,Bonnie Rotten Presents: Questionable Decisions,performer_spotlight,91,0.448,,,,ANY,9320,JAV,ALL,401,Bonnie Rotten,,,,,,,,,,"NONE_TAGS(""JAV"") AND ALL_PERFORMERS(""Bonnie Rotten"")",,performer with 50+ post-JAV scenes (91),179|Bonnie Rotten Presents: Questionable Decisions,,,,
180,Jean Val Jean: Main Character Hours,performer_spotlight,91,0.448,,,,ANY,9320,JAV,ALL,894,Jean Val Jean,,,,,,,,,,"NONE_TAGS(""JAV"") AND ALL_PERFORMERS(""Jean Val Jean"")",,performer with 50+ post-JAV scenes (91),180|Jean Val Jean: Main Character Hours,,,,
181,Jennifer Mendez: The Binge Committee,performer_spotlight,91,0.448,,,,ANY,9320,JAV,ALL,3016,Jennifer Mendez,,,,,,,,,,"NONE_TAGS(""JAV"") AND ALL_PERFORMERS(""Jennifer Mendez"")",,performer with 50+ post-JAV scenes (91),181|Jennifer Mendez: The Binge Committee,,,,
182,John Strong: The Skip Intro Department,performer_spotlight,92,0.453,,,,ANY,9320,JAV,ALL,20,John Strong,,,,,,,,,,"NONE_TAGS(""JAV"") AND ALL_PERFORMERS(""John Strong"")",,performer with 50+ post-JAV scenes (92),182|John Strong: The Skip Intro Department,,,,
183,Valentina Nappi: No Meeting Could Replace This,performer_spotlight,91,0.448,,,,ANY,9320,JAV,ALL,481,Valentina Nappi,,,,,,,,,,"NONE_TAGS(""JAV"") AND ALL_PERFORMERS(""Valentina Nappi"")",,performer with 50+ post-JAV scenes (91),183|Valentina Nappi: No Meeting Could Replace This,,,,
184,Zac Wild: The Unscheduled Special,performer_spotlight,91,0.448,,,,ANY,9320,JAV,ALL,492,Zac Wild,,,,,,,,,,"NONE_TAGS(""JAV"") AND ALL_PERFORMERS(""Zac Wild"")",,performer with 50+ post-JAV scenes (91),184|Zac Wild: The Unscheduled Special,,,,
185,Alex Coal: Cancel Your Plans,performer_spotlight,90,0.443,,,,ANY,9320,JAV,ALL,264,Alex Coal,,,,,,,,,,"NONE_TAGS(""JAV"") AND ALL_PERFORMERS(""Alex Coal"")",,performer with 50+ post-JAV scenes (90),185|Alex Coal: Cancel Your Plans,,,,
186,Bruce Venture: The Remote Majority,performer_spotlight,90,0.443,,,,ANY,9320,JAV,ALL,257,Bruce Venture,,,,,,,,,,"NONE_TAGS(""JAV"") AND ALL_PERFORMERS(""Bruce Venture"")",,performer with 50+ post-JAV scenes (90),186|Bruce Venture: The Remote Majority,,,,
187,Brad Newman: Premium Procrastination,performer_spotlight,89,0.438,,,,ANY,9320,JAV,ALL,712,Brad Newman,,,,,,,,,,"NONE_TAGS(""JAV"") AND ALL_PERFORMERS(""Brad Newman"")",,performer with 50+ post-JAV scenes (89),187|Brad Newman: Premium Procrastination,,,,
188,Quinton James: Doing the Most,performer_spotlight,89,0.438,,,,ANY,9320,JAV,ALL,251,Quinton James,,,,,,,,,,"NONE_TAGS(""JAV"") AND ALL_PERFORMERS(""Quinton James"")",,performer with 50+ post-JAV scenes (89),188|Quinton James: Doing the Most,,,,
189,Damon Dice: The Late Fee Channel,performer_spotlight,88,0.434,,,,ANY,9320,JAV,ALL,147,Damon Dice,,,,,,,,,,"NONE_TAGS(""JAV"") AND ALL_PERFORMERS(""Damon Dice"")",,performer with 50+ post-JAV scenes (88),189|Damon Dice: The Late Fee Channel,,,,
190,Kristof Cale: Zero Inbox Energy,performer_spotlight,88,0.434,,,,ANY,9320,JAV,ALL,603,Kristof Cale,,,,,,,,,,"NONE_TAGS(""JAV"") AND ALL_PERFORMERS(""Kristof Cale"")",,performer with 50+ post-JAV scenes (88),190|Kristof Cale: Zero Inbox Energy,,,,
191,Remy LaCroix: Please Remain Tuned,performer_spotlight,88,0.434,,,,ANY,9320,JAV,ALL,114,Remy LaCroix,,,,,,,,,,"NONE_TAGS(""JAV"") AND ALL_PERFORMERS(""Remy LaCroix"")",,performer with 50+ post-JAV scenes (88),191|Remy LaCroix: Please Remain Tuned,,,,
192,Alex Legend: The Extended Lunch Break,performer_spotlight,87,0.429,,,,ANY,9320,JAV,ALL,432,Alex Legend,,,,,,,,,,"NONE_TAGS(""JAV"") AND ALL_PERFORMERS(""Alex Legend"")",,performer with 50+ post-JAV scenes (87),192|Alex Legend: The Extended Lunch Break,,,,
193,Melissa Moore: Not in the Employee Handbook,performer_spotlight,87,0.429,,,,ANY,9320,JAV,ALL,1040,Melissa Moore,,,,,,,,,,"NONE_TAGS(""JAV"") AND ALL_PERFORMERS(""Melissa Moore"")",,performer with 50+ post-JAV scenes (87),193|Melissa Moore: Not in the Employee Handbook,,,,
194,Nathan Bronson: Plot Armor Included,performer_spotlight,88,0.434,,,,ANY,9320,JAV,ALL,454,Nathan Bronson,,,,,,,,,,"NONE_TAGS(""JAV"") AND ALL_PERFORMERS(""Nathan Bronson"")",,performer with 50+ post-JAV scenes (88),194|Nathan Bronson: Plot Armor Included,,,,
195,Alex Jones: The Agenda Has Changed,performer_spotlight,87,0.429,,,,ANY,9320,JAV,ALL,1074,Alex Jones,,,,,,,,,,"NONE_TAGS(""JAV"") AND ALL_PERFORMERS(""Alex Jones"")",,performer with 50+ post-JAV scenes (87),195|Alex Jones: The Agenda Has Changed,,,,
196,Victoria June: One More Episode,performer_spotlight,86,0.424,,,,ANY,9320,JAV,ALL,530,Victoria June,,,,,,,,,,"NONE_TAGS(""JAV"") AND ALL_PERFORMERS(""Victoria June"")",,performer with 50+ post-JAV scenes (86),196|Victoria June: One More Episode,,,,
197,Mark Wood: The Not-So-Silent Partner,performer_spotlight,85,0.419,,,,ANY,9320,JAV,ALL,8,Mark Wood,,,,,,,,,,"NONE_TAGS(""JAV"") AND ALL_PERFORMERS(""Mark Wood"")",,performer with 50+ post-JAV scenes (85),197|Mark Wood: The Not-So-Silent Partner,,,,
198,Ricky Johnson: After the Group Chat,performer_spotlight,84,0.414,,,,ANY,9320,JAV,ALL,444,Ricky Johnson,,,,,,,,,,"NONE_TAGS(""JAV"") AND ALL_PERFORMERS(""Ricky Johnson"")",,performer with 50+ post-JAV scenes (84),198|Ricky Johnson: After the Group Chat,,,,
199,Milan Ponjevic: This Meeting Runs Late,performer_spotlight,83,0.409,,,,ANY,9320,JAV,ALL,32,Milan Ponjevic,,,,,,,,,,"NONE_TAGS(""JAV"") AND ALL_PERFORMERS(""Milan Ponjevic"")",,performer with 50+ post-JAV scenes (83),199|Milan Ponjevic: This Meeting Runs Late,,,,
200,Ashlynn Brooke: The Recommendation Engine,performer_spotlight,82,0.404,,,,ANY,9320,JAV,ALL,668,Ashlynn Brooke,,,,,,,,,,"NONE_TAGS(""JAV"") AND ALL_PERFORMERS(""Ashlynn Brooke"")",,performer with 50+ post-JAV scenes (82),200|Ashlynn Brooke: The Recommendation Engine,,,,
201,Jake Adams: Airplane Mode Recommended,performer_spotlight,82,0.404,,,,ANY,9320,JAV,ALL,741,Jake Adams,,,,,,,,,,"NONE_TAGS(""JAV"") AND ALL_PERFORMERS(""Jake Adams"")",,performer with 50+ post-JAV scenes (82),201|Jake Adams: Airplane Mode Recommended,,,,
202,Jessy Jones: The Couch Has Questions,performer_spotlight,82,0.404,,,,ANY,9320,JAV,ALL,65,Jessy Jones,,,,,,,,,,"NONE_TAGS(""JAV"") AND ALL_PERFORMERS(""Jessy Jones"")",,performer with 50+ post-JAV scenes (82),202|Jessy Jones: The Couch Has Questions,,,,
203,Mike Adriano: Nothing on the Calendar,performer_spotlight,79,0.389,,,,ANY,9320,JAV,ALL,141,Mike Adriano,,,,,,,,,,"NONE_TAGS(""JAV"") AND ALL_PERFORMERS(""Mike Adriano"")",,performer with 50+ post-JAV scenes (79),203|Mike Adriano: Nothing on the Calendar,,,,
204,Rion King: The Ratings Department,performer_spotlight,79,0.389,,,,ANY,9320,JAV,ALL,456,Rion King,,,,,,,,,,"NONE_TAGS(""JAV"") AND ALL_PERFORMERS(""Rion King"")",,performer with 50+ post-JAV scenes (79),204|Rion King: The Ratings Department,,,,
205,Will Pounder: Full-Time Distraction,performer_spotlight,78,0.384,,,,ANY,9320,JAV,ALL,769,Will Pounder,,,,,,,,,,"NONE_TAGS(""JAV"") AND ALL_PERFORMERS(""Will Pounder"")",,performer with 50+ post-JAV scenes (78),205|Will Pounder: Full-Time Distraction,,,,
206,April O'Neil: Nobody Read the Memo,performer_spotlight,77,0.379,,,,ANY,9320,JAV,ALL,896,April O'Neil,,,,,,,,,,"NONE_TAGS(""JAV"") AND ALL_PERFORMERS(""April O'Neil"")",,performer with 50+ post-JAV scenes (77),206|April O'Neil: Nobody Read the Memo,,,,
207,Kylie Rocket: The Opening Credits Club,performer_spotlight,77,0.379,,,,ANY,9320,JAV,ALL,1007,Kylie Rocket,,,,,,,,,,"NONE_TAGS(""JAV"") AND ALL_PERFORMERS(""Kylie Rocket"")",,performer with 50+ post-JAV scenes (77),207|Kylie Rocket: The Opening Credits Club,,,,
208,Andi Avalon Has the Remote,performer_spotlight,76,0.374,,,,ANY,9320,JAV,ALL,29,Andi Avalon,,,,,,,,,,"NONE_TAGS(""JAV"") AND ALL_PERFORMERS(""Andi Avalon"")",,performer with 50+ post-JAV scenes (76),208|Andi Avalon Has the Remote,,,,
209,Dan Damage: HR Would Like a Word,performer_spotlight,72,0.355,,,,ANY,9320,JAV,ALL,27,Dan Damage,,,,,,,,,,"NONE_TAGS(""JAV"") AND ALL_PERFORMERS(""Dan Damage"")",,performer with 50+ post-JAV scenes (72),209|Dan Damage: HR Would Like a Word,,,,
210,Adrianna Luna vs. the Bedtime Schedule,performer_spotlight,71,0.350,,,,ANY,9320,JAV,ALL,51,Adrianna Luna,,,,,,,,,,"NONE_TAGS(""JAV"") AND ALL_PERFORMERS(""Adrianna Luna"")",,performer with 50+ post-JAV scenes (71),210|Adrianna Luna vs. the Bedtime Schedule,,,,
211,Prince Yahshua: The Plot Thickens,performer_spotlight,71,0.350,,,,ANY,9320,JAV,ALL,569,Prince Yahshua,,,,,,,,,,"NONE_TAGS(""JAV"") AND ALL_PERFORMERS(""Prince Yahshua"")",,performer with 50+ post-JAV scenes (71),211|Prince Yahshua: The Plot Thickens,,,,
212,Jenna Presley & the Missing Script,performer_spotlight,70,0.345,,,,ANY,9320,JAV,ALL,3408,Jenna Presley,,,,,,,,,,"NONE_TAGS(""JAV"") AND ALL_PERFORMERS(""Jenna Presley"")",,performer with 50+ post-JAV scenes (70),212|Jenna Presley & the Missing Script,,,,
213,Logan Pierce: Do Not Auto-Play at Work,performer_spotlight,69,0.340,,,,ANY,9320,JAV,ALL,194,Logan Pierce,,,,,,,,,,"NONE_TAGS(""JAV"") AND ALL_PERFORMERS(""Logan Pierce"")",,performer with 50+ post-JAV scenes (69),213|Logan Pierce: Do Not Auto-Play at Work,,,,
214,Chris Diamond: Overtime Approved,performer_spotlight,68,0.335,,,,ANY,9320,JAV,ALL,551,Chris Diamond,,,,,,,,,,"NONE_TAGS(""JAV"") AND ALL_PERFORMERS(""Chris Diamond"")",,performer with 50+ post-JAV scenes (68),214|Chris Diamond: Overtime Approved,,,,
215,Robby Echo Presents: Questionable Decisions,performer_spotlight,69,0.340,,,,ANY,9320,JAV,ALL,1622,Robby Echo,,,,,,,,,,"NONE_TAGS(""JAV"") AND ALL_PERFORMERS(""Robby Echo"")",,performer with 50+ post-JAV scenes (69),215|Robby Echo Presents: Questionable Decisions,,,,
216,Toni Ribas: Main Character Hours,performer_spotlight,68,0.335,,,,ANY,9320,JAV,ALL,62,Toni Ribas,,,,,,,,,,"NONE_TAGS(""JAV"") AND ALL_PERFORMERS(""Toni Ribas"")",,performer with 50+ post-JAV scenes (68),216|Toni Ribas: Main Character Hours,,,,
217,Iona Grace: The Binge Committee,performer_spotlight,67,0.330,,,,ANY,9320,JAV,ALL,3769,Iona Grace,,,,,,,,,,"NONE_TAGS(""JAV"") AND ALL_PERFORMERS(""Iona Grace"")",,performer with 50+ post-JAV scenes (67),217|Iona Grace: The Binge Committee,,,,
218,Olive Glass: The Skip Intro Department,performer_spotlight,66,0.325,,,,ANY,9320,JAV,ALL,397,Olive Glass,,,,,,,,,,"NONE_TAGS(""JAV"") AND ALL_PERFORMERS(""Olive Glass"")",,performer with 50+ post-JAV scenes (66),218|Olive Glass: The Skip Intro Department,,,,
219,Maestro: No Meeting Could Replace This,performer_spotlight,65,0.320,,,,ANY,9320,JAV,ALL,5262,Maestro,,,,,,,,,,"NONE_TAGS(""JAV"") AND ALL_PERFORMERS(""Maestro"")",,performer with 50+ post-JAV scenes (65),219|Maestro: No Meeting Could Replace This,,,,
220,Parker Ambrose: The Unscheduled Special,performer_spotlight,65,0.320,,,,ANY,9320,JAV,ALL,33,Parker Ambrose,,,,,,,,,,"NONE_TAGS(""JAV"") AND ALL_PERFORMERS(""Parker Ambrose"")",,performer with 50+ post-JAV scenes (65),220|Parker Ambrose: The Unscheduled Special,,,,
221,Sophia Leone: Cancel Your Plans,performer_spotlight,65,0.320,,,,ANY,9320,JAV,ALL,1022,Sophia Leone,,,,,,,,,,"NONE_TAGS(""JAV"") AND ALL_PERFORMERS(""Sophia Leone"")",,performer with 50+ post-JAV scenes (65),221|Sophia Leone: Cancel Your Plans,,,,
222,Angela White: The Remote Majority,performer_spotlight,64,0.315,,,,ANY,9320,JAV,ALL,546,Angela White,,,,,,,,,,"NONE_TAGS(""JAV"") AND ALL_PERFORMERS(""Angela White"")",,performer with 50+ post-JAV scenes (64),222|Angela White: The Remote Majority,,,,
223,Eva Lovia: Premium Procrastination,performer_spotlight,64,0.315,,,,ANY,9320,JAV,ALL,57,Eva Lovia,,,,,,,,,,"NONE_TAGS(""JAV"") AND ALL_PERFORMERS(""Eva Lovia"")",,performer with 50+ post-JAV scenes (64),223|Eva Lovia: Premium Procrastination,,,,
224,Kevin Crows: Doing the Most,performer_spotlight,64,0.315,,,,ANY,9320,JAV,ALL,867,Kevin Crows,,,,,,,,,,"NONE_TAGS(""JAV"") AND ALL_PERFORMERS(""Kevin Crows"")",,performer with 50+ post-JAV scenes (64),224|Kevin Crows: Doing the Most,,,,
225,Kurea Hasumi: The Late Fee Channel,performer_spotlight,64,0.315,,,,,,,ALL,8926,Kurea Hasumi,,,,,,,,,,"ALL_PERFORMERS(""Kurea Hasumi"")",,sanctioned JAV-only performer channel (no JAV exclusion),225|Kurea Hasumi: The Late Fee Channel,,,,
226,Marco Banderas: Zero Inbox Energy,performer_spotlight,65,0.320,,,,ANY,9320,JAV,ALL,175,Marco Banderas,,,,,,,,,,"NONE_TAGS(""JAV"") AND ALL_PERFORMERS(""Marco Banderas"")",,performer with 50+ post-JAV scenes (65),226|Marco Banderas: Zero Inbox Energy,,,,
227,Jordi El Nino Polla: Please Remain Tuned,performer_spotlight,63,0.310,,,,ANY,9320,JAV,ALL,477,Jordi El Nino Polla,,,,,,,,,,"NONE_TAGS(""JAV"") AND ALL_PERFORMERS(""Jordi El Nino Polla"")",,performer with 50+ post-JAV scenes (63),227|Jordi El Nino Polla: Please Remain Tuned,,,,
228,Dylan Ryan: The Extended Lunch Break,performer_spotlight,62,0.305,,,,ANY,9320,JAV,ALL,4041,Dylan Ryan,,,,,,,,,,"NONE_TAGS(""JAV"") AND ALL_PERFORMERS(""Dylan Ryan"")",,performer with 50+ post-JAV scenes (62),228|Dylan Ryan: The Extended Lunch Break,,,,
229,Jax Slayher: Not in the Employee Handbook,performer_spotlight,62,0.305,,,,ANY,9320,JAV,ALL,6,Jax Slayher,,,,,,,,,,"NONE_TAGS(""JAV"") AND ALL_PERFORMERS(""Jax Slayher"")",,performer with 50+ post-JAV scenes (62),229|Jax Slayher: Not in the Employee Handbook,,,,
230,Lena Paul: Plot Armor Included,performer_spotlight,61,0.301,,,,ANY,9320,JAV,ALL,559,Lena Paul,,,,,,,,,,"NONE_TAGS(""JAV"") AND ALL_PERFORMERS(""Lena Paul"")",,performer with 50+ post-JAV scenes (61),230|Lena Paul: Plot Armor Included,,,,
231,Madison Ivy: The Agenda Has Changed,performer_spotlight,61,0.301,,,,ANY,9320,JAV,ALL,501,Madison Ivy,,,,,,,,,,"NONE_TAGS(""JAV"") AND ALL_PERFORMERS(""Madison Ivy"")",,performer with 50+ post-JAV scenes (61),231|Madison Ivy: The Agenda Has Changed,,,,
232,Kenna James: One More Episode,performer_spotlight,60,0.296,,,,ANY,9320,JAV,ALL,108,Kenna James,,,,,,,,,,"NONE_TAGS(""JAV"") AND ALL_PERFORMERS(""Kenna James"")",,performer with 50+ post-JAV scenes (60),232|Kenna James: One More Episode,,,,
233,Adriana Chechik: The Not-So-Silent Partner,performer_spotlight,59,0.291,,,,ANY,9320,JAV,ALL,219,Adriana Chechik,,,,,,,,,,"NONE_TAGS(""JAV"") AND ALL_PERFORMERS(""Adriana Chechik"")",,performer with 50+ post-JAV scenes (59),233|Adriana Chechik: The Not-So-Silent Partner,,,,
234,Aiden Starr: After the Group Chat,performer_spotlight,59,0.291,,,,ANY,9320,JAV,ALL,974,Aiden Starr,,,,,,,,,,"NONE_TAGS(""JAV"") AND ALL_PERFORMERS(""Aiden Starr"")",,performer with 50+ post-JAV scenes (59),234|Aiden Starr: After the Group Chat,,,,
235,Sean Lawless: This Meeting Runs Late,performer_spotlight,59,0.291,,,,ANY,9320,JAV,ALL,24,Sean Lawless,,,,,,,,,,"NONE_TAGS(""JAV"") AND ALL_PERFORMERS(""Sean Lawless"")",,performer with 50+ post-JAV scenes (59),235|Sean Lawless: This Meeting Runs Late,,,,
236,Stella Cox: The Recommendation Engine,performer_spotlight,59,0.291,,,,ANY,9320,JAV,ALL,2623,Stella Cox,,,,,,,,,,"NONE_TAGS(""JAV"") AND ALL_PERFORMERS(""Stella Cox"")",,performer with 50+ post-JAV scenes (59),236|Stella Cox: The Recommendation Engine,,,,
237,Dante Colle: Airplane Mode Recommended,performer_spotlight,58,0.286,,,,ANY,9320,JAV,ALL,42,Dante Colle,,,,,,,,,,"NONE_TAGS(""JAV"") AND ALL_PERFORMERS(""Dante Colle"")",,performer with 50+ post-JAV scenes (58),237|Dante Colle: Airplane Mode Recommended,,,,
238,John Long: The Couch Has Questions,performer_spotlight,58,0.286,,,,ANY,9320,JAV,ALL,333,John Long,,,,,,,,,,"NONE_TAGS(""JAV"") AND ALL_PERFORMERS(""John Long"")",,performer with 50+ post-JAV scenes (58),238|John Long: The Couch Has Questions,,,,
239,Kelly Madison: Nothing on the Calendar,performer_spotlight,58,0.286,,,,ANY,9320,JAV,ALL,874,Kelly Madison,,,,,,,,,,"NONE_TAGS(""JAV"") AND ALL_PERFORMERS(""Kelly Madison"")",,performer with 50+ post-JAV scenes (58),239|Kelly Madison: Nothing on the Calendar,,,,
240,Krysta Kaos: The Ratings Department,performer_spotlight,58,0.286,,,,ANY,9320,JAV,ALL,5373,Krysta Kaos,,,,,,,,,,"NONE_TAGS(""JAV"") AND ALL_PERFORMERS(""Krysta Kaos"")",,performer with 50+ post-JAV scenes (58),240|Krysta Kaos: The Ratings Department,,,,
241,Peter Green: Full-Time Distraction,performer_spotlight,58,0.286,,,,ANY,9320,JAV,ALL,17,Peter Green,,,,,,,,,,"NONE_TAGS(""JAV"") AND ALL_PERFORMERS(""Peter Green"")",,performer with 50+ post-JAV scenes (58),241|Peter Green: Full-Time Distraction,,,,
242,Emily Willis: Nobody Read the Memo,performer_spotlight,57,0.281,,,,ANY,9320,JAV,ALL,1069,Emily Willis,,,,,,,,,,"NONE_TAGS(""JAV"") AND ALL_PERFORMERS(""Emily Willis"")",,performer with 50+ post-JAV scenes (57),242|Emily Willis: Nobody Read the Memo,,,,
243,Holly Michaels: The Opening Credits Club,performer_spotlight,57,0.281,,,,ANY,9320,JAV,ALL,403,Holly Michaels,,,,,,,,,,"NONE_TAGS(""JAV"") AND ALL_PERFORMERS(""Holly Michaels"")",,performer with 50+ post-JAV scenes (57),243|Holly Michaels: The Opening Credits Club,,,,
244,Maximo Garcia Has the Remote,performer_spotlight,57,0.281,,,,ANY,9320,JAV,ALL,1174,Maximo Garcia,,,,,,,,,,"NONE_TAGS(""JAV"") AND ALL_PERFORMERS(""Maximo Garcia"")",,performer with 50+ post-JAV scenes (57),244|Maximo Garcia Has the Remote,,,,
245,Mona Azar: HR Would Like a Word,performer_spotlight,57,0.281,,,,ANY,9320,JAV,ALL,1368,Mona Azar,,,,,,,,,,"NONE_TAGS(""JAV"") AND ALL_PERFORMERS(""Mona Azar"")",,performer with 50+ post-JAV scenes (57),245|Mona Azar: HR Would Like a Word,,,,
246,Anna Bell Peaks vs. the Bedtime Schedule,performer_spotlight,53,0.261,,,,ANY,9320,JAV,ALL,419,Anna Bell Peaks,,,,,,,,,,"NONE_TAGS(""JAV"") AND ALL_PERFORMERS(""Anna Bell Peaks"")",,performer with 50+ post-JAV scenes (53),246|Anna Bell Peaks vs. the Bedtime Schedule,,,,
247,Avi Love: The Plot Thickens,performer_spotlight,53,0.261,,,,ANY,9320,JAV,ALL,1117,Avi Love,,,,,,,,,,"NONE_TAGS(""JAV"") AND ALL_PERFORMERS(""Avi Love"")",,performer with 50+ post-JAV scenes (53),247|Avi Love: The Plot Thickens,,,,
248,Charly Summer & the Missing Script,performer_spotlight,53,0.261,,,,ANY,9320,JAV,ALL,778,Charly Summer,,,,,,,,,,"NONE_TAGS(""JAV"") AND ALL_PERFORMERS(""Charly Summer"")",,performer with 50+ post-JAV scenes (53),248|Charly Summer & the Missing Script,,,,
249,Cherie DeVille: Do Not Auto-Play at Work,performer_spotlight,53,0.261,,,,ANY,9320,JAV,ALL,83,Cherie DeVille,,,,,,,,,,"NONE_TAGS(""JAV"") AND ALL_PERFORMERS(""Cherie DeVille"")",,performer with 50+ post-JAV scenes (53),249|Cherie DeVille: Do Not Auto-Play at Work,,,,
250,Preston Parker: Overtime Approved,performer_spotlight,53,0.261,,,,ANY,9320,JAV,ALL,225,Preston Parker,,,,,,,,,,"NONE_TAGS(""JAV"") AND ALL_PERFORMERS(""Preston Parker"")",,performer with 50+ post-JAV scenes (53),250|Preston Parker: Overtime Approved,,,,
251,Johnny Love Presents: Questionable Decisions,performer_spotlight,52,0.256,,,,ANY,9320,JAV,ALL,263,Johnny Love,,,,,,,,,,"NONE_TAGS(""JAV"") AND ALL_PERFORMERS(""Johnny Love"")",,performer with 50+ post-JAV scenes (52),251|Johnny Love Presents: Questionable Decisions,,,,
252,Saeko Matsushita: Main Character Hours,performer_spotlight,52,0.256,,,,,,,ALL,1661,Saeko Matsushita,,,,,,,,,,"ALL_PERFORMERS(""Saeko Matsushita"")",,sanctioned JAV-only performer channel (no JAV exclusion),252|Saeko Matsushita: Main Character Hours,,,,
253,Alexis Fawx: The Binge Committee,performer_spotlight,51,0.251,,,,ANY,9320,JAV,ALL,478,Alexis Fawx,,,,,,,,,,"NONE_TAGS(""JAV"") AND ALL_PERFORMERS(""Alexis Fawx"")",,performer with 50+ post-JAV scenes (51),253|Alexis Fawx: The Binge Committee,,,,
254,Alina Belle: The Skip Intro Department,performer_spotlight,51,0.251,,,,ANY,9320,JAV,ALL,1891,Alina Belle,,,,,,,,,,"NONE_TAGS(""JAV"") AND ALL_PERFORMERS(""Alina Belle"")",,performer with 50+ post-JAV scenes (51),254|Alina Belle: The Skip Intro Department,,,,
255,Dredd: No Meeting Could Replace This,performer_spotlight,51,0.251,,,,ANY,9320,JAV,ALL,995,Dredd,,,,,,,,,,"NONE_TAGS(""JAV"") AND ALL_PERFORMERS(""Dredd"")",,performer with 50+ post-JAV scenes (51),255|Dredd: No Meeting Could Replace This,,,,
256,Chanel Preston: The Unscheduled Special,performer_spotlight,50,0.246,,,,ANY,9320,JAV,ALL,82,Chanel Preston,,,,,,,,,,"NONE_TAGS(""JAV"") AND ALL_PERFORMERS(""Chanel Preston"")",,performer with 50+ post-JAV scenes (50),256|Chanel Preston: The Unscheduled Special,,,,
257,Kendra Sunderland: Cancel Your Plans,performer_spotlight,50,0.246,,,,ANY,9320,JAV,ALL,531,Kendra Sunderland,,,,,,,,,,"NONE_TAGS(""JAV"") AND ALL_PERFORMERS(""Kendra Sunderland"")",,performer with 50+ post-JAV scenes (50),257|Kendra Sunderland: Cancel Your Plans,,,,
258,Feature Length (60+ Min),special_duration,1566,7.715,,,,ANY,9320,JAV,,,,,,,,,,,,,,,scenes with duration >= 3600 seconds (inclusive),jw:v1:special:feature-length,,,3600,
259,2010s Vault,special_era,10789,53.150,,,,ANY,9320,JAV,,,,,,,,,,,,,,,scenes dated 2010-01-01 through 2019-12-31,jw:v1:special:vault-2010s,2010-01-01,2019-12-31,,
260,2020s Vault,special_era,7831,38.578,,,,ANY,9320,JAV,,,,,,,,,,,,,,,scenes dated 2020-01-01 through 2026-12-31 (analysis semantics preserved; the fixed upper bound needs annual regeneration),jw:v1:special:vault-2020s,2020-01-01,2026-12-31,,
261,Fringe Studios,special_fringe_studios,2035,10.025,,,,ANY,9320,JAV,,,,,,,ANY,1|2|6|11|14|16|18|24|25|26|27|30|38|45|47|55|56|57|63|65|68|69|71|74|75|77|80|91|100|104|106|111|115|121|122|123|124|126|128|131|137|138|141|142|148|150|154|155|157|159|161|166|167|169|170|172|174|177|178|179|184|185|187|190|191|194|207|210|214|221|225|227|229|232|234|243|244|245|250|252|253|256|262|265|267|268|271|275|277|279|283|285|290|291|294|295|299|300|301|303|304|307|309|312|313|316|318|320|327|335|346|348|349|358|359|360|362|364|365|377|380|381|382|383|384|387|392|393|398|401|402|404|405|407|411|417|419|422|424|426|428|429|430|431|434|435|436|437|439|441|442|445|449|450|451|455|456|459|463|464|465|466|473|476|482|489|496|497|498|499|500|501|503|506|507|509|510|513|514|516|520|522|523|525|526|528|529|551|568|582|585|586|588|589|593|595|597|598|600|601|602|603|605|610|611|617|623|625|630|631|632|633|636|637|641|644|649|659|669|670|676|677|685|686|689|691|692|694|699|707|709|710|713|714|718|719|720|721|722|726|729|732|733|734|744|750|753|761|765|766|767|769|770|779|781|788|795|799|811|812|813|817|832|833|839|842|843|856|858|859|860|862|864|866|868|869|872|876|877|882|894|922|924|928|929|934|935|937|938|940|943|945|949|952|955|956|958|960|967|969|970|971|972|978|982|986|994|995|998|1001|1004|1010|1012|1023|1028|1034|1035|1044|1045|1048|1050|1051|1052|1055|1063|1064|1071|1078|1079|1089|1090|1092|1093|1098|1100|1104|1110|1114|1118|1123|1146|1160|1161|1163|1164|1167|1170|1175|1186|1190|1192|1193|1194|1196|1200|1205|1214|1215|1217|1227|1230|1233|1257|1262|1263|1265|1275|1280|1282|1289|1290|1293|1296|1303|1307|1308|1310|1311|1318|1319|1322|1325|1326|1328|1333|1335|1342|1348|1350|1359|1361|1362|1363|1368|1370|1372|1375|1376|1381|1398|1401|1402|1403|1410|1411|1413|1414|1416|1419|1422|1427|1435|1436|1438|1439|1441|1451|1461|1463|1467|1472|1485|1489|1491|1496|1517|1518|1521|1523|1524|1525|1527|1534|1535|1537|1538|1540|1541|1543|1544|1546|1548|1549|1550|1552|1553|1554|1555|1556|1560|1564|1566|1569|1571|1576|1577|1579|1580|1582|1586|1587|1591|1592|1593|1594|1596|1602|1604|1610|1611|1613|1614|1616|1620|1627|1629|1632|1635|1652|1654|1657|1664|1672|1674|1675|1681|1684|1685|1689|1692|1702|1704|1706|1709|1711|1715|1717|1719|1726|1731|1732|1733|1735|1741|1743|1746|1747|1751|1752|1758|1759|1762|1766|1770|1771|1773|1777|1784|1785|1788|1789|1790|1791|1792|1798|1799|1800|1805|1808|1809|1810|1811|1812|1813|1817|1819|1820|1821|1822|1823|1824|1826|1830|1831|1833|1834|1835|1837|1838|1839|1842|1843|1844|1847|1848|1851|1852|1853|1855|1856|1857|1859|1861|1862|1863|1864|1865|1871|1873|1878|1879|1882|1883|1884|1885|1886|1887|1888|1889|1890|1892|1893|1896|1897|1898|1899|1903|1904|1905|1906|1907|1908|1914|1916|1917|1918|1919|1921|1923|1925|1926|1936|1938|1943|1945|1946|1950|1954|1955|1957|1961|1967|1971|1972|1974|1984|1991|2019|2020|2028|2029|2035|2036|2038|2047|2054|2059|2069|2073|2078|2082|2083|2087|2088|2089|2093|2097|2099|2102|2103|2104|2108|2109|2111|2117|2119|2120|2122|2123|2124|2128|2131|2133|2146|2150|2164|2221|2228|2253|2254|2257|2258|2260|2261|2268|2271|2275|2277|2283|2284|2285|2287|2288|2290|2291|2295|2299|2300|2304|2307|2310|2311|2313|2320|2322|2323|2327|2341|2346|2361|2362|2363|2365|2373|2376|2393|2396|2402|2403|2423|2424|2429|2442|2444|2445|2447|2448|2449|2451|2457|2458|2459|2478|2480|2481|2482|2483|2487|2491|2500|2501|2506|2517|2526|2551|2554|2610|2621|2622|2638|2640|2641|2642|2643|2644|2645|2648|2649|2650|2667|2668|2670|2671|2672|2673|2674|2676|2677|2678|2679|2681|2682|2685|2686|2687|2689|2690|2691|2692|2698|2699|2700|2701|2702|2703|2704|2706|2707|2708|2709|2710|2725|2730|2734|2735|2738|2739|2740|2742|2745|2746|2747|2748|2749|2750|2751|2752|2782|2790|2791|2792|2793|2794|2795,"All Anal All The Time|3rd Degree Films|Hot and Mean|Kelly Madison|Family Strokes|Stranded Teens|POV Life|CFNM Teens|Sloppy Toppy|Sis Loves Me|I Know That Girl|That Sitcom Show|We Live Together|Blacked|Wild On Cam|American Daydreams|The Lesbian Experience|Lesbian Girl On Girl|Fucking Machines|Holly Randall|Episodes|She's A Freak|Office Obsession|Naughty Athletics|Bang POV|Big Tits At School|Out of the Family|West Coast Productions|Innocent High|Wicked Partners|2 Chicks Same Time|Dirty Masseur|Fuck Team Five|Manojob|Massage Girls 18|Monsters Of Cock|MR. POV|My Friend's Hot Girl|Naughty Bookworms|Pure 18|Tonight's Girlfriend Classic|Hush Pass|Shane Diesel's Bangin' Babes|John Leslie|Powersville|Next Door Amateur|Only Teen Blowjobs|Suze Randall Productions|Puba|Harmony Films|Harmony Vision|Sweetheart Video|Rawcut|BangBros 18|Bang Bus|First Class POV|The Score Group|Teens Do Porn|BSkow|BangBros Clips|Tugjobs|Smash Pictures|Footsie Babes|She's New|Jizz Bomb|The Dick Suckers|Web Young|Real Slut Party|Party of 3|Amateur Allure|Club Sandy|Jessica Jaymes XXX|Porn Goes Pro|PervCity|Top Web Models|Big Tits at Work|Big Tit Cream Pie|Big Tits, Round Asses|GloryHole|Got MYLF|Interracial Blowbang|Mom Is Horny|POV Pornstars|Cuckold Sessions|HarmonyVision|Rocco Siffredi|DDF Busty|MILF Body|Day With A Pornstar|Moms In Control|Sweet FemDom|Babe Archives|Fantasy HD|ATK Galleria|Barely Legal|Nubiles|Latina Sex Tapes|Tricky Spa|Tiny 4K|Petite HD Porn|HD Love|BlowJob Fridays|Freaks Of Cock|Dare Dorm|Darkreach Communications|Karups Hometown Amateurs|Digital Sin|3rd Degree|Fresh Outta High School|Big Tits In Sports|CFNM Secret|Monster Curves|The Lisa Ann|Pretty Dirty|Naughty America|Family XXX|Moms Lick Teens|VR Bangers|True Anal|TRENCHCOATx|MilfGONZO|Smut Factor|Ass Masterpiece|Bad Milfs|Blacked Raw|Watching My Mom Go Black|Give Me Teens|Pink Visual|Cum Louder|Blockbuster|Dog House Digital|InTheCrack|JoyMii|Kin8tengoku|Adam & Eve Pictures|HD Porn|Live Gonzo|ZTOD|ALS Scan|BANG! Real Teens|Bratty Sis|Confessions|Taboo|Daughter Swap|Family Hookups|Family Swap|Freeuse Fantasy|FTVGirls|Hookup Hotshot|Jay's POV|Jesh by Jesh|FansDB: Dreddxxx (onlyfans)|Perv Therapy|Porn Dude Casting|Producers Fun|Shoplyfter|Sis Swap|YesGirlz|Gonzo|BANG! Casting|BANG! Confessions|Mr. Anal|Fucking Awesome|Let's Try Anal|Concoxxxion|Babes Unleashed|Nanny Spy|Public Pickups|Share My BF|Spy Fam|Titty Attack|DuskTV|Private Milfs|Hot Bush|In The VIP|Naughty Weddings|She's Gonna Squirt|Wicked Live|BFFs|Dad Crush|My Babysitters Club|Scam Angels|Screwbox|Swallowed|Teens Love Anal|Fall in Lovia|Massage Creep|Bellesa House|ToughLoveX|MILF Next Door|Step Mom Lessons|Perv Mom|Public Bang|Full of JOI|Lil Humpers|Moms Teach Sex|Mylf of The Month|Hands On Hardcore|A POV Story|Anal Mom|Watching My Daughter Go Black|She Loves Black|Love Her Boobs|Mommy's Boy|Mom Swap|JMac|Foster Tapes|Twistys Live|Property Exploits|Kinky Spa|Pimp|Tight and Teen|Make Him Cuckold|Life Selector|Czech Casting|The Real Workout|Debt 4K|Anal Introductions|Cum Perfection|Jim Slip|X-Play|Shiny Bound|Manyvids: 2 Drops Studio|FansDB: Plugtalkshow (onlyfans)|Slayed|MetArt|Wow Girls|ALS Angels|Venom|Cruelty Party|Shady PI|Teen BFF|Exxxtra Small|Marks Head Bobbers And Hand Jobbers|The Sex Scout|21 Naturals|Anal 4K|Cum 4K|Euro Sex Parties|Lesbian X|Nubiles Porn|Petite Ballerinas Fucked|Pix And Video|The Life Erotic|Porno Static|My Very First Time|My Dirty Maid|Step Siblings|Whoa Boyz|Filthy Massage|Hot Wives Cheating|Inserted|Model Media US|Interracial Pickups|Blacks On Sluts|Culioneros|FansDB: Angelawhite (onlyfans)|CockyBoys|Reckless In Miami|Mike's Apartment|Captain Stabbin|Hoby Buchanon|Doghouse Digital|Buttman|Intimate Lesbians|Women Seeking Women|DarkX|Fetish Network|LesbianX|Mark's Head Bobbers and Hand Jobbers|Mofos Lab|Nympho|Squirtalicious|BAM Visions|HDPOV|Latin Adultery|Wives on Vacation|Assablanca|Girl Grind|Brazzers Live|Killergram|SinDrive|Fakehub|Horny Hostel|Jax Slayher|Tommy Wood|Only Blowjob|Asshole Fever|Teen Mega World|WTFPass|Cuck 4K|Cuck Hunter|YNGR|Dick Drainers|Hot Crazy Mess|LA New Girl|Mind Under Master|My Family Pies|Psycho Thrillers Films|Tease POV|Teens Love Black Cocks|Mike Hunt Inc|Sins Life|Kendra Lust|Dungeon Corp|Primal's Disgraced Superheroines|MILF Sugar Babes|Milking Table|Bikini Riot|Whipped Ass|Mofos World Wide|Massage Parlor|TMW VR Net|Dirty Flix|Can He Score?|Brave Films|FansDB: Innocenthotwifexxx (onlyfans)|Dane Jones|DaringSex HD|Frolic Me|Hot Legs and Feet|Lesbea|Massage Rooms|Girls Only Porn|Ultra Films|Viv Thomas|Josh Stone XXX|Exploited Teens|Team Skeet X Fucking Awesome|Hardcore Gangbang|OnlyFans (network)|Akalexromero|Thagson|Black Meat White Feet|Fucked Hard GFs|Couples Seeking Teens|Mom Is a Milf|Reality Gang|Globe Twatters|Shanes World|Wank It Now|JBVideo|Electro Sluts|Sadistic Rope|Kink University|This Girl Sucks|Delilah Cass|Humiliation POV|PornPortal (Aylo)|Bang! Trickery|Cum4K|GirlCum|Mom Lover|Mature.nl|Teen Core Club|18videoz|FTV Milfs|Smash Pictures / Pink Velvet|Forbidden Fruits Films|Muffia|The Flourish XXX|Slut Inspection|Bride 4K|Modern-Day Sins|It's POV|Virtual Taboo|Streetfuck|18club|Manyvids: Danielle Maye|MILF Overload|Lustery|Water Bondage|Class Media|Manyvids: Roxy Cox|Primal's POV Family Lust|Primal's Mental Domination|Primal's Taboo Family Relations|Primal's Fantasy POV|KENNY KONG AMWF PORN|Mr. LuckyPOV|Open Family|Gangbang Creampie|Disgraced 18|Deep Throat Love|Martin Spell|Zishy|MrBigFatDick|Hijab Hookup|BBC Pie|L.A. New Girl|Net Girl|Hijab MYLFs|Mylfdom|Hailey Rose|Serenity Cox|PurgatoryX|Sex With Muslims|Bang! Roadside XXX|Deviante|YummyGirl|Reality Lovers|BCM.XXX|SexLikeReal (Network)|Interracial Vision|Alex Adams Media|SINematica|Shame 4K|Black For Wife|MYLF Blows|Assylum|Family Sinners|FansDB: Mrthroatmonster (manyvids)|FansDB: Thepovgod (onlyfans)|JM Productions|Fill Up My Mom|Vince Karter|21 Bonus|Romero Multimedia|TeamSkeet Labs|Kinky Bites|Wankz|Dream Zone Entertainment|Wives in Pantyhose|Staxxx|PerfectSlave|Young Legal Porn|Jake Malone|Princess Cum|Roleplay With Me|The Nudie|Girl Girl|TeamSkeet X CamSoda|Girl Girl XXX|I Made Porn|S3XUS|RawAttack|All Anal|Anal Only|Caught Fapping|Freeuse MILF|Mom Drips|The POV GOD|Ricky's Room|Stay Home MILF|Pretty & Raw|Fantasy Massage|Filthy Family|Karups Older Women|MomPov|VNA Girls|Tabu Tales|Tales From The Edge|AE Films|NannySpy|Josh Stone|Bitch Slap Studios|Crazy College GFs|Inn of Sin Video|Family.XXX|Primal's TEASING, EDGING GRINDING|Primal's FOOTJOBS|Bad Daddy POV|House of Fyre|Peachy Keen Films|Primals Dark Reflections|Bonus Content|Dirty Auditions|Gloryhole Secrets|Mr. LuckyRaw|Under The Bed|Manyvids: Little Puck|Manyvids: Jack And Jill|Little Puck|MYLF X Little Puck|Cheating Whore Wives|Rodney Moore|Kick Ass Pictures|Nacho Vidal Hardcore|Teeny Taboo|TeamSkeet X James Deen|Team Skeet X Baeb|Black Bull Challenge|FullPornNetwork|UP CLOSE|Woodman|Nick Marxx|5K Porn|Is This Real?!|Fit18|Manyvids: Jakknife|Team Skeet Allstars|Angelo Godshack Original|Popporn Productions|Titty Creampies|Erika Lust Films|My Girl Loves Anal|BaDoink|Skow for Girlfriends|Lew Rubens|JoyBear Pictures|My Younger Lover|Czech AV|5KPorn|Fitness Rooms|Hard Porn World|K Klixen Productions|Little Caprice Dreams|Oye Loca|Porno Academie|Nade Nasty|My Daughter's Hot Friend|TeamSkeet Allstars|Shady Spa|Teens Love Money|Fitting-Room|Jacquie & Michel TV|Sex Selector|Wifey's World|Pulse Distribution|Creepy PA|Facials4k|Pervert Gallery|Magma Film|V9 Video|Pure Passion|FansDB: Kayleighdavis (onlyfans)|FansDB: Katiecooper4 (onlyfans)|MetArt X|GoonMuse|Jonathan Jordan XXX|Little Asians|FansDB: Jmac1864 (onlyfans)|Let's Post It|DreddXXX|DDF Babes|Cream Her|Czech Boobs|Teen From Bohemia|Czech Hitchhikers|Czech Sex Casting|Digi Creations XXX|Family Screw|Maximo Garcia|Fucking Street|GGG by John Thompson|GrandparentsX|Ignore 4K|Law 4k|Loan 4K|Mom Shoot|MYLF X Jonathan Jordan|MYLF After Dark|POV Perv|David Epic Studio|VIPissy Cash|Giorgio's Lab|N&F Studio|The Greys VIP|Sex In Taxi|Stalker Prodz|Swap 4K|Puffy Network|Breed Me|FansDB: Oliveglass (onlyfans)|Nude Yoga Porn|We Are Hairy|Bang Casting|Jesus Reyes|5Kteens|Perv Nana|Yes Girlz|Casting Couch-HD|Busted|Cheese|MilfAF|New Mylfs|Younger Mommy|Realtime Bondage|Kiss Me / Fuck Me|Dare We Share|J Macs POV|angels.love|TeamSkeet X CumKitchen|Dagfs Network|Fake Producer|FragileSlave|Jak Knife|BaddiesonlyPOV|Mr. LuckyLIFE|FansDB: Angiefaith (onlyfans)|FansDB: Manuelferraratv (onlyfans)|Use POV|Kylierocket|POV Masters|Sexy Modern Bull|Daddy 4K|HardWerk Pictures|Horny Household Clips|Filthy Taboo|Peter's Kingdom|Digital Videovision|Petite.XXX|Cum Swapping Sis|Lez Be Bad|Reality Sis|BBC Surprise|Titan Media Inc.|PervPrincipal|Pegas Productions|Evolved Fights|Tommywood|Mr. Biggz|Ask Your Mother|Nookies Originals|Not My Grandpa!|Erika Korti Studio|Mommy 4K|Vengeance XXX|JOI Babes|Club Castings|Submissed|Heavy Handfuls|Third Degree Films|All Her Luv|LucidFlix|Mission: Asspossible|Plum|MILFs Like It Black|Sapphix|TeamSkeet X Eva Elfie|Jerkmate|Spice Vids|Team Skeet X Eva Elfie|PornHub Premium: Eva Elfie|Maitland Ward|Jeff's Models|Taboolu|Eva de Vil|AllOver30|Elegant Anal|Eve Angel Official|Mommy JOI|Amateur Euro|Perfect Gonzo|Blurred Media|Chris Marxxx|Hot and Tatted|Mylfed|Teens Love Cream|TeamSkeet X Model Media US|Salieri XXX|Mom Cum|MYLF Labs|Sex Video Casting|Lone MILF|Adult Doorway|FILF|ExCoGigirls|Latina Rampage|leche69.com|Septo Studios|Seduced By A Real Lesbian|In The Crack Clips|LittleMutt|My Porn Babes|Secret Crush|Divine-DD|Pornhub: Pure Pleasure|New Sensations - Romance Series|Bizarre Entertainment|Powersville Inc.|SuperHeroineLimited|Strip Club Tryouts|The Yes List|MixedX|Slutty BBWs|We Like Girls|Joanna Angel|Got2Pee|Pegged|FreakMob Media|Squirting Lesbian|Nasty Media Group|True Lesbian|Pampered Penny|FansDB: Realmikeadriano (onlyfans)|Penny Barber|Where The Boys Aren't|ATKingdom|WowPorn|Primal's HANDJOBS|JB Video|Pornhub|Exotic 4K|ShinyBound Productions|Momotaro Eizo|Lil' Latinas|FansDB: Misslexa (onlyfans)|Glory Hole Swallow|Mrs Siren|SkinzErotica|Mylked|Go Stuck Yourself|MYLF X Stephousehold|Lesbian Stepdaughters|Shower 4K|WaXXXed|TagTeamPOV|XXX Job Interviews|Leah Layz|Manyvids: Riley Jacobs|Pervfect|Stella Sedona|TeamSkeet X Stella Sedona|FansDB: Tribal2 (onlyfans)|FansDB: Clarkandmartha (onlyfans)|FansDB: Ellyclutch (onlyfans)|CamSoda|Teen Sneaks|FansDB: Imawful69_ (onlyfans)|FansDB: Gabbiecarter (onlyfans)|Video Art Holland|Mean Dungeon|Marc Dorcel Productions|SlaveOrders|MeanBitches|Bopping Babes|FansDB: Thehotwifetour (onlyfans)|Manyvids: Lisey Sweet|PervyPass|Teenage Tryouts|Steve Rickz|Fucking Office|Adult Time x Dirty Cinema|Primal's Edging Orgasm|Your Mom Does Porn|Mean Amazon Bitches|Slut Stepsister|Swappz Features|Teasing and Pleasing|Kink Raw Test Shoots|Household Fantasy|EnjoyX|sensual.love|Sensual Heat|SinDeluxe|Property Sex VR|PureXXXFilms|BoundHoneys|MontysPOV|FansDB: Tribalbbc (onlyfans)|Team Skeet X Cam Soda|FantasyPOV|Wife Loves Black|Beauty and the Senior|21 Naturals (Network)|LesbianCash|Fantasy Girl Pass|Eros Arts|Pure Pass|Teen Depot|Teddy Tarantino|Tommy Murr|Serve 4k|Sin DeLuxe|Bondage Liberation|Kristina Grace|Perv Massage|Swhores|Adam-costa|8K Milfs|Juicy Entertainment|LustReality VR|Mrs Mischief|The Bitch Wife|APD Nudes|Sheer and Lace|Skinz Erotica|Cutie Pie|princess-rae (OnlyFans)|freddygong (ManyVids)|Manyvids: Mrs Mischief|FansDB: Valentineb69 (onlyfans)|Bang! Adventures|My Stepdaughter's Friend|IslandBoyVids|Manyvids: Devilshots Facials|Lil Sis|Pure TS|Purzel|Squeeze VR|HobbyPorn: German Scout|The Classic Porn|FansDB: Antoniosaintx (manyvids)",,,,,,"ANY of 794 maximal studios/trees with fewer than 10 hierarchical post-JAV scenes (materialized snapshot, pruned to maximal nodes)",jw:v1:special:fringe-studios,,,,
262,New Arrivals (Last 180 Days),special_recent,4620,22.760,,,,ANY,9320,JAV,,,,,,,,,,,,,,,created_at within 180 calendar days of query time (dynamic; generation-time reference anchor 2026-03-12),jw:v1:special:new-arrivals,,,,180
263,One-Scene Performers,special_one_scene,1797,8.853,,,,ANY,9320,JAV,ANY,31|40|43|45|94|95|127|161|198|201|203|216|240|245|259|273|274|275|286|299|316|324|327|344|350|353|388|405|410|414|446|479|486|495|499|544|545|560|591|622|628|639|663|675|680|683|689|695|719|725|726|731|732|735|739|745|780|781|793|796|799|831|844|850|899|911|921|938|939|944|949|954|956|966|967|975|977|980|984|988|997|1005|1011|1015|1026|1027|1031|1041|1053|1054|1061|1065|1122|1129|1150|1197|1200|1202|1205|1207|1212|1217|1251|1252|1260|1273|1280|1285|1292|1310|1328|1340|1345|1347|1362|1363|1365|1383|1384|1390|1394|1464|1511|1514|1517|1526|1529|1541|1543|1551|1576|1579|1587|1592|1604|1606|1607|1614|1624|1627|1628|1654|1666|1710|1716|1724|1730|1747|1748|1750|1752|1773|1779|1799|1803|1811|1815|1817|1820|1826|1830|1835|1837|1841|1843|1853|1854|1856|1860|1865|1868|1871|1881|1883|1887|1895|1905|1915|1918|1928|1931|1932|1933|1943|1948|1952|1977|1979|1983|1994|1995|1996|2001|2003|2004|2006|2010|2012|2024|2030|2033|2138|2139|2387|2403|2408|2422|2441|2458|2459|2460|2461|2473|2482|2495|2499|2501|2504|2515|2533|2537|2542|2543|2544|2550|2553|2555|2561|2565|2568|2569|2570|2571|2572|2573|2574|2577|2579|2585|2595|2598|2611|2615|2626|2628|2629|2632|2634|2635|2636|2637|2639|2643|2645|2648|2649|2651|2653|2660|2661|2678|2683|2685|2702|2705|2706|2707|2708|2724|2725|2754|2757|2763|2778|2788|2794|2798|2807|2820|2826|2854|2856|2864|2880|2915|2921|2924|2927|2929|2930|2942|2947|2960|2968|2971|2972|2973|2974|2975|2976|2977|2982|2983|2985|2986|2987|2988|2992|2993|2994|2996|2998|3001|3003|3004|3005|3006|3007|3009|3011|3012|3013|3015|3018|3019|3020|3023|3024|3025|3030|3033|3034|3036|3038|3039|3040|3042|3045|3048|3052|3054|3055|3056|3057|3058|3060|3061|3062|3064|3069|3070|3073|3077|3085|3089|3092|3093|3101|3102|3104|3105|3106|3108|3109|3111|3112|3113|3116|3117|3118|3119|3120|3122|3123|3127|3129|3132|3133|3136|3142|3143|3145|3147|3153|3155|3156|3157|3165|3176|3177|3238|3254|3259|3264|3265|3277|3278|3279|3282|3295|3309|3321|3328|3329|3331|3333|3336|3368|3383|3385|3389|3392|3393|3399|3402|3409|3413|3415|3417|3418|3419|3420|3421|3430|3431|3432|3435|3439|3440|3446|3449|3454|3457|3458|3459|3460|3462|3467|3468|3469|3471|3472|3473|3475|3476|3477|3479|3481|3489|3520|3521|3525|3526|3527|3529|3534|3535|3545|3546|3548|3550|3553|3609|3618|3621|3640|3643|3649|3654|3656|3660|3668|3669|3670|3673|3721|3723|3726|3732|3733|3734|3735|3737|3738|3741|3742|3745|3747|3751|3757|3758|3759|3762|3763|3766|3770|3771|3778|3785|3786|3788|3792|3793|3800|3801|3803|3804|3805|3816|3829|3835|3851|3868|3870|3872|3873|3874|3875|3876|3880|3884|3885|3886|3893|3894|3897|3901|3902|3903|3904|3909|3920|3930|3933|3937|3943|3951|3961|3969|3982|3987|3990|3996|4004|4010|4014|4027|4028|4029|4032|4050|4057|4062|4066|4068|4069|4077|4080|4081|4084|4092|4095|4096|4097|4099|4103|4111|4112|4119|4121|4126|4128|4129|4136|4137|4235|4239|4240|4260|4267|4270|4277|4285|4290|4291|4305|4306|4308|4326|4332|4338|4343|4348|4349|4351|4356|4361|4363|4364|4367|4371|4375|4376|4380|4382|4383|4391|4394|4395|4397|4398|4406|4407|4408|4409|4411|4412|4413|4414|4415|4416|4418|4420|4421|4423|4424|4425|4426|4427|4430|4431|4432|4433|4434|4436|4438|4439|4440|4441|4442|4443|4444|4446|4447|4448|4449|4451|4452|4453|4454|4455|4456|4458|4461|4462|4463|4465|4468|4470|4471|4472|4473|4474|4475|4476|4477|4478|4480|4482|4483|4484|4485|4512|4517|4520|4526|4529|4548|4552|4557|4565|4567|4575|4580|4587|4588|4605|4617|4620|4624|4629|4630|4632|4633|4634|4635|4636|4643|4644|4645|4646|4656|4659|4664|4666|4667|4672|4674|4678|4679|4682|4688|4693|4697|4702|4703|4704|4705|4708|4709|4710|4715|4720|4722|4723|4727|4729|4731|4732|4743|4744|4745|4747|4748|4750|4759|4760|4763|4768|4769|4774|4777|4778|4781|4782|4784|4806|4807|4811|4821|4831|4834|4836|4837|4841|4844|4845|4850|4851|4855|4856|4864|4865|4870|4885|4888|4889|4897|4899|4921|4929|4960|4977|4984|4985|4986|4994|4995|4998|5000|5001|5007|5009|5011|5036|5046|5047|5049|5051|5053|5060|5062|5070|5072|5073|5075|5080|5088|5094|5096|5119|5121|5128|5134|5139|5145|5146|5149|5152|5153|5159|5168|5175|5181|5187|5189|5192|5193|5197|5199|5200|5204|5209|5210|5212|5219|5220|5222|5223|5227|5228|5231|5233|5235|5237|5238|5241|5245|5248|5251|5252|5253|5255|5267|5268|5279|5296|5306|5308|5312|5319|5342|5363|5367|5368|5380|5381|5384|5404|5405|5428|5431|5432|5439|5442|5443|5458|5459|5475|5477|5479|5480|5482|5485|5506|5513|5515|5516|5520|5523|5525|5528|5529|5531|5533|5535|5536|5537|5538|5539|5540|5542|5543|5545|5565|5574|5578|5579|5581|5584|5589|5591|5592|5594|5600|5601|5604|5606|5607|5608|5618|5628|5642|5648|5657|5659|5667|5670|5677|5696|5705|5708|5709|5710|5711|5714|5715|5716|5720|5721|5724|5725|5726|5727|5728|5729|5731|5732|5734|5740|5741|5750|5751|5759|5761|5762|5763|5771|5772|5773|5776|5790|5797|5805|5806|5807|5810|5812|5813|5814|5815|5817|5819|5820|5821|5822|5823|5826|5828|5829|5830|5837|5841|5842|5843|5844|5845|5847|5848|5850|5855|5875|5880|5887|5894|5901|5902|5906|5907|5909|5912|5914|5915|5916|5921|5991|5992|5993|5994|5995|5996|5997|5998|5999|6000|6001|6002|6003|6011|6018|6022|6023|6025|6043|6046|6048|6050|6053|6054|6055|6056|6057|6058|6059|6063|6064|6066|6067|6069|6070|6106|6107|6118|6119|6157|6172|6287|6303|6304|6323|6332|6339|6340|6342|6346|6348|6349|6350|6351|6353|6361|6370|6376|6415|6417|6418|6420|6421|6423|6428|6430|6435|6436|6437|6438|6439|6440|6441|6443|6444|6445|6446|6447|6448|6449|6465|6468|6470|6471|6475|6497|6498|6500|6514|6516|6517|6518|6519|6520|6522|6523|6526|6528|6529|6531|6532|6534|6536|6537|6538|6558|6562|6563|6564|6567|6571|6573|6578|6604|6648|6649|6652|6659|6691|6692|6693|6695|6698|6699|6700|6702|6717|6720|6722|6723|6724|6725|6728|6729|6751|6752|6754|6755|6763|6764|6766|6768|6770|6771|6774|6782|6783|6795|6796|6797|6799|6800|6802|6803|6806|6808|6809|6811|6812|6814|6816|6818|6820|6821|6822|6845|6846|6848|6849|6850|6852|6858|6859|6860|6861|6862|6863|6864|6867|6868|6871|6872|6874|6875|6876|6882|6883|6884|6885|6886|6888|6889|6890|6891|6892|6893|6894|6895|6897|6898|6899|6901|6902|6904|6906|6910|6911|6912|6913|6914|6915|6916|6917|6919|6922|6923|6924|6925|6927|6930|6932|6935|6937|6938|6941|6945|6950|6951|6954|6960|6961|6962|6965|6972|6983|6984|6994|6995|7002|7015|7017|7020|7022|7023|7026|7027|7028|7029|7032|7034|7035|7037|7040|7041|7042|7062|7117|7137|7138|7139|7140|7141|7142|7143|7144|7145|7146|7147|7148|7149|7150|7151|7152|7153|7154|7155|7156|7163|7164|7167|7168|7170|7171|7172|7174|7176|7177|7178|7179|7183|7184|7190|7191|7192|7193|7196|7197|7201|7202|7203|7204|7206|7208|7209|7210|7211|7219|7226|7227|7236|7245|7246|7247|7248|7250|7281|7286|7313|7319|7365|7369|7380|7389|7395|7396|7399|7402|7404|7405|7407|7408|7409|7410|7411|7416|7417|7418|7419|7429|7430|7431|7432|7435|7446|7452|7459|7460|7461|7464|7496|7504|7549|7550|7551|7552|7553|7554|7557|7558|7559|7560|7561|7562|7563|7564|7572|7574|7576|7577|7578|7579|7580|7581|7582|7583|7584|7585|7586|7587|7588|7589|7590|7592|7593|7597|7598|7599|7601|7610|7611|7746|7748|7749|7751|7753|7754|7755|7764|7766|7767|7770|7771|7773|7774|7775|7776|7777|7782|7783|7784|7785|7790|7791|7792|7793|7794|7796|7805|7806|7807|7808|7810|7811|7812|7814|7815|7817|7818|7819|7820|7821|7822|7823|7824|7825|7826|7829|7830|7832|7833|7834|7836|7837|7839|7855|7858|7862|7863|7865|7876|7880|7886|7925|7947|7949|7950|8003|8004|8005|8062|8064|8065|8066|8067|8068|8073|8115|8116|8214|8215|8216|8217|8218|8220|8224|8225|8226|8227|8230|8255|8258|8259|8265|8266|8269|8270|8272|8274|8275|8276|8277|8283|8286|8294|8300|8301|8312|8314|8316|8319|8320|8330|8331|8333|8339|8340|8347|8348|8349|8350|8352|8353|8354|8356|8363|8367|8368|8369|8371|8374|8376|8378|8379|8380|8381|8382|8383|8384|8385|8386|8393|8394|8395|8396|8397|8398|8399|8400|8401|8402|8405|8406|8407|8410|8412|8413|8420|8422|8423|8424|8425|8426|8427|8428|8429|8430|8431|8432|8435|8436|8437|8438|8439|8440|8441|8442|8443|8444|8445|8446|8447|8449|8450|8451|8454|8455|8456|8458|8459|8460|8461|8462|8463|8466|8468|8469|8470|8472|8474|8475|8476|8478|8479|8485|8486|8487|8488|8491|8500|8504|8505|8509|8511|8512|8514|8516|8517|8518|8522|8524|8527|8529|8531|8533|8535|8537|8538|8541|8542|8543|8545|8546|8547|8548|8550|8551|8554|8557|8562|8564|8565|8566|8568|8569|8572|8573|8576|8579|8580|8581|8584|8590|8592|8593|8598|8599|8600|8602|8604|8605|8610|8614|8616|8618|8620|8621|8623|8624|8626|8627|8629|8631|8634|8640|8641|8643|8644|8646|8647|8648|8649|8650|8651|8653|8654|8656|8657|8658|8659|8662|8664|8665|8667|8668|8669|8670|8672|8673|8674|8675|8676|8677|8678|8680|8684|8685|8686|8687|8688|8689|8690|8694|8705|8753|8754|8757|8758|8759|8766|8767|8768|8769|8770|8771|8772|8773|8774|8776|8778|8779|8780|8781|8782|8785|8786|8787|8788|8789|8790|8791|8792|8794|8795|8796|8800|8801|8803|8804|8805|8806|8807|8808|8809|8811|8812|8813|8814|8819|8820|8821|8822|8823|8824|8826|8827|8828|8829|8830|8831|8832|8833|8834|8835|8836|8837|8838|8839|8840|8841|8842|8843|8846|8847|8849|8850|8851|8852|8854|8855|8857|8859|8860|8862|8863|8864|8865|8866|8867|8868|8869|8870|8873|8874|8876|8878|8879|8880|8881|8885|8888|8889|8890|8891|8893|8894|8895|8896|8899|8900|8901|8903|8905|8906|8907|8909|8910|8917|8918|8919|8921|8922|8923|8924|8934|8965|8967|8968|8972|8973|8974|8975|8977|8981|8983|8984|8985|8986|8988|8992|8993|8994|8995|8996|8997|8998|8999|9000|9002|9003|9006|9007|9008|9009|9010|9011|9013|9014|9015|9016|9027|9028|9029|9030|9031|9032|9034|9035|9036|9037|9039|9040|9041|9043|9053|9058|9062|9064|9068|9069|9073|9074|9082|9083|9084|9085|9086|9087|9088|9089|9090|9092|9093|9094|9096|9097|9098|9099|9100|9102|9103|9107|9108|9109|9111|9112|9117|9118|9119|9120|9121|9122|9124|9125|9126|9127|9128|9129|9130|9131|9134|9135|9145|9146|9235|9237|9276|9290|9330|9331|9334|9335|9358|9359|9361|9362|9363|9364|9365|9366|9367|9368|9369|9370|9371|9372|9373|9374|9375|9376|9377|9378|9379|9380|9381|9382|9383|9384|9385|9386|9387|9388|9389|9390|9391|9392|9393|9394|9395|9396|9397|9398|9399|9400|9401|9402|9403|9404|9405|9406|9408|9409|9410|9411|9412|9413|9414|9415|9416|9417|9418|9419|9420|9421|9422|9423|9424|9425|9426|9427|9428|9429|9430|9431|9432|9433|9434|9435|9436|9437|9438|9439|9440|9441|9444|9445|9446|9447|9449,Rebecca Love|Cassie Bender|Victoria Rey|Summer Starz|Rahyndee James|Gabriella Ford|Helly Mae Hellfire|Vyxen Steel|Bobby Neuwave|Natalia Queen|Richie Deville|Kirra Lynne|Kayla Quinn|Tony Rocket|Rod Jackson|Freya Kennedy|Chiara Chianti|Anais Amore|Camila Cortez|Josie Tucker|Aspen Romanoff|Chanel Brooks|Nami Lee|Sasha Pearl|Chima|Jade Luv|Jeremy Adams|Stella May|Angelina Chung|Lia Ezra|Dirk Huge|Nina Rivera|Alison Avery|Julie Cash|Marina Maya|Assh Lee|Lola Marie|Candy Alexa|Asia|Kataljna Kittin|Dillion Carter|Bailey Paige|Sonny Nash|Ashley Jensen|Domenic Kane|Franziska Facella|Lindsey Meadows|Kina Kai|Mike Skywalker|Dirtydanii 69|Ace Biggs|Pike Nelson|Sammie Rhodes|Stephanie Swift|Patrick J. Knight|Lyra Lockhart|Kate Bloom|Ariana Aimes|Cali Sweets|Eden West|Melanie Muse|Clark Kent|Dre Delevingne|Bella Blu|Zoe Clark|Adriana Deville|Victoria Voss|Gianna Michaels|Charlie Onixx|Cherokee Dass|Jeremy Conway|Azalea Lee|Kendall Brooks|Dale DaBone|Briana Blair|Trent Soluri|Misti Dawn|Austin Kincaid|J. Crew|Katie Monroe|Lilly James|Mickey Violet|Cyrstal Rae|Kristen Lee|Ashlee Mae|Lexy Lotus|Harley Jameson|Olivia Lua|Meggan Malone|Arie Faye|Brittany Benz|Sinderella|Zoey Taylor|Sherezade Lapiedra|Mary Popiense|Eva Blume|Hope Heaven|Sandra Lyd|Ema Karter|Winnafred Flurry|Lola Bulgari|Wesley Pipes|Amanda Aims|Maya Grand|Karly Baker|Nicole Clitman|Haven Rae|Ivy Aura|Jake|Julia Rain|Jessika Night|Kymberlie Rose|Natasha Lapiedra|Sara Bell|Yukki Amey|Lara Frost|Purple Bitch|Sofi Noir|Lisa Belys|Merida Sat|Megan Love|Mizuki|Luke Hotrod|Bella Beretta|Serpente Edita|Lullu Gun|Milena Devi|Stacy Snake|Kirschley Swoon|Nikki Waine|Emily Thorne|Gabriella Lati|Alice Nice|Yuriy Sergeev|Lara West|Rebeka Black|Kandy Kors|Gisha Forza|Callie Brooks|Brendon Miller|Jessyca Wilson|Max Deeds|Apryl Rein|Lee|Coco Vandi|Kitten Latenight|Avalon Heart|Brooke Haze|Evan Cox|Sheila Daniels|Kadence Marie|Brooke Bliss|Shane Blair|Maya Morena|Arielle Faye|Esperanza Del Horno|Jessica Jones|Aurora Winters|Alyce Anderson|Summer Brooks|Monica Sage|Ivory Logan|Ava Parker|Jericha Jem|Scarlett Snow|Kasey Miller|Aryana Amatista|Emily Right|Cleo Clementine|Kylie Kingston|Lily Glee|Gianna Gem|Paris Amour|Scarlett Fall|Alice Merchesi|Isla Biza|Dania Vega|Kinsley Kane|Anna Chambers|Jasmine Wilde|Annie Archer|Amber Stark|Bella Luna|Stevie Moon|Evie Rees|Franco Styles|Fae Lux|Olivia Madison|Violet Spice|Sia Lust|Natalie Brooks|Emma Jade|Vera King|Kamryn Jade|Mona Blue|Gwen Vicious|Davon Drake|Joel Someone|Daniel Shar|Mjane|Ruckus XXX|Willy Regal|Andrew Marshall|Kale|Vivian Grace|Bella Gray|Sheila Marie|Noelle Easton|Kenzi Marie|Carmella Bing|Melissa Lauren|Jenny Hendrix|Layla London|Kacey Quinn|Savannah Gold|Bree Olson|Nick East|Stacey Saran|Ricki White|C.J. Wright|Chris Streams|Wendy Divine|Brad Hardy|John E. Depth|Ice Cold|Jeremy Steele|Mona Lee|Michael Chapman|Oliver Sanchez|Daisy Chainz|Martini Bows|Emily Mena|Jayden Black|Kylie Rose|Kendall Woods|Pressley Carter|Hailey Little|Payton Avery|Veronica Jett|Heidi Mayne|Malory Malibu|Luna Melba|Sophia Laure|Verona Sky|Isla|Gina Devine|Kathia Nobili|Amber Nevada|Daryl Ginger|Johane Johansson|Paige Delight|Samia Duarte|Belle Black|Demetris|Roxy Mendez|Tigerr Benson|Zafira Klass|Kandall N|Alexa Jordan|Alexa Lynn|Amber Wild|Amy Valor|J.T. Money|Britney Stevens|Brynn Tyler|Cali Lee|Cameron Love|Carmella Crush|Daryn Darby|Dasani Lezian|Jasmine Jolie|Jasmine Tame|Jessi Summers|Keeani Lei|Kylie Haze|Leah Jaye|Lexi Leigh|Madison Parker|Missy Stone|Mysti May|Tessa Taylor|Tommie Ryden|Claudia Bavel|Cristian Cipriani|Megan Fiore|Ambar Lapiedra|Sweet Vickie|James Bang|Mike Jaymes|Christy Canyon|Malena Nazionale|Emma Bugg|Mikayla Mendez|Kristal Summers|Jada Fire|Ricki Raxxx|Chris Hollander|Lucky Benton|Lacey DuValle|Cherokee D Ass|Lily Paige|Kylee Strutt|Carmel Moore|Madison James|Helena Sweet|Jennifer Adams|Codi Bryant|John Strange|Chelsea Ellis|Misha Montana|Adreena Winters|Macey Jade|Sophie Anderson|Avery Adair|Sola Zola|Alex Gause|Aruna Aghora|Kelly Ann|Megan Matthews|Marissa Mae|Asia Rae|Brandi Blunt|Rachel Rivers|Aryana Adin|Bianca Booty|JJ Graves|Sarah Jackson|Alessia Luna|Adara Love|Vitaly Vox|Desi Dalton|Mikayla Mico|Bae Egypt|Lexxxus Adams|Jordi Jae|Emerald Ocean|Sophia Ducati|Charlie Comet|Julianna Jones|Gina Varney|Eve Ellwood|Stoney Lynn|Alexxxis Allure|Kiara Edwards|Criss Simon|Zoe Doll|Alejandro Peer|Luxury Girl|Amber Wildee|The Jenny Jett|Kiera Daniels|Kendra Heart|Loni Legend|Miley May|Jason Steele|Nina Turk|Georgio Black|Silvia Soprano|Veronica Dean|Telari Love|Ariana Simon|Guy Simon|Dominic Osso|Chloe Kinks|Yola Flimes|Robin Heart|Tory Sweety|Vixtor Styles|Nofacegirl|Nofaceguy|Danika Mori|Steve Mori|Jack Cummings|Jessica Torres|Azure Angel|Nora Doll|Lulu Love|Summer Pixi|Jayme Hays|Ashley Manson|Layna Landry|Ms London|Maci May|Lucia Rossi|Rebecca Johnson|Tato Switch|King Noire|Sierra Day|Cali Hayes|Tristan Berrimore|Cherokee D'Ass|Blake Morgan|Nikki Chase|Alaina Fox|Emily Kae|Dylan Riley|Brooke Haven|Steven French|Emma Cummings|Ryder Skye|Monica Lion|Lyen Parker|Bilbo Shaggins|Aaliyah Yasin|Ali Rose|Nuria Millan|Jonny Oblong|Lenka Sosh|Damien Thorne|Barbie Sins|Melina Mason|Sami White|Jackie Rogen|Bella Reese|Holly Price|Amber Ashley|Tommy Utah|Houston|Rick Anthony|Jessica Nyx|Gia Grace|Louise Jenson|Aryana Augustine|Kerry Louise|Casey Cumz|Rio Lee|Jezebelle Bond|Yasmine de Leon|Kelly Summer|Britney Shannon|Sandra Star|Tylo Duran|Melissa Lynn|Brooke Sinclaire|Teagan Presley|Monica Asis|Princess Paris|Chessie Kay|Blanche Summer|Maxim Law|Angelina Diamanti|Kristina Shannon|Christina May|Gorgeous Aphro|Sophia Deluxe|Leila LaRocco|Penelope Stone|Tysen Rich|Rachel Steele|Kiley Jay|Tarzan|Coach Cardher|Jay Myers|Mandaniel James|Chris Scandal|Nina White|Aubrey Lovelace|Ivy Stone|Hollie Mack|Liza Rowe|Kira Adams|Jazy Berlin|Nina Pink|Ellen Betsy|Florane Russell|Shrima Malati|Vittoria Dolce|Alexis Amore|Isabella Sky|Devon Michaels|Cali Lakai|Tyler Faith|Chayse Evans|Dayna Vendetta|Calita Fire|Nicole Rey|Aylin Diamond|Jemma Valentine|Irina Pavlova|Angel Blade|Tricia Teen|Kitty Lovedream|Charlotte Shark|Felicia Kiss|Carla Crouz|Nicole Evans|Aria Logan|Cassie Fire|Mey Madness|Bruna Angel|Melissa Benz|Jamie Marleigh|Emily Blake|Katja Kassin|Sadie Sable|Miko Sinz|Anthony Hardwood|Yuki Mori|Bryan Braxton|Angelina|Enzo Lorenzo|Darryl Hanah|Mr Marcus|Donnie Rocks|Emily Banfield|Payton West|Cage Jordi|Satin Bloom|Nikolas|Jackie Lin|Inari Vachs|Sasha Sparrow|Mike James|James Sinner|Kristina|Dawson Daley|Emily B|Ramon Monster|Angelica Amore|Ariel Blue|Dresden|Reno D'Angelo|Hanna Lay|Linda Moretti|Monique Woods|Charlie Theron|Lux Kassidy|Sophies Lo|Innocent Hotwife|Harry River|Michelle Love|Victoria Sweet|Nick Lang|Suzie Carina|William Zeff|Sapphira A|Tracey Sweet|Roxxi Silver|Lara Brookes|Brandon Fox|Mia Rider|Maia Davis|Jade Nacole|Mahina Zaltana|Meiko Askara|Marley Blaze|Tori Avano|Lisa Tiffian|Marilyn Moore|Fallon West|Kimmy Lee|Bianca Stone|Mercy West|Nenetl Avril|Xianna Hill|Ariel Grace|Raven Rockette|Shae Celestine|Alex Mae|Bambi Black|Harlowe Blue|Jenna Reid|Kandie Monaee|Kelsey Kage|Kyra Rose|Lolli Lane|Alana Evans|Elle Alexandra|Chloe Lynn|Johnny Champ|Mila Marx|Nova Cane|Rharri Rhound|Xeena Mae|Zoey Reyes|Shayla LaVeaux|Anais Latour|Victoria Tiffani|Scarlet Chase|Bonnie|Kaylee Hilton|Cassandra Calogera|Kelsi Lynn|Brittany Shae|Sammie Daniels|Sammie Six|H3ll4 Sl00tz|Vile Vixen|Alex Sanders|Brittany O'Connell|Aurora Snow|Jake Ariston|Violet Moore|Kylie Shay|April Aniston|Jenna Clove|Angel Ashton|Averi Brooks|Binky Bangs|Cara Swank|Christina Heart|Porschea|Jessica Sinn|Kiara Knight|Lia Lynn Robinson|Lola Milano|Nikki Seven|Rebecca Ivy|Natasha Blaze|Sage Evans|Samantha Nixon|Allora Ashlyn|Aly Monroe|Kami Kari|Ariel Winters|Avery Moon|Ayn Marie|Bree Mitchells|Brooke Lynn Santos|Brooke Myers|Cadence Carter|Cece Capella|Debbie Clark|Emma Ryder|Farrah Valentine|Gia Love|Hannah Hartman|Henley Hart|Jessie Law|Kenzie Kai|Kimberly Costa|Kristy May|Lana Adams|Lanna Carter|Lyn Hoyt|Marry Lynn|Michelle Taylor|Miley Cole|Miranda Miller|Naomi Kennedy|Nina Skye|Olivia Lee|Peyton Coast|Rachel James|Raylin Ann|Scarlett Fever|Skye West|Sophia Wilde|Stella Daniels|Stephanie Carter|Tellula Rose|Jessie Taylor|Vivica Johnson|Adrian Hush|Audrey Grace|Celestia Vega|Dakota Bleu|Hannah Hawthorne|Jade Reign|Jasmine Riley|Jenni Jordan|Kenzi Kellie|Megan Winters|Mia Collins|Michelle Anthony|Mira Stone|Molly Cooper|Naomi Blue|Raquel Diamond|Selena Luxx|Selena Stone|Sophia Sultry|Callie Cobra|Callie Cyprus|Hollie Shields|Naomi West|Victoria Zdrok|Serena Torres|Cassidy Ryan|Princess Asia|RealWifeRidley|Kaiya Lynn|Lisa Marie|Nyomi Banxxx|Mina Leigh|Olivia O'Lovely|Tori J|Bella Baby|Susan Ayn|Nick Whitehard|Roger Venturini|Aruba Jasmine|Beata Undine|Bernice|Cami Cole|Chris Rockway|Chloe Lacourt|Goldie Baby|Gerry Taylor|Enzo Bloom|Jonni Hennessy|Andy Mann|Lukas Pribyl|Stacie Jaxxx|Tina Hot|Victoria Love|Aika May|Natalie Vegas|Tila Flame|Odette Delacroix|Brandy Smile|Mai Ly|Kira Sinn|Pepper Kester|Foxies Gold|Tess Lyndon|Zena Little|Whitney Conroy|Khyanna Song|Lana Lopez|Tania G|Elizabeth Marxs|Charley Monroe|Courtney Dillon|Daisy Lynn|Ellena Woods|Jasmine Andreas|Kenze Thomas|Lauren Clare|Milly Marks|Jess Scotland|Ms. Yummy|Athina Love|Katie Oliver|Lana Harding|Jayden Starr|Petite Princess Eve|Romeo Mancini|Claudia Obey|Eliza Allure|Anissa Jolie|Tina Fire|Gala Brown|Vicky Menage|Betzz|Vivian Lola|Melina May|Yae Triplex|Sakura Hell|Vivienne Del Rio|Tori Lux|Alyx Urie|Sage Rabbit|Nunu Dickslanger|Freaky T|Lollypop Gcup|Morgan Ray|Nelson Mandingo|Blu Chanelle|Miami|Molly Cute|Jonesy|Lola Eastking|Ruby Cattrall|Andrew|Sasha Royce|Samantha Sinz|Kasey Aims|Edone Kaliyuga|Mina Moon|Gogo Fukme|Gigi Rivera|Ally Horny|Very Sexy Dasha|Nitro|Dario Dyson|Milka Wey|Christafeer Robien|Mr Dollie|QesasTop|Qesas Top|Isis Monroe|Damian Dickey|Kayla Summers|Alexis Grace|Katie Summers|Bianka Lovely|Karina O'Reilley|Lucette Nice|Matt|The Official Egypt|Max Schottz|Zoey Foxx|Richh Des|Carmela Clutch|Queen Mirage|Tamara Grace|Sarah Illustrates|Ophelia Kaan|Sarah Sultry|Hayden|Lily Phillips|Savanna Samson|Holly Rae|Silvia Sin|Veronica Rayne|Charlee Rose|Ava Austen|Raven Hart|Niykee Cruz|Angela Bella|Chanel St. James|Kristee Lixx|Madam D|Delores Johnson|Fun Charlie|Lila Magenta|Trixie Dicksin|Haven Moss|Bridgette Daniels|Dakota Quinn|Heaven Day|Daisy Foxxx|Trixie Moore|Leia Lucas|Bella Cooper|Sarah|Kinsley Anne|Kennedy Kressler|Linda Nelson|Julie|Zoe Lark|Coralyn Jewel|Joanna Meadows|Ivy Carlson|Lucy Morningstar|Ginger McKay|Kasey Cole|Becky Tailor|Sgt. Major|Luna C. Kitsuen|Jade Baker|Pierce Johnson|Cindy Hope|Zerah Jones|Paul Woodcrest|Janna Hicks|Lola Deluca|Brian Timber|John Henry|Bonni Gee|Harley Love|Monica Minx|Valeria Visconti|Jazz Duro|Joey Valentine|Sierra Sinn|Katarina Kat|Austin Matthews|Angell Summers|Payton Simmons|Xavier Miller|Sebastian Keys|Brandy Renee|Rodrigo Amor|Barbie Crystal|Selena Ivy|Kiki Cali|Max Coxxx|Lucas Leoni|Taurus Angel|Lady Fyre|David Lord|Summer Rae|Dylan Moore|Valentina Violet|Karina Valentina|The Country Hotwife|Amy Parks|Remi Raw|Fatima|Maddie Cross|Marin|Simone Ryder|Sophie Torre|Marina Morris|Lilaq Honey|Kristal Kitty|Angelina Elizabeth|Monica Sierra|Molly McSquirts|Ara Mix|Zoey|Blaten Lee|Emori Pleezer|Vanna Smith|Kaira Kampen|Josy Black|Suzi Grande|Mar Bella|Carla Boom|Sloan Rider|Mila Marie|Babi Star|Roxy Reynolds|King Frank|Di Devi|Elsie Robinson|Brandi Edwards|Reya Lovenlight|Carina Blair|Caroline Pierce|Lisa DeMarco|Jay Huntington|Seth Brogan|Ashlynn Leigh|Rob Blu|Sam|Scarlett|John West|Ramona Lapiedra|Elise London|Cleo Moon|Stella|Stella Barey|Dolly X|Joanna Wei|Era Queen|Yanic|Dean|Daisy Fox|Chanel St James|MLFY Jonesy|Joanna Moore|Viva Athena|Kseniia Kufeld|Philisha|Harper Hays|Zoey Bellatrixxx|Ashley Aixi|Vanessa Arizona|Gina Sweet|Leo Vice|Lilli Love|Mistress Blunt|Vicky Addams|Giselle Amore|Lissa Aires|Jason Cody|Sky Alexis|Juliana Dreams|Debauchery Desired|Brianne Blu|Roxie Miller|Sophie Tyler|Mia Michele|Tall Girl Alli|Tia Tamera|Dahlia Noire|Ricki|Gracey Fox|Jane White|Taylor Gunner|Peach|Lexy Blaze|Becky Summer|Sasha Reign|Kinley|Kat Meyer|Cheyenne Gray|Keke Lou|John Campbell|Sophia Fiore|Lera Murr|Berry McKockiner|Lilith Grace|Bridget Moore|Tia Maria|Harley Brooks|Nikki Hilton|Leenuh Rae|Aloura Lynn|Kassius Kay|Alice Martin|Elicia Solis|Mik Luv|Bambi Blitz|Abi James|Brianna Arson|Slay Kay|Lola Mai|Jessica Marie|Scott Trainor|Tyler James|Addis Fouché|Karissa Kane|Bliss Dulce|Elizabeth Jolie|Naomi Heart|Aria Skye|Kaya Lin|Christian Charity|Eva Yi|Evelyn Rosa|Katie Murphy|Tiffany Tailor|Sofia Rivera|Jaye Austin|Michael Ambrose|Draven Navarro|ModernGomorrah|Vanessa Moon|London Lee|Izzy Bell|Roxy Belle|Ray Collins|Cici Shellz|Bella Nova|Marvelous Madilyn|Aria Sunflare|Roxanne Rhodes|Summer Raine|Rica|Rose Carter|Rylee Blake|Nicole Banks|Saint LaRose|Candice Demellza|Marcus Quillan|Roman Todd|Roxy Taggart|Kitty Jane|Morgan Moon|Dominno Rebelde|Foxy Sanie|Bri Klein|Chrissy Fox|Katy Sky|Aysha Dama|Lilith Reine|Kloe Love|Mike Hell|Vera Jarw|Sabien DeMonia|Shrooms Q|Isa Metible|Coco Bae|Lola Cheeks|Malia Lenoir|Tanya Virago|Munro Blaxxx|May Hashira|Thayana Babyy|Massy Sweet|Dez Hansen|Hiba Hakimi|Lucy Foxx|Stephanie Raee|Charlotte Mae|Val Dodds|Ethan Angus|Luna Black X|Rob Hudson|Ruby Shades|Ace Panzora|Luna Fae|Isabel Moon|Alicia Williams|Nelya Smalls|Daria Kuess|Juicy Leila|Cream Molly|Bree Star|Zara DuRose|Spikey Dee|Jayla Page|Tyler Hunt|Chris Epic|Rose Winters|Cadence St John|Nikki Monroe|Julian Jaxon|Kylie Richards|Ginger Grey|Mary Bambola|Brianna Bourbon|Ariel Darling|Ria Rose|Funsized Megan|Xochi Moon|Audrey Hempburne|Brianna Anderson|Tana Waters|Joy|Katie Carmine|Sophia Sweet|Dakota Knight|Emma Blanco|Riley June|Rose Peach|Daniela Dadivoso|Jenny Ferri|Nikki Fox|Vera Wonder|Bunny Love|Tina Blade|Adelle Unicorn|Cindy Dollar|Connie|Nicole Pearl|Lilien Ford|Erika Bellucci|Delilah Davis|Alexis Silver|Chloe Chaos|Carmella Diamond|Isabel Ice|Cameron Keys|Carmen Vera|Ciera Sage|Emma Redd|Mia Bangg|Jenifer Jane|Janet Alfano|Jersey Cummings|Kalee Hunter|Lauren Vaughn|Rosario Stone|Nevaeh Charms|Brooklyn Jade|Darien Ross|Leah Livingston|Megan Jones|Megan Reece|Brooke Scott|Georgia Peach|Heidi Besk|Jersey Jaxin|Joelean|Myah Monroe|Sonia Lopez|Victoria Sin|Anjelica Blew|Bethany Sweet|Kira Lake|Luci Thai|Sierra Sanders|Valerie Luxe|Velvet Rose|Heidi Brooks|Raven Black|Trinity Post|Franky Vixen|Aurora Chase|Ann Kelley|Michelle Christian|Nadia Nitro|Vanessa Lynn|Michele Raven|Lisa Sparxxx|Naomi Cruise|Jami Kenney|Leeza Jones|Bailey O'Dare|Phyllisha Anne|Valentina Lopez|Alyssa Jordan|Andrea Wild|Bianca Valentino|Crissy Cane|Gia Marley|Honey Dejour|Ice la Fox|Shannon Kelly|Violet Murphy|Loretta Loren|Gabriella Banks|Lauren Kain|Michelle Avanti|Nichole Heiress|Alyssa Dior|Amber Kentucky|Amber Sky|Amina Amore|Amina Sky|Missy Maze|Bella Nikole|Bree Barrett|Candy Jones|Cyle Cuvee|Daphne Flor|Deena Daniels|Erin Shadows|Harley Valley|Isabella Pacino|Janae Kae|Kandi Hart|Katie Angel|Leona Dulce|Madaline|Summer Lynn|Mia Grey|Patricia Petite|Rachell Ann|Roxie West|Sabrina Taylor|Summer Carter|Tika Tarius|Gilda Roberts|Linda Brown|Natalli DiAngelo|Anastasia Devine|Asia Morante|Jenna Lovely|Wiska|Stacy Silver|Linette|Rachel Evans|Yukikon|Bambola|Angel Pink|Vickie Powell|Jade Marxxx|Calico|Kylee King|Sara Scott|Kayden Faye|Leah Wilde|January Seraph|Eve Lei|Sister Dee|Dana Vixen|Delilah Knight|Lori Adorable|Bryn Blayne|Asa Archer|Ranie Mae|Flaming June|True Blue|Kay Kardia|Olivia Fawn|Speckles|SubMiss Ann|Violet October|Eden Coxxx|Ian Rath|Phoenix Askani|Marshal|Roxy Rox|Kayla West|Laura|Sensual Jane|Sabrina Sweet|Hanna Sweet|Michael Cheritto|Layla Terrace|Selena Castro|Anita Dark|Jasmine Bash|Anjelyze|Tila Pussan|Bella Blaze|Godiva Sweets|Heaven Summers|Kimberly Ruben|Shyla Shy|Carmen Hayes|Arianna Sinn|Lana Ivans|Salena Marie|Hailey Brooke|Gizzelle De La Cruz|Alyssa Lewis|Adriana Kelly|Ruby Port|Sheila Grant|Laylani Star|Kristi Maxx|Jessica Stone|Trixie Star|Reina Lee|Yasmine Loven|Eloa Lombard|Erin Banks|Trinity Maze|Angel Deluca|Phoenix Desire|Pheona Monroe|Bree Phoenix|Camelia Davis|Lilly Lovely|Jade Aspen|Camille Morgan|Mali Luna|Sarah Jennings|Melissa Reed|Skyler|Gigi Kitty|April Knight|Krista James|Jacqui Banks|Seka Black|Gigi Loren|Ailek|Ariel Rebel|David Mistral|David El Moreno|Jamie Stone|Adessa Winters|Raquel Roper|Zane Anders|Rod Peterson|Brother Tanner|Slut Bottom Chris|Regan Reese|Al-B|Eve Laurence|Sexy Nala|Elic Chase|Syl Rebel|Polly Pons|Minx Grrl|Pink|Steven O'Master|Alison Faye|Kiki Sweet|Jenna Rose|Candice Jacobs|Max Jacobs|Lana Palmer|May Cox|Ren Nuisance|Rickii Rose|Monty Memphis|Allesandra Snow|Nyna Stax|Kesha Ortega|Eric Sinclair|Ken X|Eris Maximo|Violet Rose|Alina Long|Adley Rose|Julie Simone|Barbary Rose|Bella Wilde|Nikki Litte|Luci Angel|Mandy Vortex|Pina Deluxe|Coco Chanal|Isabella Lui|Nomi Melone|Mad Kate|Jolyne Joy|Alexa Wild|Natty Mellow|Pamela Sanchez|Chiki Dulce|Anina Silk|Rija Mae|Lee Sola|Gemma Gomory|Aragne Spicy|Ichi the Lorean|Natalia Ruso|Lilith Optima|Laurita Rios|Lia Gaynor|Naomi Bernstein|Angelina Wild|Nasty Khalifa|Cindy Loarn|Gabriela Flores|Margout Darko|Lady Nala|Glenda Larker|Coffee Brown|Devon Taylor|Lilac Wine|Sloane Soleil|Kylie Liddell|Alexxa Bound|Kara Price|Shane Dos Santos|Anastasia Pierce|Kylie Wylde|Staci Thorn|Elyssa Greene|Alexa Pierce|Anna Tyler|Samantha Staxx|Mia Smiles|Alice Kingsnorth|Danica Merci|Athena Pleasures|Stacey Foxxx|Viktor Bond|Billy King|Chloe Duval|Ramon Sutra|Marie Washington|Izi Blu Sky|Angel Jackson|Autumn Orchid|Radka Docekalova|Gigi Ferari|Jordan Fleiss|Lori London|Cherrie Rose|Trista Tanner|Mila Jade|Misty Vonage|Morning Star|Claudia LeNoir|Ella Bella|Joanna|Dorothy|Harper|Kayleigh Cake|Aura|Jason Horne|Niki|Miss Bunny|Frankie Vargas|Stunning Summer|Jenae Kae|Tiffany Hopkins|Angelina Stoli|Claudia Marie|Bella Nikole Black|Gem Jewels|Jezebeth|Lucy Diamond|Cat D.|Aisha Sun|Jessyca Wild|Ai Xi|Candice Coxx|Sadie Swede|Matt Cash|Jezebel Dahl|Valerie Kay|Sea J. Raw|Mina Thorne|Callie Dee|Alex De La Flor|Mya Mays|Simone Schiffer|Gisselle|Jazzmin Starr|Hope Harper|Jean Michaels|Kate Alton|Emmanuelle London|Tegan Riley|Natasha Vega|J Love|Megan Vaughn|Misty Caitlin|Nikki Venom|Carlita Ray|Taylor Daye|Alex Isadora|Reya|Nikki Wood|Olivia Luxe|Allie Falls|Tokyo Lynn|Ginger Monroe|Kaya Knight|Shay Smiles|Angel Ann|Adrian|Priscila Belini|Sammi Summers|Riley Rose|Aluni|Ember Dixen|Rose Jane|Meagan Moore|Dre Strong|Britney|Brandi Johnson|Heath Austin|Amy Lynne|Zoe Voss|Joe Blow|Mark Anthony|Tone Capone|Wade Hardman|Steve James|Jessica Drake|Kyle Stone|Vin Deacon|Tee Reel|Brianna Ray|Molly Cavalli|Jasmine Wolff|Liam Lorde|Briana Banderas|Melztube|Slim Dark|Taylor Upton|Victoria Malfoy|Natalee Shy|Kelly|April Vixxi|Kitty Kat Texas|Kendra Lee Ryan|Sidra Sage|Cameron Skye|Scott Stone|Mia Kay|Marcelo Slave|Davin Strong|Danny Ocean|Aden Andrews|Delilah Cass|Branden Richards|CC Doll|Hydii May|Cass Woodland|Dirty Gunther|Koko Blond|Ameli Monk|Peter P|Eveline Magic|Luky Kolac|Jambie King|Tomas Dolnak|Tabitha Poison|Nensi Fox|Chris Sandoval|Steve Rickz|They Love Flaxk|Artemisia Love|Daisie Belle|Kyle Aziani|Nacho Vegas|Rico Reyes|Mark Longwood|Jeniffer|Aleksandra Mink|Belinda Bee|Rita Black|Martin Bobes|Denis|Lupe Burnett|Erik Hard|Stefan Nikita|Amber Kawaii|Daviss de Vil|Maya Matthews|Nina|Lochai|Riley James|Vinny Tesoro|Kaleb Bell|Russel West|Jason Moore|CK Washington|Christian Parker|Ani Blackfox|Bruno SX|D Ruff|Barbie Dracula|Estrella|Darnell Black|Sami Parker|Virgo Peridot|Daniel Archer|Luc B|Tony Rope|Mercedes Lynn|Mz Kim|Jayde Kalipso|Melody Mynx|Megan Inky|Peter King|Tony Eveready|Nick Vargas|Andrea Kelly|Jason Maze|Jak Palmer|Jill Palmer|Sarah Lace|Betty Foxxx|Cristi Ann|Manda Moxxi|Lucky B|Mazzaratie Monica|Goddess Sandra|Mia Taylor|Willie|Jason Maclane|Kanada|Neil|Joey Sommers|Jarod|Top James|Franco|Billy Wild|Marc Bowman|Chocolate Luv|Reggie Yee|Rusty Rockspring|Nick Nite|Subgriff|Dennis Lee|Lena Ramon|Bob Crane|Mistress Heart|Jamie|Keith Berlin|Carly|Tony lee|Ian Frost|Bigdick Painslut|Robert Alan|Mark|Mr. N|Nash|Lakko|Ken Sleazy|Kitty McMuffin|Venus May|Tungboy|Sylviana|SubDivideMe|Kyla King|Dane Raiden|Jon|Ricosf|Mr. Eth|Damien|Pussybottomboy|Kavika|Knox|Rox|Alice Sadique|Rita Faltoyano|Sil|Rob Armory|Beau Meadows|Kitten|Nikki Nievez|Tao Jonz|Jeff Sinclaire|Julie Night|Julian Fornatora|Jake Corwin|Casper Cox|Ryan Knox|Kylee Reese|Le Rock|Johnny Law|Alexis Golden|Rusty Stevens|Tahiti Boy|Brian Mayor|Sky Burn|Kimberlee Cline|CJ Diamante|Omar Williams|Jessie Zane|Sz|Sadie Blair|Melony Melons|Leo Malone|Jenna Noelle|Lacy Tate|Alexa Vega|Poppy Morgan|Billy Watson|Amber Lynn Bach|Bibi Noel|Mike Avery|Ben Dylan|Edyn Blair|Alice Hernandez|Doll Breaka|Cee Jayy|Jayden Cox|Alana Rains|Sara Jaymes|Cierra Bell|Anita Blanche|Carlos Dickinson|Kristina Bell|Rick Masters|Ruslan Kolesnikov|Stepan|Brick Cummings|Mr Grey|Rock|James Bartholet|Magdalene St. Michaels|Kenny Kong|Henry Heston|Angel Santana|Manuel Skye|Dani Blu|Ruby Knox|Shea|Alice Electra|Tommy Angelino|Kylie|Cici Anders|Kitty Brat|Peter Winterson|Mr Sweet|Danny Luckee|Marquetta Jewel|Scott Stark|Jesse Jordan|Maty|Alexa Throat|Jon Q.|Luna Lain|Shay Laren|Sandra Otterson|Molly Brown|Alita Angel|Alice Shea|Hayli Sanders|Jessica Heart|Hadley Haze|Luka Hardon|Sergio Lagos|Baby Kxtten|Paola Hard|Ellie Luna|Esluna Love|Curved Marvin|Xander X|Kama Oxi|Miss Kataleya|Ryana|Falco White|Devils Kos|Anton Glider|Seth Strong|Jasmine Sinclair|Rok 5662|Dee Siren|Wayne Siren|Kate|FitWife Jewels|Heidi Haze|Krystal Davis|Sadie Andrews|Angel Grand|Billy Raw|Bishop Kane|Brock Hardesty|Chocolatebeast|Chris Getz|Coal Daniels|Hothubbypov|Jay Blak|Kenny Kumshot|Mrtjclean|Robb Nation|Leana Maliko|Janay 59|Katee V|Barbara|Blair Summers|Lonnie ID977|Tara Morgan|Alina Voss|Violet Moonshine|Lacee Rose|JoJo Austin|Liora Vane|Amira Mae|Leo Valentino|Serena Nikki|Scarlett Gushes|Amber Starla|Lacy Solar|Kitty Monroe|London Lavish|Aries Adore|Sapphire Rose|Winter Walker|Amber Maddie|Nicole Vaunt|Hope Blaise|Magenta Lexx|Alixx Amour|Jessie Belle|Tara Blackwell|Eva Tender|Kwini Kim|Ohana Petite|Dude22|Mira Wair|Sara Bork|Pretty Mary|Sylvia Wise|Kubera Fortuna|Boni|Wendy Raine|Veronika Charm|Utmost Restraint|Kleo|Leo|Aleks Sam|Marco Nero|Jeremie|Rebeca Villar|Natasha Rios|Black Line|Ed Junior|Axel Angelise|Yenifer Chacon|Ayumi Shinoda|Tara Knightly|Tami White|Shylar Cobi|Gus|Samantha|Shaun|Elania XOXO|Jenna Madison|Ali Jones|Bruce Williams|Lola Rose|Raylan Franco|Lucy Mendez|Lory Lace|Ava Amira|Ellie Murphy|Joey Avalon|Bradley Coocher|Cassie Lenoir|Nadia Newton|Skylar Squirts|Tony Orlando|Misty Quinn|Petra Blair|The Bitch Wife|Emily Eve|Sara Monroe|Teagan Summers|Rebecca Blue|Kiara Diane|Amy Anderssen|Pierre Woodman|Amuse De Bauche|Amelie Pure|Summer Breeze|Juicy Pearl|Ryan Bones|La Petite Blonde|Nick Steel|Olivia Blu|Paisley Osiris|Selvaggia|Amandha Fox|Nikki Anne|Dragon Lily|Princess Rae|Ashley Jane|Totaleurosex 10565|Abby Charles|Freya Dee|Valentine Baxton|Nicole|Eva|Victoria|Eva de Vil|Angie Moon|Christian Dean|Anya Akulova|Ana Spears|Cate Holiday|Isabel Love|Tony Marzo|Casey Conrad|Angel Ramiraz|James Hardon|Island Boy|Devilshots Facials|Chi Chi Medina|Sadie Kennedy|Julia Robbie|Lao Latina|Aurora Fox|Bliss Lei|Satine Summers|Luna Angel|Melody Clark|Alexia Holy|Chris Sterling|Aubree Blair|Raven Thick|Naomi Ryder|Hayley Jane|Gatita Veve|Alice Drake|Derel Kage|Numi Zarah|Nicola Morena|Ellie Shoule|Kaitlyn Katsaros|Kiki Daniels|Girthmasterr|Booty Latina|April Bigass|Jazmine White|Marie Fox|Sub Girl 811626|Naiomi Mae|My Cookie Jar|Missa Mars|Mandi Rose|Mitzi X|Jaxxon Bold|Cici Wild|Jasmine June|Jessica Aaren|Allie Paige|Eric Dikkersun|Zarina Noir|Ashley Renee|Sinnye|Amythest Stone|Ashley Blue|Jasmine Lynn|Marc Cummings|Marty Romano|Trent Tesoro|Tyler Wood|Heidi Neiss|Jordan Lee|Lori Peacock|Natasha Marie|Dave Hardman|Mickey G|Nick Night|Rod Fontana|Shawn Ricks|Alysson Sterling|Dave March|Dom Jordan|Jenna|Georgia James|Kara Hartley|Taylor Patrick|Rossa Vax|Gail Westyles|Wes|Allysin Chaynes|Anastasia Blue|Bunny Luv|Cassidey Rae|Cherry Chase|Dayton Rains|Frank Thring|Herschel Savage|Hayley Jayde|Jackie Ashe|Kaylee Sanchez|Diana Gold|Diana Lion|Elektra Angels|Jamie Brooks|Justine Ashley|Katy Caro|Priva Rey|Athena Heart|Lani Rivers|Camila Palmer|Duncan Sheen|Lucky Bee|Justice Nice|Emojizz|April Paisley|Abby Cox|Maddie May|Jenna Vive|Lando Ryder|Kiss Patricia|Kitty Carrera|Ann Joy|Helina Dream|Samantha Rouge|Lexi Victoria|Lina Babyface|Violet Clarke|Honey Bee|Hazy|Thalia Rhea|Graycee Baybee|Kell Fire|Lily Winters|Serafina Sky|Roman Raw|Jasko Fide|Fayah|Dani Marco|Rita Blue|Justina|Delfine Dahlia|Juan|Tia Tilton|Erica Boyer|Sandra Scream|Victoria Rush|Antonio Saint,,,,,,,,,,,,"ANY of 2,013 performers with exactly 1 post-JAV scene (materialized snapshot)",jw:v1:special:one-scene-performers,,,,
264,Prolific Performers (100+),special_prolific,10596,52.200,,,,ANY,9320,JAV,ANY,2|4|10|11|12|19|21|56|60|61|68|81|116|119|124|139|140|146|150|152|153|154|155|156|157|158|159|162|169|176|181|182|186|190|213|214|228|232|234|239|255|256|297|317|367|372|373|408|418|469|470|480|510|521|566|574|621|656|733|801|811|848|887|889|996|998|1219|3152|3532,Codey Steele|Alberto Blanco|Oliver Flynn|Ryan Madison|Cory Chase|Kyle Mason|Markus Dupree|Dani Daniels|Keiran Lee|Tommy Pistol|Nicole Aniston|Brooklyn Chase|Mia Malkova|Johnny Castle|Romi Rain|Johnny Sins|Derrick Pierce|Seth Gamble|Danny Mountain|Ryan McLane|Ryan Driller|Tyler Nixon|Manuel Ferrara|Riley Reid|Mick Blue|Small Hands|Chad White|Allie Haze|Abella Danger|Xander Corvus|Erik Everhard|Mr. Pete|Steve Holmes|Michael Vegas|Danny D|Ramon Nomar|Isiah Maxwell|Bill Bailey|Chris Strokes|Shane Diesel|Brandi Love|Casey Calvert|Anissa Kate|J Mac|Charles Dera|Jules Jordan|James Deen|Bobby Beefcake|Van Wylde|Stacy Cruz|Christian Clay|Scott Nails|Krissy Lynn|Luna Star|Dillion Harper|Kendra Lust|Gabbie Carter|Marley Brinx|Alexis Texas|Vince Karter|Chloe Temple|Jessie Rogers|Asa Akira|Aria Alexander|Penny Barber|April Olsen|Owen Gray|The Pope|Rissa May,,,,,,,,,,,,ANY of 69 performers with 100+ post-JAV scenes (materialized snapshot),jw:v1:special:prolific-performers,,,,
265,Rare Performers (<5 Scenes),special_rare_performers,5212,25.676,,,,ANY,9320,JAV,ANY,14|18|28|31|35|39|40|43|45|70|71|74|75|80|89|94|95|97|99|100|111|112|113|115|125|127|149|161|170|174|198|199|201|203|216|217|218|230|238|240|245|247|250|259|268|269|272|273|274|275|276|278|279|285|286|288|298|299|301|307|310|311|316|322|324|327|328|329|331|332|337|339|344|345|346|350|353|354|355|358|361|382|388|396|402|405|410|414|427|433|440|441|445|446|449|452|461|468|479|483|486|487|493|495|499|500|504|507|513|515|516|523|532|533|539|541|542|544|545|552|555|558|560|579|580|581|582|583|585|591|596|605|606|611|622|627|628|629|631|635|636|639|642|646|651|660|663|675|676|677|678|680|683|686|688|689|692|693|695|696|700|702|703|709|713|715|717|719|723|725|726|731|732|734|735|738|739|743|744|745|749|751|760|762|772|773|775|776|779|780|781|782|784|791|793|795|796|799|804|805|806|816|818|823|828|830|831|833|844|850|851|852|860|861|862|863|870|885|895|899|904|911|912|914|915|920|921|927|933|934|938|939|942|943|944|946|949|952|953|954|956|957|961|965|966|967|968|971|972|975|977|980|984|988|989|997|1001|1005|1009|1011|1015|1019|1026|1027|1031|1036|1038|1041|1046|1047|1052|1053|1054|1058|1059|1061|1062|1065|1075|1077|1084|1086|1096|1102|1104|1108|1110|1122|1129|1131|1133|1150|1153|1154|1159|1165|1168|1175|1176|1179|1182|1183|1188|1189|1190|1192|1193|1194|1197|1199|1200|1202|1203|1204|1205|1207|1208|1210|1211|1212|1217|1221|1223|1224|1226|1230|1231|1236|1237|1240|1241|1243|1246|1247|1249|1250|1251|1252|1253|1258|1259|1260|1261|1262|1266|1268|1269|1270|1273|1276|1277|1279|1280|1283|1284|1285|1289|1290|1291|1292|1297|1302|1305|1306|1309|1310|1311|1314|1316|1317|1319|1321|1322|1324|1328|1329|1331|1336|1340|1341|1343|1345|1347|1349|1350|1355|1357|1358|1359|1360|1362|1363|1365|1366|1370|1371|1375|1376|1383|1384|1385|1387|1388|1390|1392|1394|1464|1510|1511|1514|1516|1517|1524|1525|1526|1527|1529|1530|1541|1543|1544|1551|1553|1554|1558|1568|1570|1571|1572|1573|1574|1576|1579|1582|1585|1587|1592|1602|1604|1605|1606|1607|1611|1614|1617|1619|1620|1624|1627|1628|1629|1639|1647|1649|1652|1653|1654|1659|1660|1666|1667|1669|1677|1679|1687|1694|1701|1703|1704|1705|1706|1710|1716|1718|1719|1722|1724|1726|1729|1730|1731|1735|1736|1738|1740|1742|1743|1745|1746|1747|1748|1750|1751|1752|1754|1764|1766|1773|1776|1779|1782|1788|1792|1796|1799|1803|1804|1805|1806|1810|1811|1814|1815|1817|1820|1821|1823|1824|1826|1828|1830|1831|1833|1834|1835|1837|1841|1843|1848|1851|1853|1854|1856|1860|1862|1864|1865|1866|1867|1868|1869|1871|1872|1875|1876|1880|1881|1883|1884|1887|1892|1893|1894|1895|1901|1905|1908|1911|1912|1914|1915|1916|1917|1918|1919|1927|1928|1931|1932|1933|1937|1943|1948|1952|1953|1959|1961|1965|1966|1971|1973|1977|1978|1979|1981|1982|1983|1985|1986|1987|1989|1991|1994|1995|1996|1998|1999|2001|2003|2004|2006|2007|2008|2010|2011|2012|2013|2024|2026|2030|2031|2032|2033|2035|2036|2038|2040|2041|2043|2135|2138|2139|2141|2142|2145|2146|2147|2148|2150|2151|2153|2158|2384|2385|2386|2387|2389|2403|2408|2411|2416|2419|2422|2423|2425|2426|2436|2441|2443|2447|2448|2451|2452|2454|2458|2459|2460|2461|2473|2474|2475|2481|2482|2490|2492|2495|2497|2499|2501|2504|2507|2508|2510|2515|2516|2529|2531|2533|2536|2537|2542|2543|2544|2545|2546|2550|2553|2555|2560|2561|2565|2566|2568|2569|2570|2571|2572|2573|2574|2575|2576|2577|2579|2580|2583|2585|2590|2592|2595|2598|2606|2610|2611|2613|2615|2620|2621|2622|2626|2627|2628|2629|2631|2632|2633|2634|2635|2636|2637|2639|2640|2641|2643|2644|2645|2646|2647|2648|2649|2651|2652|2653|2654|2660|2661|2671|2674|2678|2683|2685|2700|2701|2702|2705|2706|2707|2708|2713|2718|2722|2724|2725|2729|2743|2745|2754|2755|2757|2762|2763|2766|2778|2783|2788|2792|2794|2798|2801|2807|2810|2811|2820|2826|2834|2838|2847|2854|2856|2864|2880|2885|2890|2897|2906|2910|2915|2920|2921|2924|2925|2927|2928|2929|2930|2931|2932|2936|2937|2938|2939|2940|2941|2942|2943|2944|2946|2947|2948|2949|2950|2951|2952|2953|2954|2955|2956|2960|2961|2962|2963|2965|2967|2968|2970|2971|2972|2973|2974|2975|2976|2977|2979|2980|2981|2982|2983|2984|2985|2986|2987|2988|2990|2991|2992|2993|2994|2995|2996|2998|3000|3001|3002|3003|3004|3005|3006|3007|3008|3009|3010|3011|3012|3013|3015|3017|3018|3019|3020|3021|3022|3023|3024|3025|3026|3027|3028|3030|3033|3034|3035|3036|3038|3039|3040|3041|3042|3043|3044|3045|3046|3047|3048|3049|3052|3053|3054|3055|3056|3057|3058|3059|3060|3061|3062|3063|3064|3065|3066|3069|3070|3071|3072|3073|3076|3077|3078|3079|3080|3081|3084|3085|3088|3089|3090|3092|3093|3094|3095|3096|3098|3099|3100|3101|3102|3104|3105|3106|3107|3108|3109|3110|3111|3112|3113|3114|3116|3117|3118|3119|3120|3121|3122|3123|3125|3126|3127|3129|3130|3132|3133|3134|3136|3139|3141|3142|3143|3144|3145|3147|3149|3153|3155|3156|3157|3158|3159|3160|3165|3166|3168|3169|3170|3171|3172|3174|3176|3177|3178|3235|3237|3238|3239|3244|3254|3255|3259|3260|3263|3264|3265|3267|3273|3275|3277|3278|3279|3282|3295|3304|3309|3320|3321|3322|3325|3328|3329|3330|3331|3333|3336|3341|3343|3345|3346|3354|3357|3359|3368|3370|3371|3373|3382|3383|3385|3389|3390|3391|3392|3393|3395|3396|3398|3399|3400|3401|3402|3405|3407|3409|3410|3413|3415|3416|3417|3418|3419|3420|3421|3422|3423|3425|3426|3428|3429|3430|3431|3432|3434|3435|3436|3437|3438|3439|3440|3441|3442|3443|3444|3445|3446|3449|3453|3454|3455|3457|3458|3459|3460|3461|3462|3463|3464|3466|3467|3468|3469|3471|3472|3473|3474|3475|3476|3477|3479|3480|3481|3482|3484|3486|3487|3489|3490|3510|3513|3520|3521|3522|3525|3526|3527|3528|3529|3530|3531|3534|3535|3541|3544|3545|3546|3548|3549|3550|3551|3552|3553|3557|3578|3583|3587|3609|3612|3616|3617|3618|3621|3629|3633|3640|3643|3649|3652|3653|3654|3656|3657|3659|3660|3661|3663|3664|3665|3668|3669|3670|3673|3704|3711|3721|3722|3723|3724|3725|3726|3727|3728|3730|3731|3732|3733|3734|3735|3737|3738|3739|3741|3742|3743|3744|3745|3747|3748|3749|3750|3751|3752|3753|3754|3755|3756|3757|3758|3759|3762|3763|3766|3770|3771|3775|3778|3780|3781|3782|3785|3786|3788|3792|3793|3799|3800|3801|3802|3803|3804|3805|3813|3814|3816|3822|3825|3828|3829|3830|3832|3835|3851|3852|3868|3869|3870|3872|3873|3874|3875|3876|3877|3878|3880|3884|3885|3886|3893|3894|3897|3901|3902|3903|3904|3909|3913|3914|3915|3919|3920|3921|3928|3930|3933|3936|3937|3938|3942|3943|3944|3946|3947|3948|3951|3961|3969|3972|3979|3982|3984|3986|3987|3988|3990|3992|3996|4004|4008|4010|4012|4013|4014|4017|4026|4027|4028|4029|4030|4032|4036|4040|4044|4045|4047|4050|4051|4057|4059|4062|4066|4068|4069|4075|4077|4079|4080|4081|4084|4092|4095|4096|4097|4098|4099|4102|4103|4109|4111|4112|4114|4119|4120|4121|4122|4125|4126|4128|4129|4131|4132|4136|4137|4221|4235|4238|4239|4240|4251|4260|4261|4263|4267|4270|4273|4277|4281|4282|4283|4285|4290|4291|4298|4299|4301|4302|4303|4304|4305|4306|4308|4326|4332|4334|4338|4342|4343|4345|4346|4348|4349|4350|4351|4353|4355|4356|4357|4360|4361|4362|4363|4364|4365|4367|4369|4371|4373|4374|4375|4376|4378|4380|4382|4383|4385|4386|4388|4391|4392|4393|4394|4395|4397|4398|4401|4404|4405|4406|4407|4408|4409|4410|4411|4412|4413|4414|4415|4416|4417|4418|4419|4420|4421|4422|4423|4424|4425|4426|4427|4428|4429|4430|4431|4432|4433|4434|4435|4436|4437|4438|4439|4440|4441|4442|4443|4444|4445|4446|4447|4448|4449|4450|4451|4452|4453|4454|4455|4456|4457|4458|4459|4461|4462|4463|4464|4465|4466|4468|4470|4471|4472|4473|4474|4475|4476|4477|4478|4479|4480|4481|4482|4483|4484|4485|4486|4489|4507|4510|4512|4515|4516|4517|4519|4520|4521|4523|4525|4526|4527|4529|4538|4539|4542|4543|4545|4546|4548|4550|4551|4552|4553|4554|4555|4556|4557|4562|4564|4565|4567|4570|4573|4575|4580|4583|4587|4588|4589|4605|4612|4615|4616|4617|4620|4621|4622|4623|4624|4629|4630|4631|4632|4633|4634|4635|4636|4637|4639|4640|4641|4642|4643|4644|4645|4646|4647|4648|4649|4650|4651|4652|4654|4655|4656|4657|4658|4659|4660|4661|4662|4663|4664|4665|4666|4667|4668|4669|4670|4671|4672|4674|4676|4677|4678|4679|4680|4682|4683|4685|4686|4687|4688|4689|4690|4692|4693|4694|4695|4696|4697|4698|4699|4700|4701|4702|4703|4704|4705|4707|4708|4709|4710|4711|4712|4713|4714|4715|4716|4717|4718|4719|4720|4721|4722|4723|4724|4725|4726|4727|4728|4729|4730|4731|4732|4733|4734|4735|4736|4737|4740|4741|4743|4744|4745|4747|4748|4750|4752|4754|4757|4758|4759|4760|4763|4767|4768|4769|4774|4775|4776|4777|4778|4781|4782|4784|4785|4786|4804|4805|4806|4807|4808|4809|4811|4816|4820|4821|4828|4831|4834|4836|4837|4838|4839|4841|4843|4844|4845|4848|4849|4850|4851|4854|4855|4856|4858|4860|4861|4863|4864|4865|4866|4867|4868|4870|4873|4875|4876|4879|4882|4883|4884|4885|4888|4889|4892|4894|4897|4899|4921|4927|4929|4930|4933|4954|4960|4977|4978|4979|4981|4984|4985|4986|4990|4991|4993|4994|4995|4998|4999|5000|5001|5003|5007|5008|5009|5011|5013|5014|5035|5036|5037|5038|5041|5042|5043|5044|5046|5047|5048|5049|5050|5051|5053|5060|5062|5070|5072|5073|5075|5077|5078|5079|5080|5084|5088|5092|5094|5096|5100|5101|5103|5107|5119|5121|5126|5127|5128|5131|5133|5134|5139|5140|5141|5143|5144|5145|5146|5147|5148|5149|5151|5152|5153|5159|5168|5171|5172|5174|5175|5176|5177|5181|5184|5185|5186|5187|5188|5189|5190|5191|5192|5193|5194|5197|5198|5199|5200|5201|5202|5203|5204|5205|5206|5207|5209|5210|5211|5212|5215|5218|5219|5220|5221|5222|5223|5224|5225|5226|5227|5228|5231|5232|5233|5234|5235|5237|5238|5240|5241|5242|5245|5246|5247|5248|5250|5251|5252|5253|5255|5259|5260|5267|5268|5278|5279|5280|5288|5293|5296|5297|5298|5299|5304|5306|5308|5312|5317|5319|5335|5337|5338|5339|5342|5343|5351|5356|5357|5363|5364|5367|5368|5372|5380|5381|5384|5404|5405|5428|5431|5432|5439|5442|5443|5446|5449|5458|5459|5460|5461|5466|5467|5475|5477|5479|5480|5482|5484|5485|5496|5506|5510|5513|5515|5516|5517|5518|5520|5521|5522|5523|5524|5525|5526|5527|5528|5529|5530|5531|5532|5533|5535|5536|5537|5538|5539|5540|5541|5542|5543|5545|5547|5551|5552|5557|5563|5564|5565|5566|5572|5574|5575|5576|5577|5578|5579|5581|5582|5584|5586|5587|5588|5589|5591|5592|5594|5600|5601|5602|5603|5604|5606|5607|5608|5609|5617|5618|5619|5621|5628|5631|5637|5642|5644|5648|5657|5658|5659|5661|5667|5670|5677|5696|5705|5707|5708|5709|5710|5711|5712|5714|5715|5716|5720|5721|5722|5724|5725|5726|5727|5728|5729|5731|5732|5733|5734|5737|5738|5740|5741|5746|5748|5749|5750|5751|5752|5753|5756|5757|5759|5761|5762|5763|5764|5765|5766|5767|5768|5769|5771|5772|5773|5775|5776|5777|5778|5779|5790|5796|5797|5805|5806|5807|5808|5809|5810|5811|5812|5813|5814|5815|5816|5817|5819|5820|5821|5822|5823|5824|5825|5826|5827|5828|5829|5830|5831|5833|5837|5841|5842|5843|5844|5845|5847|5848|5850|5855|5859|5867|5868|5874|5875|5880|5884|5886|5887|5894|5895|5898|5901|5902|5906|5907|5908|5909|5912|5913|5914|5915|5916|5919|5921|5924|5926|5990|5991|5992|5993|5994|5995|5996|5997|5998|5999|6000|6001|6002|6003|6004|6011|6018|6022|6023|6024|6025|6026|6027|6033|6034|6043|6046|6047|6048|6049|6050|6051|6052|6053|6054|6055|6056|6057|6058|6059|6063|6064|6065|6066|6067|6069|6070|6106|6107|6110|6118|6119|6127|6133|6156|6157|6163|6172|6179|6193|6279|6287|6298|6302|6303|6304|6323|6330|6332|6339|6340|6342|6346|6347|6348|6349|6350|6351|6353|6361|6363|6367|6370|6376|6396|6401|6403|6404|6412|6415|6416|6417|6418|6419|6420|6421|6423|6428|6429|6430|6431|6435|6436|6437|6438|6439|6440|6441|6443|6444|6445|6446|6447|6448|6449|6465|6468|6470|6471|6473|6475|6497|6498|6500|6514|6515|6516|6517|6518|6519|6520|6522|6523|6524|6525|6526|6527|6528|6529|6530|6531|6532|6533|6534|6535|6536|6537|6538|6539|6558|6559|6560|6561|6562|6563|6564|6565|6566|6567|6569|6570|6571|6572|6573|6574|6575|6576|6578|6579|6583|6604|6606|6609|6641|6648|6649|6652|6659|6668|6688|6691|6692|6693|6695|6696|6697|6698|6699|6700|6701|6702|6714|6717|6719|6720|6722|6723|6724|6725|6727|6728|6729|6751|6752|6753|6754|6755|6761|6763|6764|6766|6768|6770|6771|6774|6779|6780|6781|6782|6783|6795|6796|6797|6798|6799|6800|6801|6802|6803|6806|6807|6808|6809|6810|6811|6812|6813|6814|6816|6817|6818|6819|6820|6821|6822|6823|6827|6828|6829|6843|6844|6845|6846|6847|6848|6849|6850|6851|6852|6856|6858|6859|6860|6861|6862|6863|6864|6865|6866|6867|6868|6869|6870|6871|6872|6873|6874|6875|6876|6877|6879|6880|6882|6883|6884|6885|6886|6887|6888|6889|6890|6891|6892|6893|6894|6895|6896|6897|6898|6899|6901|6902|6903|6904|6905|6906|6909|6910|6911|6912|6913|6914|6915|6916|6917|6919|6922|6923|6924|6925|6926|6927|6929|6930|6931|6932|6933|6934|6935|6936|6937|6938|6939|6940|6941|6942|6943|6944|6945|6950|6951|6954|6960|6961|6962|6963|6965|6967|6968|6971|6972|6973|6975|6976|6979|6980|6982|6983|6984|6985|6989|6990|6994|6995|6996|6997|6998|7002|7004|7006|7007|7010|7013|7015|7017|7019|7020|7021|7022|7023|7024|7025|7026|7027|7028|7029|7030|7032|7034|7035|7037|7038|7040|7041|7042|7062|7074|7075|7077|7078|7079|7080|7117|7137|7138|7139|7140|7141|7142|7143|7144|7145|7146|7147|7148|7149|7150|7151|7152|7153|7154|7155|7156|7157|7158|7159|7161|7162|7163|7164|7165|7166|7167|7168|7169|7170|7171|7172|7173|7174|7176|7177|7178|7179|7180|7181|7182|7183|7184|7185|7186|7187|7188|7189|7190|7191|7192|7193|7194|7196|7197|7201|7202|7203|7204|7205|7206|7208|7209|7210|7211|7219|7226|7227|7228|7230|7236|7245|7246|7247|7248|7249|7250|7274|7275|7276|7281|7285|7286|7307|7313|7319|7365|7369|7380|7386|7387|7388|7389|7394|7395|7396|7399|7401|7402|7403|7404|7405|7407|7408|7409|7410|7411|7413|7416|7417|7418|7419|7429|7430|7431|7432|7435|7446|7452|7459|7460|7461|7462|7464|7495|7496|7504|7549|7550|7551|7552|7553|7554|7556|7557|7558|7559|7560|7561|7562|7563|7564|7566|7567|7569|7570|7571|7572|7573|7574|7575|7576|7577|7578|7579|7580|7581|7582|7583|7584|7585|7586|7587|7588|7589|7590|7592|7593|7597|7598|7599|7600|7601|7610|7611|7746|7747|7748|7749|7750|7751|7752|7753|7754|7755|7756|7764|7765|7766|7767|7768|7770|7771|7773|7774|7775|7776|7777|7782|7783|7784|7785|7790|7791|7792|7793|7794|7796|7797|7805|7806|7807|7808|7810|7811|7812|7813|7814|7815|7817|7818|7819|7820|7821|7822|7823|7824|7825|7826|7829|7830|7832|7833|7834|7836|7837|7839|7840|7855|7858|7862|7863|7865|7876|7878|7880|7886|7900|7925|7947|7949|7950|8003|8004|8005|8031|8062|8063|8064|8065|8066|8067|8068|8073|8115|8116|8214|8215|8216|8217|8218|8220|8223|8224|8225|8226|8227|8228|8229|8230|8231|8255|8256|8257|8258|8259|8260|8265|8266|8267|8268|8269|8270|8272|8273|8274|8275|8276|8277|8281|8283|8286|8294|8300|8301|8312|8314|8316|8319|8320|8330|8331|8333|8339|8340|8343|8344|8345|8346|8347|8348|8349|8350|8351|8352|8353|8354|8355|8356|8357|8361|8362|8363|8364|8365|8366|8367|8368|8369|8370|8371|8374|8375|8376|8378|8379|8380|8381|8382|8383|8384|8385|8386|8387|8388|8389|8390|8391|8392|8393|8394|8395|8396|8397|8398|8399|8400|8401|8402|8404|8405|8406|8407|8408|8410|8411|8412|8413|8416|8417|8419|8420|8421|8422|8423|8424|8425|8426|8427|8428|8429|8430|8431|8432|8435|8436|8437|8438|8439|8440|8441|8442|8443|8444|8445|8446|8447|8449|8450|8451|8452|8453|8454|8455|8456|8458|8459|8460|8461|8462|8463|8464|8465|8466|8467|8468|8469|8470|8471|8472|8473|8474|8475|8476|8478|8479|8485|8486|8487|8488|8489|8491|8500|8504|8505|8506|8508|8509|8511|8512|8513|8514|8515|8516|8517|8518|8521|8522|8523|8524|8525|8527|8528|8529|8530|8531|8532|8533|8534|8535|8537|8538|8539|8540|8541|8542|8543|8545|8546|8547|8548|8549|8550|8551|8553|8554|8555|8556|8557|8559|8560|8562|8564|8565|8566|8567|8568|8569|8572|8573|8574|8576|8579|8580|8581|8582|8583|8584|8585|8586|8587|8588|8590|8592|8593|8595|8596|8597|8598|8599|8600|8601|8602|8604|8605|8606|8607|8609|8610|8611|8612|8614|8615|8616|8617|8618|8619|8620|8621|8623|8624|8626|8627|8628|8629|8630|8631|8632|8633|8634|8635|8636|8637|8639|8640|8641|8642|8643|8644|8645|8646|8647|8648|8649|8650|8651|8652|8653|8654|8655|8656|8657|8658|8659|8660|8661|8662|8663|8664|8665|8666|8667|8668|8669|8670|8671|8672|8673|8674|8675|8676|8677|8678|8679|8680|8681|8682|8683|8684|8685|8686|8687|8688|8689|8690|8691|8694|8705|8753|8754|8755|8757|8758|8759|8760|8761|8762|8763|8764|8765|8766|8767|8768|8769|8770|8771|8772|8773|8774|8775|8776|8777|8778|8779|8780|8781|8782|8783|8784|8785|8786|8787|8788|8789|8790|8791|8792|8793|8794|8795|8796|8798|8799|8800|8801|8802|8803|8804|8805|8806|8807|8808|8809|8810|8811|8812|8813|8814|8815|8816|8817|8818|8819|8820|8821|8822|8823|8824|8825|8826|8827|8828|8829|8830|8831|8832|8833|8834|8835|8836|8837|8838|8839|8840|8841|8842|8843|8846|8847|8848|8849|8850|8851|8852|8853|8854|8855|8856|8857|8858|8859|8860|8861|8862|8863|8864|8865|8866|8867|8868|8869|8870|8871|8872|8873|8874|8875|8876|8877|8878|8879|8880|8881|8882|8883|8884|8885|8887|8888|8889|8890|8891|8892|8893|8894|8895|8896|8898|8899|8900|8901|8902|8903|8904|8905|8906|8907|8909|8910|8911|8912|8915|8916|8917|8918|8919|8920|8921|8922|8923|8924|8934|8964|8965|8966|8967|8968|8972|8973|8974|8975|8977|8978|8979|8981|8982|8983|8984|8985|8986|8988|8989|8990|8991|8992|8993|8994|8995|8996|8997|8998|8999|9000|9002|9003|9004|9005|9006|9007|9008|9009|9010|9011|9013|9014|9015|9016|9027|9028|9029|9030|9031|9032|9033|9034|9035|9036|9037|9039|9040|9041|9042|9043|9046|9048|9049|9051|9052|9053|9054|9055|9057|9058|9059|9060|9061|9062|9063|9064|9067|9068|9069|9072|9073|9074|9076|9077|9079|9080|9081|9082|9083|9084|9085|9086|9087|9088|9089|9090|9091|9092|9093|9094|9095|9096|9097|9098|9099|9100|9101|9102|9103|9106|9107|9108|9109|9111|9112|9117|9118|9119|9120|9121|9122|9123|9124|9125|9126|9127|9128|9129|9130|9131|9134|9135|9145|9146|9235|9236|9237|9276|9289|9290|9330|9331|9332|9333|9334|9335|9343|9358|9359|9361|9362|9363|9364|9365|9366|9367|9368|9369|9370|9371|9372|9373|9374|9375|9376|9377|9378|9379|9380|9381|9382|9383|9384|9385|9386|9387|9388|9389|9390|9391|9392|9393|9394|9395|9396|9397|9398|9399|9400|9401|9402|9403|9404|9405|9406|9408|9409|9410|9411|9412|9413|9414|9415|9416|9417|9418|9419|9420|9421|9422|9423|9424|9425|9426|9427|9428|9429|9430|9431|9432|9433|9434|9435|9436|9437|9438|9439|9440|9441|9444|9445|9446|9447|9449,Maria Anjel|Wrex Oliver|Hotwife Sadie|Rebecca Love|Sammm Next Door|Jessi Rae Moore|Cassie Bender|Victoria Rey|Summer Starz|Ashley Sinclair|Aspen Rae|Ryan Ryans|Belle Noire|Ashli Ames|Daisy Haze|Rahyndee James|Gabriella Ford|Jaclyn Taylor|Jayden Taylors|Jelena Jensen|Lilly Evans|Lola Foxx|Natasha Voya|Malena Morgan|Ivan|Helly Mae Hellfire|Mark White|Vyxen Steel|Abbey Brooks|Jerry|Bobby Neuwave|Isis Taylor|Natalia Queen|Richie Deville|Kirra Lynne|Jessica Lynn|Victoria Lawson|Mark Zane|Julius Ceazher|Kayla Quinn|Tony Rocket|Scott Hancock|Calvin Hardy|Rod Jackson|Malina Melendez|Brenna McKenna|Violet Gems|Freya Kennedy|Chiara Chianti|Anais Amore|Joey White|Skyla Sun|Lucky Anne|Kimberly Moss|Camila Cortez|Brookie Blair|Quinn Waters|Josie Tucker|Sage Pillar|Justine Jakobs|Madison Blaze|Linda Lan|Aspen Romanoff|Kiki Vidis|Chanel Brooks|Nami Lee|Maria Kazi|Lila Love|Tiffani Madison|Jenna Fireworks|Roxie Sinner|Kira Fox|Sasha Pearl|Kat Marie|Hayley Davies|Chima|Jade Luv|Scarlett Page|Amari Anne|Daisy Fuentes|Lexi Stone|Keni Styles|Jeremy Adams|Lola Reve|Alyssa Lynn|Stella May|Angelina Chung|Lia Ezra|Nikki Hearts|Felicity Feline|Iris Rose|Ashly Anderson|Slim Poke|Dirk Huge|D Snoop|Saya Song|Jayden Lee|Nekane Sweet|Nina Rivera|Layton Benton|Alison Avery|Lala Ivey|Anna Bailey|Julie Cash|Marina Maya|Valentina Bianco|Moriah Mills|Sofia Rose|Zanna Blue|Tori Montana|Harmonie Marquise|Katya Rodriguez|Sommer Isabella|Aletta Ocean|Jasmine James|Sarah Banks|Skyler Mckay|Assh Lee|Lola Marie|Siouxsie Q|Amber Alena|Molly Stewart|Candy Alexa|Liza del Sierra|Leigh Darby|Molly Jane|Patty Michova|Dylan Phoenix|Michelle Thorne|Asia|Rocky Emerson|Blanche Bradburry|Jada Kai|Valentina Jewels|Kataljna Kittin|Angelica Cruz|Dillion Carter|Jasmine Caro|Katerina Kay|Alice Lighthouse|Alina West|Bailey Paige|David Loso|Keira Nicole|Heather Night|Tali Dova|Sonny Nash|Ashley Jensen|Lee Stone|Angelina Ash|Brother Love|Domenic Kane|Franziska Facella|Jana Jordan|Julia Bond|Lindsey Meadows|Devon Lee|Faye Reagan|Kina Kai|Sadie West|Jordan Maxx|Lilly Hall|Maggie Green|Sofi Adam|Kiki Klout|Luna Legend|Sasha Tatcha|Mike Skywalker|Gaby Ortega|Dirtydanii 69|Ace Biggs|Pike Nelson|Sammie Rhodes|Chris Charming|Stephanie Swift|Halie James|Patrick J. Knight|Nikole Nash|Reyna Delacruz|Lyra Lockhart|Audrey Madison|Angelica Coralvine|Nika Venom|Elisa Bethann|Honey Hayes|Jamie Jett|Dixie Jewel|Nikita Reznikova|Evelyn Payne|Kate Bloom|Ariana Aimes|Big Tre|Annabel Redd|Jade Valentine|Cali Sweets|Kimber Veils|Eden West|Melanie Muse|Rollie Rawlings|Keely Rose|Natalie Knight|Celestina Blooms|Eve Marlowe|Bess Breast|Madi Laine|Reina Rae|Clark Kent|Emma Sirus|Dre Delevingne|Bella Blu|Tessa Thomas|Harmony Rivers|Jamie Valentine|Kayla Carrera|Katie St. Ives|Amber Cox|Bambi Wolfe|Marco Ducati|Jodi West|Zoe Clark|Priya Price|Adriana Deville|Sophia Lomeli|Demi Diveena|Sandy Fantasy|Diamond Kitty|Victoria Voss|Kirsten Price|Heather Starlet|Carmen McCarthy|Gianna Michaels|Charlie Onixx|Savana Styles|Ava Rose|Cherokee Dass|Avy Scott|Jeremy Conway|Kalina Ryu|Brianna Love|Azalea Lee|Kendall Brooks|Eric Swiss|Franceska Jaimes|Sara Stone|Dale DaBone|Briana Blair|Megan Monroe|Brooke Lee Adams|Holly Morgan|Trent Soluri|Misti Dawn|Austin Kincaid|J. Crew|Katie Monroe|Bianca Bangs|Lilly James|Rico Hernandez|Mickey Violet|Blake Eden|Cyrstal Rae|Kristen Lee|Lyra Law|Ashlee Mae|Lexy Lotus|Harley Jameson|Cadey Mercury|Quinn Wilde|Olivia Lua|Hannah Hays|Sadie Blake|Chanell Heart|Meggan Malone|Arie Faye|Rosalyn Sphinx|Athena Palomino|Brittany Benz|Mary Kalisy|Sinderella|Leyla Fiore|Danni Rivers|Ellie Leen|Stella Flex|Lexie Fox|Mia Split|Jessica Portman|Vika Lita|Ellie Eilish|Zoey Taylor|Sherezade Lapiedra|Freya Mayer|Ariana Van X|Mary Popiense|Milena Ray|Jazlyn Ray|Lilly Bella|Candie Luciani|Mina Luxx|Angelina Robihood|Evelin Elle|Mia Nix|Christy White|Olivia Jayy|Sumire Mizukawa|Leo Gaffer|Little Angel|Sirena Milano|Ada Lapiedra|Barbie Rous|Eva Blume|Shelena|Hope Heaven|Sandra Lyd|Selva Lapiedra|Ashby Winter|Ema Karter|Winnafred Flurry|Charlie Mac|Hope Howell|Luca Ferrero|Lola Bulgari|Wesley Pipes|Jack Blaque|Broc Adams|Ray Black|Louie Smalls|Cyrus King|Jay Savage|Kimber Day|Gage Sin|John Legendary|Taylor May|Anna Morna|Alexa Nova|Kimberly Brix|Aubrey Star|Aspen Ora|Amanda Aims|Maya Grand|Kinsley Eden|Alice March|Riley Nixon|Karly Baker|Alaina Dawson|Mystica Jade|Jezabel Vessir|Jade Jantzen|Ally Tate|Lucie Cline|Nicole Clitman|John Johnson|Alyssa Cole|Pepper Hart|Haven Rae|Lexi Lovell|Skyla Novea|Ivy Aura|Summer Day|Jessica Rex|Mindi Mink|Jake|Lindsey Cruz|Olivia Sin|Brenna Sparks|Anastasia Knight|Emily Cutie|Julia Rain|Kinuski Kakku|Layla Love|Ashley Red|Sophia Lux|Alice Pink|Sloan Harper|Gia Vendetti|Bella Jane|Jessika Night|Stefanie Moon|Nella Jones|Sofi Smile|Kymberlie Rose|Lina Luxa|Marilyn Sugar|Natasha Lapiedra|Sara Bell|Anastasia Brokelyn|Ryder Rey|April Snow|Lola Bellucci|Olivia Sparkle|Cali Caliente|Nicole Sage|Yukki Amey|Lara Frost|Purple Bitch|Marie Berger|Hazel Grace|Ailee Anne|Alex H Banks|Asia Vargas|Sofi Noir|Lisa Belys|Samantha Cruuz|Elis Benson|Filou Fitt|Merida Sat|Claire Roos|Megan Love|Mizuki|Lynna Nilsson|Luke Hotrod|Bella Beretta|Jimena Lago|Serpente Edita|Lina Arian|Julia De Lucia|Lullu Gun|Tiffany Doll|Milena Devi|Choky Ice|Stacy Snake|Kirschley Swoon|Francys Belle|Nikki Waine|Olivia Devine|Eva Berger|Monika Benz|Arwen Gold|Belle Claire|Victoria Summers|Marina Visconti|Barra Brass|Francesca DiCaprio|Emily Thorne|Gabriella Lati|Nicole Love|Katrin Tequila|Alice Nice|Yuriy Sergeev|Daphne Klyde|Lara West|Nikki Nuttz|Rebeka Black|Kandy Kors|Chloe Lamour|Gisha Forza|Ashley Ocean|Tyler Knight|Nathan Red|Callie Brooks|Brendon Miller|Jessyca Wilson|Chloe Brooke|Alexis Ford|Madi Meadows|Danielle Maye|Adriana Sephora|Luke Hardy|Max Deeds|Tarzan Stone|Alessa Savage|Apryl Rein|Skyler Storm|Shawn Alff|Lauren Pixie|Parker Sims|Christy Love|Jackie Hoff|Alexa Payne|Angelina Moon|Laura Bentley|Jade Greene|Madison Wilde|Lee|Coco Vandi|Victoria Lobov|Luke Cooper|Kara Lee|Kitten Latenight|Johnny Rifle|Andi James|Avalon Heart|Michelle Martinez|Vanessa Vixon|Jimmy Legend|Codi Lewis|Kharlie Stone|Anastasia Rose|Sierra Nicole|Aubrey Rose|Molly Mae|Brooke Haze|Evan Cox|Sheila Daniels|Stephanie West|Kadence Marie|Dillon Cox|Aria Valencia|Nadia Jay|Brooke Bliss|Bobbi Dylan|Shane Blair|Audrey Royal|Daya Knight|Eden Sin|Zoey Laine|Maya Morena|Arielle Faye|Jasmine Summers|Jennifer Jacobs|Lily Adams|Kat Monroe|Esperanza Del Horno|Angel Del Rey|Jessica Jones|Aurora Winters|Alyce Anderson|Amilia Onyx|Jade Amber|Gracie Green|Summer Brooks|Athena Rayne|Monica Sage|Darcie Belle|Erica Lauren|Mi Ha Doan|Ivory Logan|Ava Parker|Jericha Jem|Scarlett Snow|Jasmine Grey|Chanel Grey|Kasey Miller|Aryana Amatista|Emily Right|Cleo Clementine|Rebecca Vanguard|Jada Doll|Kylie Kingston|Honey Blossom|Nikki Peach|Lily Glee|Bradley Remington|Gianna Gem|Ashley Aleigh|Aliya Brynn|Kiarra Kai|Natalie Porkman|Paris Amour|Scarlett Fall|Eliza Eves|Alice Merchesi|Judy Jolie|Maddy Haze|Callie Jacobs|Isla Biza|Samantha Reigns|Dania Vega|Marilyn Johnson|Ava Sinclaire|Nikki Sweet|Nadia Noja|Kinsley Kane|Michael Swayze|Tristan Summers|Anna Chambers|Catalina Ossa|Jane Rogers|Jasmine Wilde|Annie Archer|Amber Stark|Bella Luna|April Love|Stevie Moon|Evie Rees|Franco Styles|Mazy Myers|Megan Maiden|Lindsay Lee|Athena Fleurs|Veronica Church|Kitty Valance|Jena LaRose|Fae Lux|Jade Kimiko|Olivia Madison|Riley Reign|Kallie Taylor|Violet Spice|Khloe Kingsley|Evie Christian|Tiana Blow|Tony Sting|Holly Day|Sia Lust|Natalie Brooks|Emma Jade|River Fox|Dustin Daring|Vera King|Kamryn Jade|Mona Blue|Gwen Vicious|Kit Mercer|Jimmy Broadway|Davon Drake|Colby Jansen|Joel Someone|Helena Locke|Daniel Shar|Sadie Pop|Mjane|Lila Lovely|Katie Morgan|Ruckus XXX|Pierce Paris|Sarah Arabic|Vienna Rose|Aubrey Sinclair|Jay Taylor|Matt Sloan|Barbie Feels|Willy Regal|Andrew Marshall|Mailyne|Megane Lopez|Raina Rae|Sheila Ortega|Jesus Reyes|Potro De Bilbao|Naomi Bennet|Lexi Layo|Emily Brix|Kat Worley|Jessie Wylde|Callie Klein|Jesus Zeus Munoz|Kale|Sofie Reyez|Vivian Grace|Bella Gray|Jim Slip|Selena Rose|Raven Alexis|Sheila Marie|Brooke Johnson|Leda Lotharia|Lena The Plug|Shay Evans|Noelle Easton|Ann Marie Rios|Jack Lawrence|Cassandra Cruz|Aubrey Addams|Rachel Love|Ami Emerson|Kenzi Marie|Carmella Bing|Melissa Lauren|Jenny Hendrix|Layla London|Alex Little|Courtney Cummz|Nicole Bexley|Kacey Quinn|Aubrey Gold|Sophia Grace|Savannah Gold|Mariah Milano|Bree Olson|Nick East|Stacey Saran|Brooke Belle|Daisy Marie|Jennifer Dark|Ricki White|Stephanie Cane|Julz Gotti|Anthony Gaultier|C.J. Wright|Marie Luv|Chris Streams|Wendy Divine|Brad Hardy|John E. Depth|Rebeca Linares|Samantha Ryan|Ice Cold|Jeremy Steele|Mona Lee|Sarah Shevon|Michael Chapman|Oliver Sanchez|Jenna Ivory|Daisy Chainz|Martini Bows|Emily Mena|Jayden Black|Kylie Rose|Kendall Woods|Pressley Carter|Lilly Lit|Makenna Blue|Hailey Little|Payton Avery|Mackenzee Pierce|Mya Nichole|Veronica Jett|Trina Michaels|Hailey Young|Heidi Mayne|Malory Malibu|Mike Chapman|Lovenia Lux|Luna Melba|Cindy Shine|Sophia Laure|Vinny Star|Nelly Kent|Simony Diamond|Verona Sky|Vyvan Hill|Isla|Gina Devine|Alysa Gap|Kathia Nobili|Latex Lucy|Amber Nevada|Daryl Ginger|Johane Johansson|Paige Delight|Samia Duarte|Kayla Green|Jasmine Black|Belle Black|Lexi Lowe|Demetris|Tracy Lindsay|Leyla Black|Roxy Mendez|Tigerr Benson|Zafira Klass|Candy Sweet|Kandall N|Eva Parcker|Alexa Jordan|Alexa Lynn|Allie Jordan|Ally Ann|Amber Wild|Amy Valor|J.T. Money|Barrett Blade|Brianna Beach|Britney Stevens|Brynn Tyler|Cali Lee|Cameron Love|Carmella Crush|Victoria White|Timo Hardy|Dakoda Brookes|Daryn Darby|Dasani Lezian|Eden Adams|Hillary Scott|Holly Wellin|Jasmine Jolie|Jaylynn Sins|Jasmine Tame|Jessi Palmer|Jessi Summers|Kaci Starr|Keeani Lei|Kinzie Jo|Kylie Haze|Lana Violet|Leah Jaye|Lexi Leigh|Lindsay Kay|Madison Parker|Maya Hills|Mariah Madysinn|Missy Stone|Mysti May|Presley Maddox|Riley Shy|Starla Sterling|Tessa Taylor|Tommie Ryden|Claudia Bavel|Cristian Cipriani|Miguel Zayas|Andreina DeLuxe|Tommy Cabrio|Norah Juliette|Josephine Jackson|Megan Fiore|Jason Carrera|Ambar Lapiedra|Sweet Vickie|Lexi Smith|James Bang|Kianna Dior|Mike Jaymes|Christy Canyon|Shay Fox|Anthony Pierce|Ainslee Divine|Abby Rose|Ashley Alexander|Zoe Grey|Aderes Quin|Venus Valencia|Malena Nazionale|Dani Diaz|Sona Bella|Austin Pierce|Emma Bugg|Venice Rose|Amy Reid|Tanya James|Ahryan Astyn|Gina Lynn|Hailey Star|Hanna Hilton|Jack Venice|Memphis Monroe|Mikayla Mendez|Cheyne Collins|Rhylee Richards|Rhyse Richards|Jordan Jagger|Justin Long|Kristal Summers|Jordan Kingsley|Jada Fire|Ricki Raxxx|Chris Hollander|Lucky Benton|Lacey DuValle|Cherokee D Ass|Lily Paige|John Espizedo|Simone Style|Sasha Grey|Kylee Strutt|Carmel Moore|Roxy Jezel|Madison James|Helena Sweet|Jennifer Adams|Codi Bryant|Diana Doll|Esperanza Gomez|John Strange|Chelsea Ellis|Misha Montana|Sally D'Angelo|Adreena Winters|Macey Jade|Dolly Little|Sophie Anderson|Amber Jade|Avery Adair|Sola Zola|Alex Gause|Aruna Aghora|Kelly Ann|John Anthony|Megan Matthews|Mimi Curvaceous|Marissa Mae|Asia Rae|Brandi Blunt|Rachel Rivers|Charley Hart|Aryana Adin|Bianca Booty|JJ Graves|Will Havoc|Alana Luv|Sarah Jackson|Alessia Luna|Adara Love|Taylee Wood|Venus Afrodita|Zuzu Sweet|Vitaly Vox|Desi Dalton|Mikayla Mico|Steven Lucas|Bae Egypt|Lexxxus Adams|Jordi Jae|Emerald Ocean|Brooklyn Blue|Sophia Ducati|Rose Monroe|Russell Grand|Charlie Comet|Julianna Vega|Victoria Cakes|Julianna Jones|Daphne Dare|Gina Varney|Winter Jade|Eve Ellwood|Stoney Lynn|Alexxxis Allure|Kiara Edwards|Criss Simon|Scarlet Domingo|Zoe Doll|Alejandro Peer|Luxury Girl|Alice Judge|Amber Wildee|Elizabeth|Violet Smith|The Jenny Jett|Kiera Daniels|Kylie Quinn|Jack Rippher|Kendra Heart|Jason X|Loni Legend|Roxy Risingstar|Brad Hart|Aubrey Black|Edible Aubrey|Katana Storm|Miley May|Tony Moves|Jason Steele|Maddy Rose|Nina Turk|Georgio Black|Sweet Cat|Melody Foxx|Anya Ivy|Asher Valentine|Freddy Flavas|Chris Torres|Silvia Soprano|Veronica Dean|Telari Love|Ariana Simon|Guy Simon|Alex Rosso|Dominic Osso|Chloe Kinks|Shawn Rees|Yola Flimes|Robin Heart|Tory Sweety|Nina Milano|Vixtor Styles|Nofacegirl|Nofaceguy|Danika Mori|Steve Mori|Gulliana Alexis|Jack Cummings|Jessica Torres|Koko Amaris|Alya Stark|Azure Angel|Nora Doll|Lara De Santis|Lulu Love|Summer Pixi|Renee Roulette|Jayme Hays|Mae Olsen|Mia Moore|Ashley Manson|Layna Landry|Penelope Cum|Ms London|Maci May|Ebony Mystique|Lucia Rossi|Rebecca Johnson|Tato Switch|King Noire|Yinnie Dedom|Skye Mae|Andre Stone|Sierra Day|Trinity St. Clair|Zoey Nixon|Jessica Robbin|Britney Young|Avril Hall|Aurora Monroe|Linda Lay|Cali Hayes|Tristan Berrimore|Jamie Jackson|Taissia Shanti|Anie Darling|Cherokee D'Ass|Johnny Rocket|Darcie Dolce|Blake Morgan|Helena Price|Nikki Chase|Pressure|Alby Rydes|Alaina Fox|Emily Kae|Rikki Six|Prodigy X|Arnold Schwartzenpecker|Dylan Riley|Brooke Haven|Steven French|Emma Cummings|Ryder Skye|John Bishop|Monica Lion|Kayla Paige|Lyen Parker|Mira Sunset|Ridge Crix|Bilbo Shaggins|Aaliyah Yasin|Frances Bentley|Ali Rose|Nuria Millan|Jonny Oblong|Lucy Bell|Ferrera Gomez|Jenni Lee|Bonya|Viola Weber|Hugo Antonin|Margo Von Teese|Lenka Sosh|Novella Night|Gia Tvoricceli|Arina Shy|Luna Skye|Damien Thorne|Barbie Sins|Melina Mason|Audrey Noir|Morgan Rain|Sami White|Jackie Rogen|Holly Halston|Charity Bangs|Abbie Cat|Bella Reese|Breanna Sparks|Brittney Banxxx|Holly Price|Jessica Moore|Tim Cannon|Amber Ashley|Blake Rose|Tommy Utah|Houston|Raylene|Rick Anthony|Jessica Nyx|Gia Grace|Louise Jenson|Aryana Augustine|Puma Swede|Lolly Ink|Jared Grey|Sandee Westgate|Peter Oh Tool|Kate Frost|Kerry Louise|Casey Cumz|Rio Lee|Antonio Black|Jezebelle Bond|Kimberly Kendall|Ava Dalush|Austin Lynn|Yasmine de Leon|Kelly Summer|Mary Jean|Kassondra Raine|Tiffany Brookes|Veronica Vain|Freddie Flavas|Britney Shannon|Sandra Star|Amber Deen|Tylo Duran|Raven Bay|Melissa Lynn|Brooke Sinclaire|Teagan Presley|Monica Asis|Astrid Star|Princess Paris|Robbin Banx|Tommie Jo|Kiki Minaj|Chessie Kay|Blanche Summer|Maxim Law|Angelina Diamanti|Kristina Shannon|Christina May|Portia Paris|Gorgeous Aphro|Sophia Deluxe|Leila LaRocco|Penelope Stone|Jessie Parker|Tysen Rich|Skylar Green|Callie Calypso|Misha Mynx|Jasmine Vega|Rachel Steele|Ace Bigs|Rikki Rumor|Tara Ashley|Kiley Jay|Tarzan|Zaya Cassidy|Coach Cardher|Jay Myers|Mandaniel James|Jennie Rose|Chris Scandal|Angel Windell|Erotic Medusa|Nina White|Aubrey Lovelace|Victoria Pure|Cecilia Scott|Ivy Stone|Hollie Mack|Liza Rowe|Sally Squirt|Kira Adams|Cameron Canela|Brittney White|Jazy Berlin|Chloe Surreal|Carol Vega|Irina Vega|Julia Roca|Nina Pink|Anita Bellini|Cathy Heaven|Amanda Hill|Ellen Betsy|Florane Russell|Lara Onyx|Nataly Gold|Shrima Malati|Vittoria Dolce|Alexis Amore|Nicki Hunter|Angel Long|Isabella Sky|Devon Michaels|Alexis Breeze|Dylan Ryder|Cali Lakai|Taylor Wane|Emma Heart|Shazia Sahari|Claire Dames|Tyler Faith|Chayse Evans|Dayna Vendetta|Calita Fire|Nina Kayy|Harlow Harrison|Nicole Rey|Kendra Star|Aylin Diamond|Dolly Diore|Eve Angel|Jemma Valentine|Lindsey Olsen|Naomi Nevena|Cayla Lyons|Frida Stark|Irina Pavlova|Angel Blade|Tricia Teen|Kitty Lovedream|Charlotte Shark|Felicia Kiss|Lana Slader|Carla Crouz|Nicole Evans|Kittina Ivory|Arteya|Aria Logan|Cassie Fire|Christina Shine|Sofi Goldfinger|Daniella Margot|Mey Madness|Angel Rush|Luna Rival|Sandra Wellness|Caomei Bala|Lilu Moon|Bruna Angel|Melissa Benz|Jamie Marleigh|Emily Blake|Katja Kassin|Sadie Sable|Miko Sinz|Anthony Hardwood|Lexi Swallow|Yuki Mori|Faith Leon|Jessica Bangkok|Jake Malone|Bryan Braxton|Angelina|Enzo Lorenzo|Darryl Hanah|Mr Marcus|Heather Red|Donnie Rocks|Emily Banfield|Brandi|Payton West|Cage Jordi|Satin Bloom|Max Corts|Mr. Clark|Nikolas|Mr. Marcus|Jason Katana|Sabrina Maree|Jackie Lin|Angel Vain|Nikki Daniels|Inari Vachs|Sasha Sparrow|Kristien|Mike James|AJ Luis|James Sinner|Kristina|Dawson Daley|Emily B|Ramon Monster|Angelica Amore|Aiden Valentine|Alex|Ariel Blue|Dresden|Reno D'Angelo|Hanna Lay|Linda Moretti|Monique Woods|Charlie Theron|Lux Kassidy|Sophies Lo|Innocent Hotwife|Harry River|Michelle Love|Linda Sweet|Darcia Lee|Denis Reed|Jenny Simons|Victoria Sweet|Katerina Hartlova|Chrissy Curves|Nick Lang|Suzie Carina|Celine Noiret|William Zeff|Eva Strauss|Eveline Neill|Sapphira A|Kattie Gold|Keira Albina|Silvie Deluxe|Lena Love|Tracey Sweet|Roxxi Silver|Lara Brookes|Staci Silverstone|Isabella Clark|Brandon Fox|Claire Robbins|Vicky Vixen|Mia Rider|Nikita Bellucci|Maia Davis|Mia Gold|Jade Nacole|Mahina Zaltana|Bonnie Day|Meiko Askara|Emma Haize|Gaia|Marley Blaze|Sadie Santana|Nadia Styles|Tori Avano|Lisa Tiffian|Marilyn Moore|Ashlee Graham|Fallon West|Cici Rhodes|Milcah Halili|Kiki Daire|Ingrid Mouth|Layla Price|Kimmy Lee|Cheyenne Jewel|Bianca Stone|Arielle Aquinas|Mercy West|Nenetl Avril|Xianna Hill|Ariel Grace|Luna Light|Raven Rockette|Sadie Holmes|Shae Celestine|Alex Mae|Bambi Black|Harlowe Blue|Jenna Reid|Kandie Monaee|Kelsey Kage|Kylie Nicole|Kyra Rose|Evi Rei|Lolli Lane|Brian Pumper|Alana Evans|Elle Alexandra|Sindy Lange|Chloe Lynn|Alli Rae|Johnny Champ|Sandra Luberc|Marilyn Mansion|Mila Marx|Nova Cane|Rharri Rhound|Johnny Nitro|Stella Raee|Xeena Mae|Zoey Reyes|Rose|Shayla LaVeaux|Presley Hart|Anais Latour|Victoria Tiffani|Heather Honey|Scarlet Chase|Gianna Grey|Keilani Kita|Bonnie|Kaylee Hilton|Beverly Hills|Cassandra Calogera|John Stagliano|Jenna Ashley|Chad Diamond|Kelsi Lynn|Brittany Shae|Sammie Daniels|Sasha Heart|Nikki Knightly|Nova Flame|Lydia Black|Natasha James|Proxy Paige|Sammie Six|H3ll4 Sl00tz|Vile Vixen|Alex Sanders|Brittany O'Connell|Hayden Winters|Aurora Snow|Casi James|Jake Ariston|Blue Angel|Briston Moreau|Violet Moore|Kylie Shay|Sophia Sterling|April Aniston|Carolina Cortez|Hadley Viscara|Jenna Clove|Katy Jayne|Alaina Kristar|Angel Ashton|Ava Sparxxx|Averi Brooks|Binky Bangs|Chelsea Maddison|Cara Swank|Chase Ryder|Christina Heart|Emma Stoned|Jasmine Rain|Porschea|Jessica Sinn|Kelly Diamond|Kiara Knight|Lia Lynn Robinson|Lola Milano|Macy Cartel|Mandy Sky|Natalie Monroe|Nikki Seven|Olga Snow|Presley Dawson|Rebecca Ivy|Natasha Blaze|Sage Evans|Samantha Nixon|Teddi Rae|Alex Tanner|Alice Green|Allora Ashlyn|Aly Monroe|Kami Kari|Ariel Winters|Cindy Cruz|Avery Moon|Ayn Marie|Bree Mitchells|Brooke Lynn Santos|Brooke Myers|Cadence Carter|Carrie Brooks|Cece Capella|Cleo Vixen|Debbie Clark|Emma Ryder|Eva Saldana|Farrah Valentine|Gia Love|Hannah Hartman|Henley Hart|Jessie Law|Josie Jagger|Karter Foxx|Kenzie Kai|Kimberly Costa|Kristy May|Lana Adams|Lanna Carter|Lorraine Mack|Lyn Hoyt|Maci Winslett|Marry Lynn|Michelle Taylor|Miley Cole|Miranda Miller|Naomi Kennedy|Nina Skye|Olivia Lee|Pamela Morrison|Peyton Coast|Rachel James|Raylin Ann|Scarlett Fever|Sierra Nevadah|Skye West|Sophia Wilde|Stella Daniels|Stephanie Carter|Tellula Rose|Jessie Taylor|Tucker Starr|Vivica Johnson|Zoe Wood|Adrian Hush|Audrey Grace|Celestia Vega|Chanel Shortcake|Dakota Bleu|Eva Nyx|Hannah Hawthorne|Jade Reign|Jasmine Riley|Jenni Jordan|Kenzi Kellie|Megan Winters|Mia Collins|Michelle Anthony|Mira Stone|Molly Cooper|Nala Brooks|Naomi Blue|Paisley Rae|Raquel Diamond|Selena Luxx|Selena Stone|Sophia Sultry|Aubry Babcock|Amalia Davis|Alison Star|Elaina Raye|Callie Cobra|Sally Charles|Victoria Rae Black|Callie Cyprus|Abigaile Johnson|Hollie Shields|Lily Carter|Avril Sun|Aubrey Sky|Naomi West|Angel Dark|Victoria Zdrok|Lya Missy|Maddy Black|Leony Dark|Shae Snow|Evilyn Fierce|Vanda Lust|Serena Torres|Stella Ann|Honey Demon|Cassidy Ryan|Xavi Tralla|Annalena Reno|Dolly Paige|Juniper Ren|Princess Asia|Solo Strokes|Serena Sterling|RealWifeRidley|Kaiya Lynn|Robyn Truelove|Kelly Wells|Lisa Marie|Nyomi Banxxx|Jayna Oso|Mina Leigh|Olivia O'Lovely|Ace Hardz|Tori J|Benjamin Brat|Sophia Knight|Alanna Anderson|Bella Baby|Susan Ayn|Nataly Von|Carla Cox|Wein Lewis|Nick Whitehard|Roger Venturini|Aruba Jasmine|Alexei Jackson|Beata Undine|Bernice|Cami Cole|Chris Rockway|Chloe Lacourt|Coco De Mal|Denisa Heaven|Emma Brown|Edward Bleek|Gia Steel|Goldie Baby|Gerry Taylor|Enzo Bloom|Jonni Hennessy|Tim Bauer|Tracy Smile|Dylan Sword|David B|Laura Crystal|Tommy Reeves|Liona Levi|Megan Coxxx|Andy Mann|Megan Salinas|Molly Bennett|Lukas Pribyl|Rihanna Samuel|Rylie Richman|Sharon Lee|Sophie Lynx|Stacie Jaxxx|Tiffany Thompson|Tina Hot|Victoria Love|Zarena Summers|Cara Mell|Chloe James|Veronica Ricci|Aika May|Natalie Vegas|Logan Drae|Catie Parker|Tila Flame|Odette Delacroix|Olivia Wilder|Brandy Smile|Heather Joy|Jessi Gold|Layla Rose|Jessi June|Mai Ly|Stoya|Kendall White|Lorena Garcia|Kira Sinn|Michele Monroe|Nina James|Serena Blair|Pepper Kester|Sophia Jade|Eileen Sue|Kelly Surfer|Tatum Woods|Foxies Gold|Tess Lyndon|Zena Little|Whitney Conroy|Aron Matthews|Khyanna Song|Lana Lopez|Tania G|London Reagan|Loulou Petite|Missa|Amber Sym|Elizabeth Marxs|Alexa Johnson|Angela Sommers|Brea Bennett|Candice Brielle|Charley Monroe|Katya Clover|Courtney Dillon|Daisy Lynn|Dakota A|Danielle Trixie|Danni Gee|Ellena Woods|Kari Milla|Jasmine Andreas|Keira Kelly|Kenze Thomas|Lauren Clare|Lia Taylor|Lily Chey|Leila Mazz|Liz Ashley|Lou|Jasmine Webb|Sienna Day|Milly Marks|Jess Scotland|Ms. Yummy|Athina Love|Katie Oliver|Lana Harding|Carly Rae|Susy Gala|Ryan Smiles|April Brookes|Jayden Starr|Petite Princess Eve|Romeo Mancini|Beth Bennett|Claudia Obey|Eliza Allure|Anissa Jolie|Katrina Moreno|Michelle Anderson|Tina Fire|Gala Brown|Vicky Menage|Betzz|Vivian Lola|Carla Cute|Gunnar Bishop|Sereyna Gomez|Lucky Kay Love|Melina May|Yae Triplex|Vixi Rafi|Lola Pearl|Sakura Hell|Sandy Love|Christina Carter|Vivienne Del Rio|Zak Tyler|Tori Lux|Alyx Urie|Sage Rabbit|Nunu Dickslanger|Jacob Coldwater|Nicole Murkovski|Freaky T|Danae Mari|Lollypop Gcup|Morgan Ray|Megan Murkovski|Britney Dutch|Nelson Mandingo|Blu Chanelle|Freddy Gong|Miami|Molly Cute|Vanessa Marie|Stephanie Love|Megan Mistakes|Selina Imai|Jonesy|Lola Eastking|Alia Star|Jade Jadore|Lena Fire|Ruby Cattrall|Medusa|Gianpaolo McDick|Lady Gang|Daisy May|Thalia Lane|Fibi Euro|Jolee Love|Andrew|Sasha Royce|Samantha Sinz|Dakota James|Georgia Koneva|Kasey Aims|Edone Kaliyuga|Mina Moon|Winter Bell|Gogo Fukme|Yumi Sin|Nikki Zee|Aiden Aspen|Gigi Rivera|Ally Horny|House Elf|Ana Lingus|Abel Black|Very Sexy Dasha|Nitro|Dario Dyson|James Koss|Kate Koss|Lisa RocketCock|Milka Wey|Christafeer Robien|Mr Dollie|Polly Dollie|QesasTop|Qesas Top|Sofia Divine|Isis Monroe|Leilani Leeane|Damian Dickey|Kayla Summers|Sierra Spunk|Tiffani Time|Lilly Mays|Alexis Grace|Kelly Divine|Reina Heart|Callie Black|Sophia West|Suki Sin|Blaire Johnson|Katie Summers|Bianka Lovely|Carolyn Reese|Karina O'Reilley|Lylith LaVey|Lucette Nice|Matt|The Official Egypt|Max Schottz|Zoey Foxx|Richh Des|Carmela Clutch|Queen Mirage|Scarlett Sommers|Fabrice Triple X|Tony Carrera|Tamara Grace|Lena Coxx|Sarah Illustrates|Kathryn Mae|Ophelia Kaan|Sarah Sultry|MELXXXTED|Ellie|Layla Jenner|Elly Clutch|Hayden|Lily Phillips|XWife Karen|Tara Holiday|Savanna Samson|Dragon Fruit|Thomas Jay|Holly Rae|Silvia Sin|Piper Press|Abbie Maley|Mia Austin|Darla Crane|Veronica Rayne|Charlee Rose|Synthia Fixx|Nina Hartley|Ava Austen|Hot Pearl|Raven Hart|Niykee Cruz|Angela Bella|Chanel St. James|Sarah Nikki|Clara Red|Anna Cummings|Kristee Lixx|Wisconsin Tiff|Bubbles Ann Taylor|Madam D|Mistress Kora Bell|Mochi Mona|Tayler Deerden|Delores Johnson|Miss Julie|Fun Charlie|Imani Valor|Skye Red|Lila Magenta|Trixie Dicksin|Abby|Haven Moss|Nina Nite|Bridgette Daniels|Dakota Quinn|Lucky Steve|Nicole Luva|Sonia Harcourt|Heaven Day|Nicole Nuthatch|Samantha Extreme|Suzy Wylde|Daisy Foxxx|Trixie Moore|Memel Wilde|Leia Lucas|Tricia Oaks|Mandingo Mike|Bella Cooper|Sarah|Tyler Ford|Kinsley Anne|Kennedy Kressler|Monica|Gabby Dior|Charlee|Linda Nelson|Julie|Zoe Lark|Lana Analise|Coralyn Jewel|Wynter Nyx|Joanna Meadows|Ivy Carlson|Lucy Morningstar|Vanessa Cliff|Ginger McKay|Ciel Sky|Kasey Cole|Sam the Whore|Brooke Black|Becky Tailor|Rhea Radford|Sgt. Major|Luna C. Kitsuen|Jade Baker|Pierce Johnson|Liz Valery|Sahara Rain|Cindy Hope|Zerah Jones|Ava Stone|Paul Woodcrest|Tifa Quinn|Jay Ashley|Katerina Deville|Janna Hicks|Jennifer|Jack Moore|Victoria Peaks|Audrey Reid|Lola Deluca|Brian Timber|John Henry|Seda|Bonni Gee|Della Cate|Cheerleader Kait|Summer Renee|Enzo East|Harley Love|Mia River|Ariela Donovan|Cindy Crawford|Chris Lockwood|Monica Minx|Brianna Coppage|Valeria Visconti|Jazz Duro|Alia Janine|Joey Valentine|Sierra Sinn|Katarina Kat|Austin Matthews|Angell Summers|Payton Simmons|Xavier Miller|Sebastian Keys|Brandy Renee|Rodrigo Amor|Barbie Crystal|Lotus Lain|Ember Stone|Selena Ivy|Kiki Cali|Mia James|Stoney Curtis|Snixxx|Misty Addams|Max Coxxx|Lucas Leoni|Taurus Angel|Lady Fyre|David Lord|Lina Cole|Summer Rae|Boswell Black|Dylan Moore|Scarlet LaVey|Valentina Violet|Karina Valentina|The Country Hotwife|Kaci Kennedy|Maisey Monroe|Amy Parks|Alix Lovell|Madison Sky|Remi Raw|Bad Bella|Fatima|Shayla Pink|Tiffany Nacke|Maddie Cross|Marin|Dezirae|Simone Ryder|Foxxxy Darlin|Sophie Torre|Marina Morris|Lilaq Honey|Kristal Kitty|Angelina Elizabeth|Monica Sierra|Molly McSquirts|Nicole Rae|Ara Mix|Zoey|Blaten Lee|Gina West|Selena Love|Destiny Mira|Joe Franco|Dina Joy|Molly Manning|Emori Pleezer|Princess Emily|Athena West|Vanna Smith|Julia James|Laynee James|Adel Morel|Kaira Kampen|Josy Black|Suzi Grande|Vanessa Hillz|Mar Bella|Roxi Keogh|Kaira Love|Bruno Baxter|Carla Boom|Sloan Rider|Mila Marie|Babi Star|Roxy Reynolds|King Frank|Lucia Fernandez|Sofi Vega|Di Devi|Elsie Robinson|Brandi Edwards|Reya Lovenlight|Bobby Bends|Luciana Lucy|Carina Blair|Kayme Kai|Fiona Sprouts|Caroline Pierce|Luissa Rosso|Pascal St. James|Lisa DeMarco|Liv Wylder|Jay Huntington|Seth Brogan|Ela Darling|Ashlynn Leigh|Mae Meyers|Rob Blu|Sam|Scarlett|John West|Ramona Lapiedra|Whitney OC|Elise London|Cleo Moon|Stella|Stella Barey|Marina Gold|Dolly X|Joanna Wei|Era Queen|Yanic|Dean|Gia Dibella|Daisy Fox|Chanel St James|MLFY Jonesy|Joanna Moore|Viva Athena|Kseniia Kufeld|Philisha|Harper Hays|Celtic Skye|Zoey Bellatrixxx|Medusa Porn|Diana Lawrence|Ashley Aixi|Vanessa Arizona|Clara Mia|Carollina Cherry|Alice Zaffyre|Gina Sweet|Leo Vice|Anita Rover|Carlo Duro|Madalina Moon|Avery Jane|Lilli Love|Mistress Blunt|Vicky Addams|Giselle Amore|Ravyn Alexa|Dakota Tyler|Sinatra Monroe|Scarlett Venom|Emerald Loves|Luna Luxe|Lissa Aires|Jason Cody|Sky Alexis|Ava Marina|Juliana Dreams|Delilah Dagger|Harlow West|Anastasia Shades|Debauchery Desired|Scarlett Rosewood|Brianne Blu|Roxie Miller|Sophie Tyler|Mia Michele|Hope Fontaine|Lovely Lo|Tall Girl Alli|Mercedes Mack|Tia Tamera|Dahlia Noire|Ricki|Gracey Fox|Una Fairy|Jane White|Taylor Gunner|Peach|Lexy Blaze|Becky Summer|Sasha Reign|Avery Wilds|Luna Colombiana|Kinley|Harlow Wilde|Kat Meyer|Cheyenne Gray|Keke Lou|Brylee Summers|Mira Luv|John Campbell|Sophia Fiore|Lera Murr|Berry McKockiner|Lilith Grace|Bridget Moore|Tia Maria|Harley Brooks|Nikki Hilton|Leenuh Rae|Heather Gables|Barbie Cummings|Chelsie Rae|Trisha Rey|Aloura Lynn|Kassius Kay|Sierra Skye|Mike Hilton|Alice Martin|Elicia Solis|Melissa May|Mike Hunter|Mik Luv|Bambi Blitz|Abi James|Brianna Arson|Suttin|Slay Kay|Lola Mai|Hazel Paige|Jessica Marie|Scott Trainor|Tyler James|Eva Generosi|Addis Fouché|Stano Izak|Caramella Del X|Karmen Bella|Karissa Kane|Bliss Dulce|Elizabeth Jolie|Naomi Heart|Aria Skye|Kaya Lin|Christian Charity|Eva Yi|Evelyn Rosa|Katie Murphy|Tiffany Tailor|Sofia Rivera|Jaye Austin|Dr. Mercies|Michael Ambrose|Draven Navarro|ModernGomorrah|Vanessa Moon|Kira Perez|London Lee|Isabella Jules|Veronica Violet|Tess Thompson|Ophelia Purr|Izzy Bell|Roxy Belle|Venus Vixen|Ray Collins|Nicole Nichols|Cici Shellz|Odessa Bailey|Molly Raves|Bella Nova|Marvelous Madilyn|Aria Sunflare|Roxanne Rhodes|Summer Raine|Rica|Rose Carter|Rylee Blake|Nicole Banks|Lola Aiko|Saint LaRose|Candice Demellza|Marcus Quillan|Roman Todd|Roxy Taggart|Kitty Jane|Samantha Jolie|Morgan Moon|Dominno Rebelde|Rita Peach|Uma Zex|Rhiannon Ryder|Foxy Sanie|Rick Angel|Bri Klein|Kathy Anderson|Claudia Macc|Chelsy Sun|Chrissy Fox|Bonnie Dolce|Alexa Chains|Katy Sky|Aysha Dama|Lilith Reine|Zoey Uso|Kloe Love|Mike Hell|Vera Jarw|Sabien DeMonia|Shrooms Q|Lila Hayes|Isa Metible|Coco Bae|Lola Cheeks|Malia Lenoir|Tanya Virago|Munro Blaxxx|Joclyn Stone|Chloe Foxxe|May Hashira|Thayana Babyy|George Lee|Julia Parker|Tegan Mohr|Sergeant Miles|Rhae Woods|Massy Sweet|Jessie Ames|Dez Hansen|Hiba Hakimi|Kona Jade|Lucy Foxx|Stephanie Raee|Charlotte Mae|Val Dodds|James Duval|Ethan Angus|Jenny Doll|Luna Black X|Rob Hudson|Ruby Shades|Ace Panzora|Luna Fae|Isabel Moon|Alicia Williams|Nelya Smalls|Daria Kuess|Juicy Leila|Cream Molly|Bree Star|Zara DuRose|Spikey Dee|Jayla Page|Tyler Hunt|Chris Epic|Rose Winters|Missy Luv|Cadence St John|Nikki Monroe|Julian Jaxon|Kylie Richards|Ginger Grey|Alex Kane|Mary Bambola|Brianna Bourbon|Ariel Darling|Ria Rose|Funsized Megan|Xochi Moon|Audrey Hempburne|Katelynn James|Vince|Brianna Anderson|Vanessa Vox|Tana Waters|Joy|Remi Jones|Katie Carmine|Sophia Sweet|Kai West|Dakota Knight|Alice Moore|Emma Blanco|Riley June|Rose Peach|Amber Green|Daniela Dadivoso|Kristy Black|Angel Rivas|Kris the Foxx|Jenny Ferri|Nikki Fox|Vera Wonder|Aislin|Mia Evans|Bunny Love|Jenny Wild|Emylia Argan|Tina Blade|Lana Belle|Adelle Unicorn|Mia Trejsi|Heidi Romanova|Adam Black|Cindy Dollar|Cynthia Vellons|Shione Cooper|Connie|Katerine Moss|Hailey Holiday|President Nelson|Nicole Pearl|Lilien Ford|Erika Bellucci|Delilah Davis|Rose Red|Rob Diesel|Alexis Silver|Chloe Chaos|Carmella Diamond|Isabel Ice|Ariana Jollee|Cadence Caliber|Cameron Keys|Carmen Vera|Ciera Sage|Deja Daire|Emma Redd|Kacey Villainess|Mia Bangg|Kira Zen|Jenifer Jane|Janet Alfano|Jersey Cummings|Kalee Hunter|Lauren Vaughn|Maria Bellucci|Rosario Stone|Nevaeh Charms|Brooklyn Jade|Darien Ross|Kylie Worthy|Leah Livingston|Megan Jones|Katrina Angel|Megan Reece|Brooke Scott|Georgia Peach|Heidi Besk|Jersey Jaxin|Joelean|Myah Monroe|Amber Peach|Daisy Duxe|Nikki Grind|Sonia Lopez|Victoria Sin|Anjelica Blew|Bethany Sweet|Kira Lake|Kitty Langdon|Luci Thai|Sierra Sanders|Sunshine|Valerie Luxe|Velvet Rose|Heidi Brooks|Kendra Secrets|Raven Black|Trinity Post|Crissy Cums|Franky Vixen|Aurora Chase|Tiffany Rayne|Ann Kelley|Michelle Christian|Sandi Beach|Nadia Nitro|Jaylyn Rose|Vanessa Lynn|Michele Raven|Lisa Sparxxx|Carly Parker|Frank Gun|Joshua|Victor Solo|Kala Prettyman|Marsha Lord|Naomi Cruise|Jami Kenney|Ginger Lea|Leeza Jones|Bailey O'Dare|Phyllisha Anne|Katrina Isis|Valentina Lopez|Aaralyn Barra|Alyssa Jordan|Andrea Wild|Bianca Valentino|Crissy Cane|Gia Marley|Honey Dejour|Ice la Fox|Krystal Jordan|Tabatha Tucker|Shannon Kelly|Violet Murphy|Kaycee Dean|Breanna Fox|Loretta Loren|Gabriella Banks|Jayma Reed|Lauren Kain|Michelle Avanti|Nichole Heiress|Bailey Nicole|Mia Freak|Trisha Marx|Alyssa Dior|Amber Kentucky|Amber Sky|Amina Amore|Amina Sky|Audrey Elson|Missy Maze|Bella Nikole|Bree Barrett|Candy Jones|Cyle Cuvee|Daphne Flor|Deena Daniels|Erin Shadows|Fiona Cheeks|Harley Valley|Isabella Pacino|Janae Kae|Kandi Hart|Katie Angel|Leighlani Red|Leona Dulce|Lucy Fire|Madaline|Melissa Matthews|Summer Lynn|Mia Grey|Patricia Petite|Rachell Ann|Roxie West|Sabrina Taylor|Summer Carter|Tika Tarius|Gilda Roberts|Linda Brown|Natalli DiAngelo|Anastasia Devine|Asia Morante|Aurora Oliveira|Jenna Lovely|Valentina Canali|Wiska|Kirsten Plant|Stacy Silver|Larissa Dee|Victoria Blaze|Linette|Victoria Puppy|Rachel Evans|Yukikon|Isabella Chrystin|Scarlet De Lis|Bambola|Dana Santo|Martina Gold|Krystal Swift|Angel Pink|Vickie Powell|Jade Marxxx|Calico|Kylee King|Sara Scott|Kayden Faye|Jandi Lin|Leah Wilde|Sara Faye|Devaun Long|Damon Pierce|January Seraph|Jade Indica|Sabrina Fox|Charlotte Vale|Dia Zerva|Natalie Minx|Amber Keen|Eve Lei|Sister Dee|Cecilia Vega|Mason|Skylar Price|Dana Vixen|Delilah Knight|Chloe Camilla|Payton Bell|Missy Minks|Lori Adorable|Sofia Lauryn|Rozen Debowe|Akira Raine|Tomi Knox|Katharine Cane|Bryn Blayne|Asa Archer|Tina Horn|Ranie Mae|Dallas Blaze|Flaming June|True Blue|Sophia Skye|Freya French|Kay Kardia|Olivia Fawn|Speckles|SubMiss Ann|Lilith Luxe|Violet October|Eden Coxxx|Ian Rath|Phoenix Askani|Romona Vaine|Marshal|Roxy Rox|Kayla West|Laura|Emily Austin|Lilyan Red|Anto Toto|Claire Castel|Math|Philippe Soine|Sensual Jane|Sabrina Sweet|Hanna Sweet|Michael Cheritto|Layla Terrace|Selena Castro|Anita Dark|Jasmine Bash|Anjelyze|Tila Pussan|Bella Blaze|Godiva Sweets|Heaven Summers|Kimberly Ruben|Shyla Shy|Carmen Hayes|Arianna Sinn|Lana Ivans|Salena Marie|Hailey Brooke|Gizzelle De La Cruz|Selena Star|Beverly Paige|Desiree Deluca|Ruby|London Reigns|Alyssa Lewis|Adriana Kelly|Tessa Lane|Chloe Taylor|Ruby Port|Sheila Grant|Bethany Benz|Laylani Star|Kristi Maxx|Jessica Stone|Amber Alexis|Trixie Star|Reina Lee|Yasmine Loven|Eloa Lombard|Erin Banks|Holly Brooks|Aurora Rose|Melodie Peters|Trinity Maze|Angel Deluca|Felicia Clover|Anabelle Pync|Jasmine Maybach|Keiyra Lina|Rikki Nyx|Phoenix Desire|Pheona Monroe|Bree Phoenix|Camelia Davis|Natalie Moore|Lilly Lovely|Jade Aspen|Camille Morgan|Mali Luna|Sarah Jennings|Melissa Reed|Adella Skyy|Skyler|Gigi Kitty|April Knight|Krista James|Jacqui Banks|Seka Black|Gigi Loren|Ailek|Jim Storm|Aleska Diamond|Ariel Rebel|David Mistral|David El Moreno|Jamie Stone|Adessa Winters|Kattie Hill|Raquel Roper|Andre Shakti|Marina Lee|Sister Nelson|Zane Anders|Peter Pounder|Rod Peterson|Tony D|Brother Tanner|Slut Bottom Chris|Regan Reese|Al-B|Eve Laurence|Savannah Elisse|Miss Lexa|Gypsy Rose|Sexy Nala|Sofia Smith|Elic Chase|Syl Rebel|Polly Pons|Mallory Mallone|Minx Grrl|Soma Snake Oil|Pink|Steven O'Master|Alison Faye|Kiki Sweet|Jenna Rose|Candice Jacobs|Max Jacobs|RayVeness|Lana Palmer|May Cox|Ren Nuisance|Rickii Rose|Monty Memphis|Allesandra Snow|Nyna Stax|Kesha Ortega|Eric Sinclair|Ken X|Eris Maximo|Violet Rose|Alina Long|Adley Rose|Dallas Black|Julie Simone|Wenona Bound|Barbary Rose|Bella Wilde|Nikki Litte|Luci Angel|Mandy Vortex|Pina Deluxe|Coco Chanal|Isabella Lui|Fetish Liza|Nomi Melone|Mad Kate|Jolyne Joy|Alexa Wild|Natty Mellow|Pamela Sanchez|Chiki Dulce|Anina Silk|Alexa Nasha|Nora Barcelona|Mistress Minerva|Oliver Pina|Nerea Falco|Rija Mae|Kendo Ortiz|Lee Sola|Susy Blue|Gemma Gomory|Aragne Spicy|Ichi the Lorean|Natalia Ruso|Lilith Optima|Laurita Rios|Lia Gaynor|Naomi Bernstein|Angelina Wild|Nasty Khalifa|Cindy Loarn|Gabriela Flores|Margout Darko|Lady Nala|Glenda Larker|Coffee Brown|Devon Taylor|Lilac Wine|Sloane Soleil|Kylie Liddell|Pink Suga|Alexxa Bound|Kara Price|Shane Dos Santos|Anastasia Pierce|Liam Lockran|Kylie Wylde|Staci Thorn|Elizabeth Thorn|Elyssa Greene|Jeze Belle|Alexa Pierce|Anna Tyler|Samantha Staxx|Vivian Azure|Mia Smiles|Gia Paloma|Alice Kingsnorth|Danica Merci|Bella Bellz|Athena Pleasures|Stacey Foxxx|Viktor Bond|Billy King|Chloe Duval|Ramon Sutra|Marie Washington|Izi Blu Sky|Angel Jackson|Autumn Orchid|Radka Docekalova|Gigi Ferari|Jordan Fleiss|Lori London|Cherrie Rose|Trista Tanner|Mila Jade|Big Dick Nick|Misty Vonage|Morning Star|Claudia LeNoir|Ella Bella|Joanna|Dorothy|Harper|Snixxx Schneider|Kayleigh Cake|Aura|Jason Horne|Niki|Miss Bunny|Frankie Vargas|Stunning Summer|Jenae Kae|Tiffany Hopkins|Angelina Stoli|Claudia Marie|Bella Nikole Black|Gem Jewels|Jezebeth|Lucy Diamond|Cat D.|Aisha Sun|Jessyca Wild|Ai Xi|Candice Coxx|Crystal P|Sadie Swede|Matt Cash|Jezebel Dahl|Valerie Kay|Sea J. Raw|Mina Thorne|Cara Saint Germain|Callie Dee|Alex De La Flor|Layla Rivera|Mya Mays|Simone Schiffer|Gisselle|Jazzmin Starr|Hope Harper|Jean Michaels|Kate Alton|Leah Layz|Emmanuelle London|Lexi Ward|Tegan Riley|Natasha Vega|J Love|Megan Vaughn|Misty Caitlin|Nikki Venom|Carlita Ray|Taylor Daye|Alex Isadora|Reya|Nikki Wood|Olivia Luxe|Allie Falls|Tokyo Lynn|Abby Somers|Ginger Monroe|Kaya Knight|Shay Smiles|Angel Ann|Tasha Bloom|Selene Love|Adrian|Madelyn Spark|Priscila Belini|Summer Stevens|Beverly Hillson|Sammi Summers|Riley Rose|Anna Kolba|Aluni|Ember Dixen|Luci Foxxx|Indra|Rose Jane|Meagan Moore|Dre Strong|Vegas Frenchy|Britney|Brandi Johnson|Heath Austin|Amy Lynne|Mark Rockwell|Zoe Voss|Joe Blow|Mark Anthony|Tone Capone|Wade Hardman|Steve James|Jessica Drake|Kyle Stone|Vin Deacon|Tee Reel|Brianna Ray|Molly Cavalli|Jasmine Wolff|Liam Lorde|Briana Banderas|Kenzie Madison|Alona Bloom|Taylor Wild|Violet Voss|Melztube|Slim Dark|Taylor Upton|Victoria Malfoy|Brooke Barclays|Natalee Shy|Kelly|April Vixxi|Gracie Monroe|Kitty Kat Texas|Khloe Mendosa|Baby Gemini|Remy Rune|Kendra Lee Ryan|Suzanne Ferrari|Reese Robbins|Riley Jean|Sidra Sage|Cameron Skye|Scott Stone|Chris Marxxx|Mia Kay|Marcelo Slave|Don Prince|Davin Strong|Danny Ocean|Aden Andrews|Delilah Cass|Branden Richards|CC Doll|Hydii May|Cass Woodland|Dirty Gunther|Koko Blond|Frank Jones|Simon Best|Gia Baweric|Rudy Valentino|Miranda Steel|Gerasim Spartak|Ameli Monk|Peter P|Eveline Magic|Luky Kolac|Jambie King|Tomas Dolnak|Tabitha Poison|Nensi Fox|Chris Sandoval|Steve Rickz|Mia Martinez|They Love Flaxk|Artemisia Love|Daisie Belle|Kelly Caprice|Kyle Aziani|Randy Denmark|Nacho Vegas|Rico Reyes|Tony Brooklyn|Larry Steel|Eric Tomfor|Mark Longwood|Oscar Batty|Jeniffer|Aleksandra Mink|Belinda Bee|Rita Black|Martin Bobes|Denis|Lupe Burnett|Erik Hard|Stefan Nikita|Amber Kawaii|Daviss de Vil|Maya Matthews|Nina|Lochai|Riley James|Vinny Tesoro|Kaleb Bell|Russel West|Jason Moore|CK Washington|Christian Parker|Ani Blackfox|Bruno SX|D Ruff|Barbie Dracula|Estrella|Darnell Black|Joachim Kessef|Jak Knife|Sami Parker|Virgo Peridot|Daniel Archer|Luc B|Tony Rope|Mercedes Lynn|Mz Kim|Jayde Kalipso|Melody Mynx|Billie Jean Austin|Pavel Terrier|Megan Inky|Peter North|Peter King|Tony Eveready|Nick Vargas|Britney Rose|Andrea Kelly|Jenner|Jason Maze|Jak Palmer|Jill Palmer|Sarah Lace|Betty Foxxx|Cristi Ann|Manda Moxxi|Lucky B|Mazzaratie Monica|Slave Fluffy|Goddess Sandra|Mia Taylor|Willie|Jason Maclane|Jamie Gillis|Mike|Kanada|Neil|Joey Sommers|Ivy Red|Jarod|Billy Budd|Top James|Franco|Billy Wild|Charlie Hustle|Marc Bowman|Michael|Chocolate Luv|J|Reggie Yee|Michael J Cox|Rusty Rockspring|John|Nick Nite|Venus|Subgriff|Richie Rennt|Dennis Lee|Lena Ramon|Bob Crane|Slave|Daemon|Mistress Heart|Jamie|Keith Berlin|Carly|Tony lee|Ian Frost|Bigdick Painslut|Sebastian|Robert Alan|Mark|Wolf Lotus|Mr. N|Maximus|Mallory Knots|Nash|Gavin|Plew|Lakko|Ken Sleazy|Kitty McMuffin|Venus May|Rok|Tungboy|Sylviana|SubDivideMe|Kyla King|Frank Stone|Dane Raiden|Jon|Ricosf|Mr. Eth|Alex Divine|Nick Jacobs|Damien|Nathaniel Meadowlark|Bridgett Harrington|Tyla Wynn|Mistress Aradia|Pussybottomboy|Kavika|Knox|Sterling Ward|Sir C|Lydia McLane|Rox|Alice Sadique|Rita Faltoyano|Phantom|Sil|Rob Armory|Beau Meadows|Stacey Cash|Steve O|Rick Hunt|Kitten|CJ Seven|Anthony|Nikki Nievez|Christopher Zale|Tao Jonz|Dak Ramsey|Jeff Sinclaire|Max Tibbs|Julie Night|Julian Fornatora|Jake Corwin|Casper Cox|Ryan Knox|Kylee Reese|Max Powers|Le Rock|Curt Wooster|Johnny Law|Patrick Andraste|Daphne Rosen|Alexis Golden|Chad Rock|Simone Kross|Alrik Angel|Jason Miller|Rusty Stevens|Tahiti Boy|Derrick Paul|Brian Mayor|Sky Burn|Eddy|Kimberlee Cline|CJ Diamante|Omar Williams|Jessie Zane|Sz|Sadie Blair|Donatello Devine|Melony Melons|Leo Malone|Crystal Taylor|Jenna Noelle|Lacy Tate|Alexa Vega|Poppy Morgan|Mr. POV|Damon James|Billy Watson|Mike Stud|Amber Lynn Bach|Bibi Noel|Bianca Burke|Mike Avery|Ben Dylan|Edyn Blair|Alice Hernandez|Rodney Moore|Doll Breaka|Cee Jayy|Jayden Cox|Alana Rains|Sara Jaymes|Cierra Bell|Anita Blanche|Allen Swift|Carlos Dickinson|DFW Knight|Aaron Stone|Lizz Tayler|Kristina Bell|Rick Masters|Ruslan Kolesnikov|Stepan|Brick Cummings|Mr Grey|Rock|Kate Quinn|James Bartholet|Magdalene St. Michaels|Kenny Kong|Henry Heston|Brynn Michaels|Angel Santana|Manuel Skye|Dani Blu|Kayleigh Davis|Summer Fox|Calvin Steel|Mr Moore|Adam Grandmaison|Tribal BBC|Ruby Knox|Shea|Alice Electra|Tommy Angelino|Kylie|Cici Anders|Kitty Brat|Peter Winterson|Mr Sweet|Carter James|Danny Luckee|Roxy Cox|Marquetta Jewel|Scott Stark|Jesse Jordan|Maty|Alexa Throat|Charlotte Grey|Janet Mason|Jon Q.|Luna Lain|Shay Laren|Sandra Otterson|Molly Brown|Alita Angel|Alice Shea|Hayli Sanders|Ron Jeremy|Jessica Heart|Hadley Haze|Luka Hardon|Cherry Candle|Martin Gun|Sergio Lagos|Baby Kxtten|Tommy Wood|Paola Hard|Ellie Luna|Esluna Love|Curved Marvin|Xander X|Kama Oxi|Miss Kataleya|Amelia Riven|Ryana|Falco White|Devils Kos|Anton Glider|Jess West|Nina Leigh|Sasha Steele|Bianka Brill|Seth Strong|Jasmine Sinclair|Rok 5662|Dee Siren|Wayne Siren|Kate|Paul Stalker|FitWife Jewels|Heidi Haze|Krystal Davis|Sadie Andrews|Angel Grand|Billy Raw|Bishop Kane|Brock Hardesty|Chocolatebeast|Chris Getz|Coal Daniels|Hothubbypov|Jay Blak|Kenny Kumshot|Mrtjclean|Robb Nation|Leana Maliko|Janay 59|Katee V|Barbara|Isla ID1355|Blair Summers|Lonnie ID977|Tara Morgan|Alina Voss|Becca Blair|Violet Moonshine|Lacee Rose|Summer Kline|JoJo Austin|Sage Roux|Liora Vane|Amira Mae|Vivienne Vo|Leo Valentino|Serena Nikki|Scarlett Gushes|Amber Starla|Lacy Solar|Kitty Monroe|London Lavish|Aries Adore|Sapphire Rose|Eva Rojas|Dace|Winter Walker|Amber Maddie|Scarlette Moon|Nicole Vaunt|Penelope Reed|Hope Blaise|Magenta Lexx|Alixx Amour|Jessie Belle|Miss Sally|Peach Lollypop|Ivy Mayhem|Tara Blackwell|Teddy Tarantino|Eva Tender|Kwini Kim|Ohana Petite|Dude22|HiYouth|Mira Wair|Sara Bork|Pretty Mary|Sylvia Wise|Ashley Tee|Kubera Fortuna|Boni|Wendy Raine|Laruna Mave|Veronika Charm|Mia Stone|Utmost Restraint|Kleo|Leo|Aleks Sam|Marco Nero|Tony Tigrao|Gabe Delight|Lykos Lobo|Erick Frei|Jeremie|Rebeca Villar|Natasha Rios|Little Maly|Black Line|Ed Junior|Axel Angelise|Yenifer Chacon|Ayumi Shinoda|Ariel Storm|Tara Knightly|Nena Linda|Tami White|Shylar Cobi|Gus|Samantha|Shaun|Elania XOXO|Jenna Madison|Lucy Mochi|Ashlynn Taylor|Ali Jones|Harper Maddoxx|Bruce Williams|Lola Rose|Raylan Franco|Lucy Mendez|Lory Lace|Shantelley Lace|Kate Vixen|Crystal Rave|Ava Amira|Ellie Murphy|Joey Avalon|Bradley Coocher|Cassie Lenoir|Nadia Newton|Skylar Squirts|Tony Orlando|Misty Quinn|Petra Blair|The Bitch Wife|Pauly Harker|Buddy Davis|Emily Eve|Sara Monroe|Teagan Summers|Rebecca Blue|Kiara Diane|Amy Anderssen|Pierre Woodman|Amuse De Bauche|Amelie Pure|Summer Breeze|Juicy Pearl|Ryan Bones|La Petite Blonde|Nick Steel|Olivia Blu|Paisley Osiris|Sabrisse|Selvaggia|Amandha Fox|Nikki Anne|Dragon Lily|Princess Rae|Ashley Jane|Totaleurosex 10565|Jai Morae|Abby Charles|Miyuki Son|Lola|Hellen V|Monika Wild|Henna Ssy|Freya Dee|Roxy Lips|Lola Taylor|Sonia Seine|Valentine Baxton|Angel B|Sonia Anglada|Michelle|Nicole|Alina|Eva|Katy|Victoria|Eva de Vil|Mary|Angie Moon|Christian Dean|Camille Oceana|Sherry Vine|Pink Charlotte|Anita Teen|Hannah Vivienne|Anya Akulova|Ana Spears|Cate Holiday|Isabel Love|Tony Marzo|Casey Conrad|Angel Ramiraz|James Hardon|Island Boy|Amone Bane|Devilshots Facials|Chi Chi Medina|Sadie Kennedy|Brianna Dymond|Julia Robbie|Lao Latina|Aurora Fox|Bliss Lei|Satine Summers|Isla Wild|Luna Angel|Melody Clark|Alara|Alexia Holy|Chris Sterling|Aubree Blair|Raven Thick|Naomi Ryder|Hayley Jane|Gatita Veve|Alice Drake|Derel Kage|Numi Zarah|Nicola Morena|Christy Ley|Ellie Shoule|Kaitlyn Katsaros|Kiki Daniels|Girthmasterr|Booty Latina|April Bigass|Jazmine White|Marie Fox|Sub Girl 811626|Naiomi Mae|My Cookie Jar|Missa Mars|Mandi Rose|Sydney Davis|Mitzi X|Jaxxon Bold|Terry Bangz|Cici Wild|Jasmine June|Jessica Aaren|Samantha Bang|Briley Alyssa|Allie Paige|Eric Dikkersun|Charli Rose|Zarina Noir|Ashley Renee|Sinnye|Amythest Stone|Ashley Blue|Jasmine Lynn|Marc Cummings|Marty Romano|Trent Tesoro|Tyler Wood|Heidi Neiss|Jordan Lee|Lori Peacock|Natasha Marie|Dave Hardman|Mickey G|Nick Night|Rod Fontana|Shawn Ricks|Alysson Sterling|Dave March|Dom Jordan|Jenna|Georgia James|Kara Hartley|Taylor Patrick|Rossa Vax|Gail Westyles|Wes|Allysin Chaynes|Anastasia Blue|Bunny Luv|Cassidey Rae|Cherry Chase|Dayton Rains|Frank Thring|Herschel Savage|Hayley Jayde|Jackie Ashe|Kaylee Sanchez|Diana Gold|Diana Lion|Elektra Angels|Jamie Brooks|Justine Ashley|Katy Caro|Priva Rey|Athena Heart|Lani Rivers|Camila Palmer|Duncan Sheen|Lucky Bee|Justice Nice|Emojizz|April Paisley|Abby Cox|Maddie May|Jenna Vive|Lando Ryder|Kiss Patricia|Kitty Carrera|Ann Joy|Helina Dream|Samantha Rouge|Lexi Victoria|Lina Babyface|Violet Clarke|Honey Bee|Hazy|Thalia Rhea|Graycee Baybee|Kell Fire|Lily Winters|Serafina Sky|Roman Raw|Jasko Fide|Fayah|Dani Marco|Rita Blue|Justina|Delfine Dahlia|Juan|Tia Tilton|Erica Boyer|Sandra Scream|Victoria Rush|Antonio Saint,,,,,,,,,,,,"ANY of 3,569 performers with 1-4 post-JAV scenes (materialized snapshot; zero-post-JAV performers excluded)",jw:v1:special:rare-performers,,,,
266,Married IRL,tag_spotlight,3853,18.981,ALL,4721,THEME: Married IRL,ANY,9320,JAV,,,,,,,,,,,,,,,"canonical THEME tag, 3853 scenes",jw:v1:tag:4721,,,,
267,23-29 (M),tag_spotlight,3558,17.528,ALL,7666,AGE: 23-29 (M),ANY,9320,JAV,,,,,,,,,,,,,,,"canonical AGE tag, 3558 scenes",jw:v1:tag:7666,,,,
268,30-39 (F),tag_spotlight,4668,22.996,ALL,7674,AGE: 30-39 (F),ANY,9320,JAV,,,,,,,,,,,,,,,"canonical AGE tag, 4668 scenes",jw:v1:tag:7674,,,,
269,40-49 (M),tag_spotlight,3718,18.316,ALL,7680,AGE: 40-49 (M),ANY,9320,JAV,,,,,,,,,,,,,,,"canonical AGE tag, 3718 scenes",jw:v1:tag:7680,,,,
270,40-49 (F),tag_spotlight,983,4.843,ALL,7681,AGE: 40-49 (F),ANY,9320,JAV,,,,,,,,,,,,,,,"canonical AGE tag, 983 scenes",jw:v1:tag:7681,,,,
271,50-59 (M),tag_spotlight,813,4.005,ALL,7687,AGE: 50-59 (M),ANY,9320,JAV,,,,,,,,,,,,,,,"canonical AGE tag, 813 scenes",jw:v1:tag:7687,,,,
272,1U,tag_spotlight,109,0.537,ALL,7778,CAST: 1U,ANY,9320,JAV,,,,,,,,,,,,,,,"canonical CAST tag, 109 scenes",jw:v1:tag:7778,,,,
273,1M,tag_spotlight,34,0.167,ALL,7855,CAST: 1M,ANY,9320,JAV,,,,,,,,,,,,,,,"canonical CAST tag, 34 scenes",jw:v1:tag:7855,,,,
274,1M1F,tag_spotlight,12279,60.491,ALL,7876,CAST: 1M1F,ANY,9320,JAV,,,,,,,,,,,,,,,"canonical CAST tag, 12279 scenes",jw:v1:tag:7876,,,,
275,2M1F,tag_spotlight,757,3.729,ALL,7889,CAST: 2M1F,ANY,9320,JAV,,,,,,,,,,,,,,,"canonical CAST tag, 757 scenes",jw:v1:tag:7889,,,,
276,Black Male,tag_spotlight,1856,9.143,ALL,7897,DEMO: Black Male,ANY,9320,JAV,,,,,,,,,,,,,,,"canonical DEMO tag, 1856 scenes",jw:v1:tag:7897,,,,
277,Latin Male,tag_spotlight,1109,5.463,ALL,7910,DEMO: Latin Male,ANY,9320,JAV,,,,,,,,,,,,,,,"canonical DEMO tag, 1109 scenes",jw:v1:tag:7910,,,,
278,Latin Female,tag_spotlight,2682,13.212,ALL,7911,DEMO: Latin Female,ANY,9320,JAV,,,,,,,,,,,,,,,"canonical DEMO tag, 2682 scenes",jw:v1:tag:7911,,,,
279,Mixed Male,tag_spotlight,1082,5.330,ALL,7938,DEMO: Mixed Male,ANY,9320,JAV,,,,,,,,,,,,,,,"canonical DEMO tag, 1082 scenes",jw:v1:tag:7938,,,,
280,Mixed Female,tag_spotlight,723,3.562,ALL,7939,DEMO: Mixed Female,ANY,9320,JAV,,,,,,,,,,,,,,,"canonical DEMO tag, 723 scenes",jw:v1:tag:7939,,,,
281,Blowjob,tag_spotlight,12351,60.845,ALL,7977,ACT: Blowjob,ANY,9320,JAV,,,,,,,,,,,,,,,"canonical ACT tag, 12351 scenes",jw:v1:tag:7977,,,,
282,Cunnilingus,tag_spotlight,7317,36.046,ALL,7978,ACT: Cunnilingus,ANY,9320,JAV,,,,,,,,,,,,,,,"canonical ACT tag, 7317 scenes",jw:v1:tag:7978,,,,
283,Titjob,tag_spotlight,1884,9.281,ALL,7980,ACT: Titjob,ANY,9320,JAV,,,,,,,,,,,,,,,"canonical ACT tag, 1884 scenes",jw:v1:tag:7980,,,,
284,Fingering,tag_spotlight,4398,21.666,ALL,7981,ACT: Fingering,ANY,9320,JAV,,,,,,,,,,,,,,,"canonical ACT tag, 4398 scenes",jw:v1:tag:7981,,,,
285,Masturbation,tag_spotlight,2299,11.326,ALL,7982,ACT: Masturbation,ANY,9320,JAV,,,,,,,,,,,,,,,"canonical ACT tag, 2299 scenes",jw:v1:tag:7982,,,,
286,Squirting,tag_spotlight,1074,5.291,ALL,7983,ACT: Squirting,ANY,9320,JAV,,,,,,,,,,,,,,,"canonical ACT tag, 1074 scenes",jw:v1:tag:7983,,,,
287,Cumshot - face,tag_spotlight,6964,34.307,ALL,7986,ACT: Cumshot - face,ANY,9320,JAV,,,,,,,,,,,,,,,"canonical ACT tag, 6964 scenes",jw:v1:tag:7986,,,,
288,Cumshot - body,tag_spotlight,2492,12.276,ALL,7988,ACT: Cumshot - body,ANY,9320,JAV,,,,,,,,,,,,,,,"canonical ACT tag, 2492 scenes",jw:v1:tag:7988,,,,
289,Cumshot - internal,tag_spotlight,1694,8.345,ALL,7989,ACT: Cumshot - internal,ANY,9320,JAV,,,,,,,,,,,,,,,"canonical ACT tag, 1694 scenes",jw:v1:tag:7989,,,,
290,DP,tag_spotlight,578,2.847,ALL,7990,ACT: DP,ANY,9320,JAV,,,,,,,,,,,,,,,"canonical ACT tag, 578 scenes",jw:v1:tag:7990,,,,
291,Sex toys,tag_spotlight,2121,10.449,ALL,7991,ACT: Sex toys,ANY,9320,JAV,,,,,,,,,,,,,,,"canonical ACT tag, 2121 scenes",jw:v1:tag:7991,,,,
292,Grinding,tag_spotlight,475,2.340,ALL,7992,ACT: Grinding,ANY,9320,JAV,,,,,,,,,,,,,,,"canonical ACT tag, 475 scenes",jw:v1:tag:7992,,,,
293,Ass-to-mouth,tag_spotlight,2090,10.296,ALL,7993,ACT: Ass-to-mouth,ANY,9320,JAV,,,,,,,,,,,,,,,"canonical ACT tag, 2090 scenes",jw:v1:tag:7993,,,,
294,Fisting,tag_spotlight,174,0.857,ALL,7994,ACT: Fisting,ANY,9320,JAV,,,,,,,,,,,,,,,"canonical ACT tag, 174 scenes",jw:v1:tag:7994,,,,
295,Small ass,tag_spotlight,1457,7.178,ALL,7996,BODY: Small ass,ANY,9320,JAV,,,,,,,,,,,,,,,"canonical BODY tag, 1457 scenes",jw:v1:tag:7996,,,,
296,Medium ass,tag_spotlight,2496,12.296,ALL,7997,BODY: Medium ass,ANY,9320,JAV,,,,,,,,,,,,,,,"canonical BODY tag, 2496 scenes",jw:v1:tag:7997,,,,
297,Curvy,tag_spotlight,1143,5.631,ALL,7998,BODY: Curvy,ANY,9320,JAV,,,,,,,,,,,,,,,"canonical BODY tag, 1143 scenes",jw:v1:tag:7998,,,,
298,Hairy,tag_spotlight,1919,9.454,ALL,8001,BODY: Hairy,ANY,9320,JAV,,,,,,,,,,,,,,,"canonical BODY tag, 1919 scenes",jw:v1:tag:8001,,,,
299,Big breasts,tag_spotlight,5279,26.006,ALL,8003,BODY: Big breasts,ANY,9320,JAV,,,,,,,,,,,,,,,"canonical BODY tag, 5279 scenes",jw:v1:tag:8003,,,,
300,Small breasts,tag_spotlight,3027,14.912,ALL,8004,BODY: Small breasts,ANY,9320,JAV,,,,,,,,,,,,,,,"canonical BODY tag, 3027 scenes",jw:v1:tag:8004,,,,
301,Medium breasts,tag_spotlight,1571,7.739,ALL,8005,BODY: Medium breasts,ANY,9320,JAV,,,,,,,,,,,,,,,"canonical BODY tag, 1571 scenes",jw:v1:tag:8005,,,,
302,Augmented breasts,tag_spotlight,2833,13.956,ALL,8006,BODY: Augmented breasts,ANY,9320,JAV,,,,,,,,,,,,,,,"canonical BODY tag, 2833 scenes",jw:v1:tag:8006,,,,
303,Muscular,tag_spotlight,1402,6.907,ALL,8015,BODY: Muscular,ANY,9320,JAV,,,,,,,,,,,,,,,"canonical BODY tag, 1402 scenes",jw:v1:tag:8015,,,,
304,Big dick,tag_spotlight,5932,29.223,ALL,8016,BODY: Big dick,ANY,9320,JAV,,,,,,,,,,,,,,,"canonical BODY tag, 5932 scenes",jw:v1:tag:8016,,,,
305,Uncircumcised,tag_spotlight,1175,5.788,ALL,8017,BODY: Uncircumcised,ANY,9320,JAV,,,,,,,,,,,,,,,"canonical BODY tag, 1175 scenes",jw:v1:tag:8017,,,,
306,Average body,tag_spotlight,1707,8.409,ALL,8019,BODY: Average body,ANY,9320,JAV,,,,,,,,,,,,,,,"canonical BODY tag, 1707 scenes",jw:v1:tag:8019,,,,
307,Step-family,tag_spotlight,703,3.463,ALL,8022,THEME: Step-family,ANY,9320,JAV,,,,,,,,,,,,,,,"canonical THEME tag, 703 scenes",jw:v1:tag:8022,,,,
308,Taboo,tag_spotlight,406,2.000,ALL,8023,THEME: Taboo,ANY,9320,JAV,,,,,,,,,,,,,,,"canonical THEME tag, 406 scenes",jw:v1:tag:8023,,,,
309,Exhibitionism,tag_spotlight,367,1.808,ALL,8025,THEME: Exhibitionism,ANY,9320,JAV,,,,,,,,,,,,,,,"canonical THEME tag, 367 scenes",jw:v1:tag:8025,,,,
310,First time,tag_spotlight,472,2.325,ALL,8029,THEME: First time,ANY,9320,JAV,,,,,,,,,,,,,,,"canonical THEME tag, 472 scenes",jw:v1:tag:8029,,,,
311,Older/younger,tag_spotlight,383,1.887,ALL,8031,THEME: Older/younger,ANY,9320,JAV,,,,,,,,,,,,,,,"canonical THEME tag, 383 scenes",jw:v1:tag:8031,,,,
312,Holiday/seasonal,tag_spotlight,227,1.118,ALL,8032,THEME: Holiday/seasonal,ANY,9320,JAV,,,,,,,,,,,,,,,"canonical THEME tag, 227 scenes",jw:v1:tag:8032,,,,
313,Freeuse,tag_spotlight,38,0.187,ALL,8033,THEME: Freeuse,ANY,9320,JAV,,,,,,,,,,,,,,,"canonical THEME tag, 38 scenes",jw:v1:tag:8033,,,,
314,Reluctance,tag_spotlight,160,0.788,ALL,8034,THEME: Reluctance,ANY,9320,JAV,,,,,,,,,,,,,,,"canonical THEME tag, 160 scenes",jw:v1:tag:8034,,,,
315,Swingers,tag_spotlight,129,0.635,ALL,8035,THEME: Swingers,ANY,9320,JAV,,,,,,,,,,,,,,,"canonical THEME tag, 129 scenes",jw:v1:tag:8035,,,,
316,Office,tag_spotlight,177,0.872,ALL,8041,SET: Office,ANY,9320,JAV,,,,,,,,,,,,,,,"canonical SET tag, 177 scenes",jw:v1:tag:8041,,,,
317,Gym,tag_spotlight,103,0.507,ALL,8045,SET: Gym,ANY,9320,JAV,,,,,,,,,,,,,,,"canonical SET tag, 103 scenes",jw:v1:tag:8045,,,,
318,Club/bar,tag_spotlight,54,0.266,ALL,8046,SET: Club/bar,ANY,9320,JAV,,,,,,,,,,,,,,,"canonical SET tag, 54 scenes",jw:v1:tag:8046,,,,
319,Dungeon,tag_spotlight,111,0.547,ALL,8047,SET: Dungeon,ANY,9320,JAV,,,,,,,,,,,,,,,"canonical SET tag, 111 scenes",jw:v1:tag:8047,,,,
320,School,tag_spotlight,89,0.438,ALL,8049,SET: School,ANY,9320,JAV,,,,,,,,,,,,,,,"canonical SET tag, 89 scenes",jw:v1:tag:8049,,,,
321,Pantyhose,tag_spotlight,125,0.616,ALL,8054,WARD: Pantyhose,ANY,9320,JAV,,,,,,,,,,,,,,,"canonical WARD tag, 125 scenes",jw:v1:tag:8054,,,,
322,Bikini,tag_spotlight,397,1.956,ALL,8057,WARD: Bikini,ANY,9320,JAV,,,,,,,,,,,,,,,"canonical WARD tag, 397 scenes",jw:v1:tag:8057,,,,
323,Uniform,tag_spotlight,371,1.828,ALL,8058,WARD: Uniform,ANY,9320,JAV,,,,,,,,,,,,,,,"canonical WARD tag, 371 scenes",jw:v1:tag:8058,,,,
324,Latex/leather,tag_spotlight,519,2.557,ALL,8059,WARD: Latex/leather,ANY,9320,JAV,,,,,,,,,,,,,,,"canonical WARD tag, 519 scenes",jw:v1:tag:8059,,,,
325,Glasses,tag_spotlight,437,2.153,ALL,8060,WARD: Glasses,ANY,9320,JAV,,,,,,,,,,,,,,,"canonical WARD tag, 437 scenes",jw:v1:tag:8060,,,,
326,Barefoot,tag_spotlight,475,2.340,ALL,8061,WARD: Barefoot,ANY,9320,JAV,,,,,,,,,,,,,,,"canonical WARD tag, 475 scenes",jw:v1:tag:8061,,,,
327,Casual,tag_spotlight,2450,12.070,ALL,8062,WARD: Casual,ANY,9320,JAV,,,,,,,,,,,,,,,"canonical WARD tag, 2450 scenes",jw:v1:tag:8062,,,,
328,Business,tag_spotlight,325,1.601,ALL,8063,WARD: Business,ANY,9320,JAV,,,,,,,,,,,,,,,"canonical WARD tag, 325 scenes",jw:v1:tag:8063,,,,
329,Jewelry,tag_spotlight,630,3.104,ALL,8064,WARD: Jewelry,ANY,9320,JAV,,,,,,,,,,,,,,,"canonical WARD tag, 630 scenes",jw:v1:tag:8064,,,,
330,Choking/breath,tag_spotlight,542,2.670,ALL,8069,KINK: Choking/breath,ANY,9320,JAV,,,,,,,,,,,,,,,"canonical KINK tag, 542 scenes",jw:v1:tag:8069,,,,
331,Nipple torment,tag_spotlight,273,1.345,ALL,8071,KINK: Nipple torment,ANY,9320,JAV,,,,,,,,,,,,,,,"canonical KINK tag, 273 scenes",jw:v1:tag:8071,,,,
332,Electro play,tag_spotlight,193,0.951,ALL,8072,KINK: Electro play,ANY,9320,JAV,,,,,,,,,,,,,,,"canonical KINK tag, 193 scenes",jw:v1:tag:8072,,,,
333,Pegging,tag_spotlight,352,1.734,ALL,8075,KINK: Pegging,ANY,9320,JAV,,,,,,,,,,,,,,,"canonical KINK tag, 352 scenes",jw:v1:tag:8075,,,,
334,CBT,tag_spotlight,359,1.769,ALL,8076,KINK: CBT,ANY,9320,JAV,,,,,,,,,,,,,,,"canonical KINK tag, 359 scenes",jw:v1:tag:8076,,,,
335,Wax/temperature,tag_spotlight,45,0.222,ALL,8077,KINK: Wax/temperature,ANY,9320,JAV,,,,,,,,,,,,,,,"canonical KINK tag, 45 scenes",jw:v1:tag:8077,,,,
336,Watersports,tag_spotlight,94,0.463,ALL,8078,KINK: Watersports,ANY,9320,JAV,,,,,,,,,,,,,,,"canonical KINK tag, 94 scenes",jw:v1:tag:8078,,,,
337,Large insertion,tag_spotlight,108,0.532,ALL,8079,KINK: Large insertion,ANY,9320,JAV,,,,,,,,,,,,,,,"canonical KINK tag, 108 scenes",jw:v1:tag:8079,,,,
338,Sensory deprivation,tag_spotlight,363,1.788,ALL,8080,KINK: Sensory deprivation,ANY,9320,JAV,,,,,,,,,,,,,,,"canonical KINK tag, 363 scenes",jw:v1:tag:8080,,,,
339,Pet play,tag_spotlight,33,0.163,ALL,8082,KINK: Pet play,ANY,9320,JAV,,,,,,,,,,,,,,,"canonical KINK tag, 33 scenes",jw:v1:tag:8082,,,,
340,Gonzo,tag_spotlight,6510,32.071,ALL,8083,PROD: Gonzo,ANY,9320,JAV,,,,,,,,,,,,,,,"canonical PROD tag, 6510 scenes",jw:v1:tag:8083,,,,
341,Compilation,tag_spotlight,77,0.379,ALL,8087,PROD: Compilation,ANY,9320,JAV,,,,,,,,,,,,,,,"canonical PROD tag, 77 scenes",jw:v1:tag:8087,,,,
342,Reality,tag_spotlight,397,1.956,ALL,8089,PROD: Reality,ANY,9320,JAV,,,,,,,,,,,,,,,"canonical PROD tag, 397 scenes",jw:v1:tag:8089,,,,
343,Bukkake,tag_spotlight,277,1.365,ALL,8668,ACT: Bukkake,ANY,9320,JAV,,,,,,,,,,,,,,,"canonical ACT tag, 277 scenes",jw:v1:tag:8668,,,,
344,Oiled,tag_spotlight,1041,5.128,ALL,8669,BODY: Oiled,ANY,9320,JAV,,,,,,,,,,,,,,,"canonical BODY tag, 1041 scenes",jw:v1:tag:8669,,,,
345,Sci-fi/Fantasy,tag_spotlight,43,0.212,ALL,9575,THEME: Sci-fi/Fantasy,ANY,9320,JAV,,,,,,,,,,,,,,,"canonical THEME tag, 43 scenes",jw:v1:tag:9575,,,,
346,Wedding,tag_spotlight,34,0.167,ALL,9576,THEME: Wedding,ANY,9320,JAV,,,,,,,,,,,,,,,"canonical THEME tag, 34 scenes",jw:v1:tag:9576,,,,
347,Medical,tag_spotlight,58,0.286,ALL,9580,KINK: Medical,ANY,9320,JAV,,,,,,,,,,,,,,,"canonical KINK tag, 58 scenes",jw:v1:tag:9580,,,,
348,Rough sex,tag_spotlight,99,0.488,ALL,9581,KINK: Rough sex,ANY,9320,JAV,,,,,,,,,,,,,,,"canonical KINK tag, 99 scenes",jw:v1:tag:9581,,,,
349,Softcore,tag_spotlight,27,0.133,ALL,9583,PROD: Softcore,ANY,9320,JAV,,,,,,,,,,,,,,,"canonical PROD tag, 27 scenes",jw:v1:tag:9583,,,,
350,Roleplay (no Narrative),tag_include_exclude,1101,5.424,ALL,8026,THEME: Roleplay,ANY,8085|9320,PROD: Narrative|JAV,,,,,,,,,,,,,,,locked subtraction channel: THEME: Roleplay minus Narrative,jw:v1:taginex:8026:ex8085,,,,
351,Spanking/impact (no Gonzo),tag_include_exclude,1308,6.444,ALL,8066,KINK: Spanking/impact,ANY,8083|9320,PROD: Gonzo|JAV,,,,,,,,,,,,,,,locked subtraction channel: KINK: Spanking/impact minus Gonzo,jw:v1:taginex:8066:ex8083,,,,
352,Gonzo (no 1M1F),tag_include_exclude,2000,9.853,ALL,8083,PROD: Gonzo,ANY,7876|9320,CAST: 1M1F|JAV,,,,,,,,,,,,,,,locked subtraction channel: PROD: Gonzo minus 1M1F,jw:v1:taginex:8083:ex7876,,,,
353,Narrative (no Gonzo),tag_include_exclude,566,2.788,ALL,8085,PROD: Narrative,ANY,8083|9320,PROD: Gonzo|JAV,,,,,,,,,,,,,,,locked subtraction channel: PROD: Narrative minus Gonzo,jw:v1:taginex:8085:ex8083,,,,
354,Breast play + Living room,tag_pair,265,1.305,ALL,8039|10210,SET: Living room|ACT: Breast play,ANY,9320,JAV,,,,,,,,,,,,,,,"two-tag concept, captures 23% of smaller parent, lift 3.6",jw:v1:tagpair:8039:10210,,,,
355,Married IRL + 1M2F,tag_pair,548,2.700,ALL,4721|7882,THEME: Married IRL|CAST: 1M2F,ANY,9320,JAV,,,,,,,,,,,,,,,"two-tag concept, captures 28% of smaller parent, lift 1.49",jw:v1:tagpair:4721:7882,,,,
356,Group + Orgy,tag_pair,213,1.049,ALL,6188|10214,CAST: Group|THEME: Orgy,ANY,9320,JAV,,,,,,,,,,,,,,,"two-tag concept, captures 61% of smaller parent, lift 9.75",jw:v1:tagpair:6188:10214,,,,
357,1M2F + Facesitting,tag_pair,481,2.370,ALL,7882|10211,CAST: 1M2F|ACT: Facesitting,ANY,9320,JAV,,,,,,,,,,,,,,,"two-tag concept, captures 29% of smaller parent, lift 3.08",jw:v1:tagpair:7882:10211,,,,
358,Vaginal sex + Casual,tag_pair,1109,5.463,ALL,7975|8062,ACT: Vaginal sex|WARD: Casual,ANY,9320,JAV,,,,,,,,,,,,,,,"two-tag concept, captures 45% of smaller parent, lift 2.62",jw:v1:tagpair:7975:8062,,,,
359,Fingering + Married IRL,tag_pair,803,3.956,ALL,4721|7981,THEME: Married IRL|ACT: Fingering,ANY,9320,JAV,,,,,,,,,,,,,,,"two-tag concept, captures 21% of smaller parent, lift 0.96",jw:v1:tagpair:4721:7981,,,,
360,Fingering + Spanking/impact,tag_pair,1628,8.020,ALL,7981|8066,ACT: Fingering|KINK: Spanking/impact,ANY,9320,JAV,,,,,,,,,,,,,,,"two-tag concept, captures 41% of smaller parent, lift 1.91",jw:v1:tagpair:7981:8066,,,,
361,Kissing + 1M2F,tag_pair,672,3.311,ALL,7882|7984,CAST: 1M2F|ACT: Kissing,ANY,9320,JAV,,,,,,,,,,,,,,,"two-tag concept, captures 35% of smaller parent, lift 2.77",jw:v1:tagpair:7882:7984,,,,
362,Kissing + Medium breasts,tag_pair,616,3.035,ALL,7984|8005,ACT: Kissing|BODY: Medium breasts,ANY,9320,JAV,,,,,,,,,,,,,,,"two-tag concept, captures 39% of smaller parent, lift 3.14",jw:v1:tagpair:7984:8005,,,,
363,Cumshot - internal + Taboo,tag_pair,109,0.537,ALL,7989|8023,ACT: Cumshot - internal|THEME: Taboo,ANY,9320,JAV,,,,,,,,,,,,,,,"two-tag concept, captures 27% of smaller parent, lift 3.22",jw:v1:tagpair:7989:8023,,,,
364,Cumshot - internal + POV,tag_pair,247,1.217,ALL,7989|8084,ACT: Cumshot - internal|PROD: POV,ANY,9320,JAV,,,,,,,,,,,,,,,"two-tag concept, captures 22% of smaller parent, lift 2.65",jw:v1:tagpair:7989:8084,,,,
365,Small ass + Outdoor,tag_pair,311,1.532,ALL,7996|8040,BODY: Small ass|SET: Outdoor,ANY,9320,JAV,,,,,,,,,,,,,,,"two-tag concept, captures 26% of smaller parent, lift 3.55",jw:v1:tagpair:7996:8040,,,,
366,Medium ass + Thong,tag_pair,505,2.488,ALL,7997|8055,BODY: Medium ass|WARD: Thong,ANY,9320,JAV,,,,,,,,,,,,,,,"two-tag concept, captures 48% of smaller parent, lift 3.88",jw:v1:tagpair:7997:8055,,,,
367,Athletic + Humiliation,tag_pair,884,4.355,ALL,8000|8068,BODY: Athletic|KINK: Humiliation,ANY,9320,JAV,,,,,,,,,,,,,,,"two-tag concept, captures 43% of smaller parent, lift 3.16",jw:v1:tagpair:8000:8068,,,,
368,Muscular + Amateur,tag_pair,329,1.621,ALL,8015|8086,BODY: Muscular|PROD: Amateur,ANY,9320,JAV,,,,,,,,,,,,,,,"two-tag concept, captures 24% of smaller parent, lift 3.5",jw:v1:tagpair:8015:8086,,,,
369,Average body + Outdoor,tag_pair,383,1.887,ALL,8019|8040,BODY: Average body|SET: Outdoor,ANY,9320,JAV,,,,,,,,,,,,,,,"two-tag concept, captures 31% of smaller parent, lift 3.73",jw:v1:tagpair:8019:8040,,,,
370,Cheating + Thong,tag_pair,322,1.586,ALL,8020|8055,THEME: Cheating|WARD: Thong,ANY,9320,JAV,,,,,,,,,,,,,,,"two-tag concept, captures 30% of smaller parent, lift 4.28",jw:v1:tagpair:8020:8055,,,,
371,Roleplay + Dom/Sub,tag_pair,1050,5.173,ALL,8026|8067,THEME: Roleplay|KINK: Dom/Sub,ANY,9320,JAV,,,,,,,,,,,,,,,"two-tag concept, captures 47% of smaller parent, lift 4.0",jw:v1:tagpair:8026:8067,,,,
372,Roleplay + Narrative,tag_pair,1301,6.409,ALL,8026|8085,THEME: Roleplay|PROD: Narrative,ANY,9320,JAV,,,,,,,,,,,,,,,"two-tag concept, captures 74% of smaller parent, lift 6.23",jw:v1:tagpair:8026:8085,,,,
373,Bedroom + Breast play,tag_pair,353,1.739,ALL,8037|10210,SET: Bedroom|ACT: Breast play,ANY,9320,JAV,,,,,,,,,,,,,,,"two-tag concept, captures 28% of smaller parent, lift 3.84",jw:v1:tagpair:8037:10210,,,,
374,Bedroom + Cheating,tag_pair,359,1.769,ALL,8020|8037,THEME: Cheating|SET: Bedroom,ANY,9320,JAV,,,,,,,,,,,,,,,"two-tag concept, captures 25% of smaller parent, lift 3.46",jw:v1:tagpair:8020:8037,,,,
375,Lingerie + Stockings,tag_pair,755,3.719,ALL,8051|8053,WARD: Lingerie|WARD: Stockings,ANY,9320,JAV,,,,,,,,,,,,,,,"two-tag concept, captures 47% of smaller parent, lift 3.59",jw:v1:tagpair:8051:8053,,,,
376,Real Wife Stories: The Plot Factory,studio_spotlight,756,3.724,,,,ANY,9320,JAV,,,,,,,ANY,60,Real Wife Stories,,,,"NONE_TAGS(""JAV"") AND ANY_STUDIOS(""Real Wife Stories"")",,"hierarchical network/studio, 756 post-JAV scenes",376|Real Wife Stories: The Plot Factory,,,,
377,Tushy: Approved by Absolutely Nobody,studio_spotlight,589,2.902,,,,ANY,9320,JAV,,,,,,,ANY,3,Tushy,,,,"NONE_TAGS(""JAV"") AND ANY_STUDIOS(""Tushy"")",,"hierarchical network/studio, 589 post-JAV scenes",377|Tushy: Approved by Absolutely Nobody,,,,
378,Jules Jordan: The Late-Night Department,studio_spotlight,569,2.803,,,,ANY,9320,JAV,,,,,,,ANY,12,Jules Jordan,,,,"NONE_TAGS(""JAV"") AND ANY_STUDIOS(""Jules Jordan"")",,"hierarchical network/studio, 569 post-JAV scenes",378|Jules Jordan: The Late-Night Department,,,,
379,"Vixen: House Rules, House Exceptions",studio_spotlight,534,2.631,,,,ANY,9320,JAV,,,,,,,ANY,460,Vixen,,,,"NONE_TAGS(""JAV"") AND ANY_STUDIOS(""Vixen"")",,"hierarchical network/studio, 534 post-JAV scenes","379|Vixen: House Rules, House Exceptions",,,,
380,Heels + Average body,tag_pair,587,2.892,ALL,8019|8052,BODY: Average body|WARD: Heels,ANY,9320,JAV,,,,,,,,,,,,,,,"two-tag concept, captures 34% of smaller parent, lift 3.34",jw:v1:tagpair:8019:8052,,,,
381,Passion HD: The Production Meeting,studio_spotlight,463,2.281,,,,ANY,9320,JAV,,,,,,,ANY,219,Passion HD,,,,"NONE_TAGS(""JAV"") AND ANY_STUDIOS(""Passion HD"")",,"hierarchical network/studio, 463 post-JAV scenes",381|Passion HD: The Production Meeting,,,,
382,Deeper: The Never-Ending Pilot,studio_spotlight,435,2.143,,,,ANY,9320,JAV,,,,,,,ANY,683,Deeper,,,,"NONE_TAGS(""JAV"") AND ANY_STUDIOS(""Deeper"")",,"hierarchical network/studio, 435 post-JAV scenes",382|Deeper: The Never-Ending Pilot,,,,
383,Brazzers Exxtra: Quality Time Control,studio_spotlight,433,2.133,,,,ANY,9320,JAV,,,,,,,ANY,72,Brazzers Exxtra,,,,"NONE_TAGS(""JAV"") AND ANY_STUDIOS(""Brazzers Exxtra"")",,"hierarchical network/studio, 433 post-JAV scenes",383|Brazzers Exxtra: Quality Time Control,,,,
384,New Sensations: The Streaming Committee,studio_spotlight,1048,5.163,,,,ANY,9320,JAV,,,,,,,ANY,76,New Sensations,,,,"NONE_TAGS(""JAV"") AND ANY_STUDIOS(""New Sensations"")",,"hierarchical network/studio, 1048 post-JAV scenes",384|New Sensations: The Streaming Committee,,,,
385,The Upper Floor: Not Your Local News,studio_spotlight,389,1.916,,,,ANY,9320,JAV,,,,,,,ANY,512,The Upper Floor,,,,"NONE_TAGS(""JAV"") AND ANY_STUDIOS(""The Upper Floor"")",,"hierarchical network/studio, 389 post-JAV scenes",385|The Upper Floor: Not Your Local News,,,,
386,RK Prime: The Unofficial Afterparty,studio_spotlight,381,1.877,,,,ANY,9320,JAV,,,,,,,ANY,241,RK Prime,,,,"NONE_TAGS(""JAV"") AND ANY_STUDIOS(""RK Prime"")",,"hierarchical network/studio, 381 post-JAV scenes",386|RK Prime: The Unofficial Afterparty,,,,
387,Men In Pain: Script Pending,studio_spotlight,368,1.813,,,,ANY,9320,JAV,,,,,,,ANY,2282,Men In Pain,,,,"NONE_TAGS(""JAV"") AND ANY_STUDIOS(""Men In Pain"")",,"hierarchical network/studio, 368 post-JAV scenes",387|Men In Pain: Script Pending,,,,
388,Casting Couch X: Channel Surfing Hazard,studio_spotlight,343,1.690,,,,ANY,9320,JAV,,,,,,,ANY,211,Casting Couch X,,,,"NONE_TAGS(""JAV"") AND ANY_STUDIOS(""Casting Couch X"")",,"hierarchical network/studio, 343 post-JAV scenes",388|Casting Couch X: Channel Surfing Hazard,,,,
389,"Pure Taboo: Prime Time, Questionable Timing",studio_spotlight,343,1.690,,,,ANY,9320,JAV,,,,,,,ANY,452,Pure Taboo,,,,"NONE_TAGS(""JAV"") AND ANY_STUDIOS(""Pure Taboo"")",,"hierarchical network/studio, 343 post-JAV scenes","389|Pure Taboo: Prime Time, Questionable Timing",,,,
390,The White Boxxx: All Hands Off the Remote,studio_spotlight,313,1.542,,,,ANY,9320,JAV,,,,,,,ANY,1062,The White Boxxx,,,,"NONE_TAGS(""JAV"") AND ANY_STUDIOS(""The White Boxxx"")",,"hierarchical network/studio, 313 post-JAV scenes",390|The White Boxxx: All Hands Off the Remote,,,,
391,Tushy Raw: The Talent Department,studio_spotlight,305,1.503,,,,ANY,9320,JAV,,,,,,,ANY,591,Tushy Raw,,,,"NONE_TAGS(""JAV"") AND ANY_STUDIOS(""Tushy Raw"")",,"hierarchical network/studio, 305 post-JAV scenes",391|Tushy Raw: The Talent Department,,,,
392,Evil Angel: The Credits Can Wait,studio_spotlight,331,1.631,,,,ANY,9320,JAV,,,,,,,ANY,7,Evil Angel,,,,"NONE_TAGS(""JAV"") AND ANY_STUDIOS(""Evil Angel"")",,"hierarchical network/studio, 331 post-JAV scenes",392|Evil Angel: The Credits Can Wait,,,,
393,Elegant Angel: Remote Control Issues,studio_spotlight,276,1.360,,,,ANY,9320,JAV,,,,,,,ANY,88,Elegant Angel,,,,"NONE_TAGS(""JAV"") AND ANY_STUDIOS(""Elegant Angel"")",,"hierarchical network/studio, 276 post-JAV scenes",393|Elegant Angel: Remote Control Issues,,,,
394,Sex and Submission: The Binge Bureau,studio_spotlight,252,1.241,,,,ANY,9320,JAV,,,,,,,ANY,132,Sex and Submission,,,,"NONE_TAGS(""JAV"") AND ANY_STUDIOS(""Sex and Submission"")",,"hierarchical network/studio, 252 post-JAV scenes",394|Sex and Submission: The Binge Bureau,,,,
395,Premium Bukkake: The Rerun Situation,studio_spotlight,246,1.212,,,,ANY,9320,JAV,,,,,,,ANY,2539,Premium Bukkake,,,,"NONE_TAGS(""JAV"") AND ANY_STUDIOS(""Premium Bukkake"")",,"hierarchical network/studio, 246 post-JAV scenes",395|Premium Bukkake: The Rerun Situation,,,,
396,Private Society: The Plot Factory,studio_spotlight,199,0.980,,,,ANY,9320,JAV,,,,,,,ANY,1371,Private Society,,,,"NONE_TAGS(""JAV"") AND ANY_STUDIOS(""Private Society"")",,"hierarchical network/studio, 199 post-JAV scenes",396|Private Society: The Plot Factory,,,,
397,HotwifeXXX: Approved by Absolutely Nobody,studio_spotlight,193,0.951,,,,ANY,9320,JAV,,,,,,,ANY,272,HotwifeXXX,,,,"NONE_TAGS(""JAV"") AND ANY_STUDIOS(""HotwifeXXX"")",,"hierarchical network/studio, 193 post-JAV scenes",397|HotwifeXXX: Approved by Absolutely Nobody,,,,
398,Heels + Cheating,tag_pair,487,2.399,ALL,8020|8052,THEME: Cheating|WARD: Heels,ANY,9320,JAV,,,,,,,,,,,,,,,"two-tag concept, captures 34% of smaller parent, lift 3.27",jw:v1:tagpair:8020:8052,,,,
399,"Shane Diesel XXX: House Rules, House Exceptions",studio_spotlight,184,0.906,,,,ANY,9320,JAV,,,,,,,ANY,1129,Shane Diesel XXX,,,,"NONE_TAGS(""JAV"") AND ANY_STUDIOS(""Shane Diesel XXX"")",,"hierarchical network/studio, 184 post-JAV scenes","399|Shane Diesel XXX: House Rules, House Exceptions",,,,
400,Fucked And Bound: Where the Budget Went,studio_spotlight,175,0.862,,,,ANY,9320,JAV,,,,,,,ANY,505,Fucked And Bound,,,,"NONE_TAGS(""JAV"") AND ANY_STUDIOS(""Fucked And Bound"")",,"hierarchical network/studio, 175 post-JAV scenes",400|Fucked And Bound: Where the Budget Went,,,,
401,Sinful XXX: The Production Meeting,studio_spotlight,172,0.847,,,,ANY,9320,JAV,,,,,,,ANY,1060,Sinful XXX,,,,"NONE_TAGS(""JAV"") AND ANY_STUDIOS(""Sinful XXX"")",,"hierarchical network/studio, 172 post-JAV scenes",401|Sinful XXX: The Production Meeting,,,,
402,Big Naturals: The Never-Ending Pilot,studio_spotlight,171,0.842,,,,ANY,9320,JAV,,,,,,,ANY,491,Big Naturals,,,,"NONE_TAGS(""JAV"") AND ANY_STUDIOS(""Big Naturals"")",,"hierarchical network/studio, 171 post-JAV scenes",402|Big Naturals: The Never-Ending Pilot,,,,
403,Hot Milfs Fuck: Quality Time Control,studio_spotlight,169,0.833,,,,ANY,9320,JAV,,,,,,,ANY,1366,Hot Milfs Fuck,,,,"NONE_TAGS(""JAV"") AND ANY_STUDIOS(""Hot Milfs Fuck"")",,"hierarchical network/studio, 169 post-JAV scenes",403|Hot Milfs Fuck: Quality Time Control,,,,
404,Mormon Girlz: The Streaming Committee,studio_spotlight,166,0.818,,,,ANY,9320,JAV,,,,,,,ANY,959,Mormon Girlz,,,,"NONE_TAGS(""JAV"") AND ANY_STUDIOS(""Mormon Girlz"")",,"hierarchical network/studio, 166 post-JAV scenes",404|Mormon Girlz: The Streaming Committee,,,,
405,Dress + Bedroom,tag_pair,386,1.902,ALL,8037|8056,SET: Bedroom|WARD: Dress,ANY,9320,JAV,,,,,,,,,,,,,,,"two-tag concept, captures 26% of smaller parent, lift 3.52",jw:v1:tagpair:8037:8056,,,,
406,LA Sublime: The Unofficial Afterparty,studio_spotlight,150,0.739,,,,ANY,9320,JAV,,,,,,,ANY,2021,LA Sublime,,,,"NONE_TAGS(""JAV"") AND ANY_STUDIOS(""LA Sublime"")",,"hierarchical network/studio, 150 post-JAV scenes",406|LA Sublime: The Unofficial Afterparty,,,,
407,Madonna: Script Pending,studio_spotlight,169,0.833,,,,,,,,,,,,,ANY,819,Madonna,,,,"ANY_STUDIOS(""Madonna"")",,sanctioned all-JAV studio (owner policy; no JAV exclusion),407|Madonna: Script Pending,,,,
408,PornFidelity: Channel Surfing Hazard,studio_spotlight,150,0.739,,,,ANY,9320,JAV,,,,,,,ANY,374,PornFidelity,,,,"NONE_TAGS(""JAV"") AND ANY_STUDIOS(""PornFidelity"")",,"hierarchical network/studio, 150 post-JAV scenes",408|PornFidelity: Channel Surfing Hazard,,,,
409,"Device Bondage: Prime Time, Questionable Timing",studio_spotlight,147,0.724,,,,ANY,9320,JAV,,,,,,,ANY,997,Device Bondage,,,,"NONE_TAGS(""JAV"") AND ANY_STUDIOS(""Device Bondage"")",,"hierarchical network/studio, 147 post-JAV scenes","409|Device Bondage: Prime Time, Questionable Timing",,,,
410,Dirty Wives Club: All Hands Off the Remote,studio_spotlight,145,0.714,,,,ANY,9320,JAV,,,,,,,ANY,248,Dirty Wives Club,,,,"NONE_TAGS(""JAV"") AND ANY_STUDIOS(""Dirty Wives Club"")",,"hierarchical network/studio, 145 post-JAV scenes",410|Dirty Wives Club: All Hands Off the Remote,,,,
411,Dress + Living room,tag_pair,316,1.557,ALL,8039|8056,SET: Living room|WARD: Dress,ANY,9320,JAV,,,,,,,,,,,,,,,"two-tag concept, captures 27% of smaller parent, lift 3.59",jw:v1:tagpair:8039:8056,,,,
412,The Training of O: The Credits Can Wait,studio_spotlight,143,0.704,,,,ANY,9320,JAV,,,,,,,ANY,511,The Training of O,,,,"NONE_TAGS(""JAV"") AND ANY_STUDIOS(""The Training of O"")",,"hierarchical network/studio, 143 post-JAV scenes",412|The Training of O: The Credits Can Wait,,,,
413,Casual + Breast play,tag_pair,576,2.838,ALL,8062|10210,WARD: Casual|ACT: Breast play,ANY,9320,JAV,,,,,,,,,,,,,,,"two-tag concept, captures 45% of smaller parent, lift 3.74",jw:v1:tagpair:8062:10210,,,,
414,Pornstars Punishment: The Binge Bureau,studio_spotlight,139,0.685,,,,ANY,9320,JAV,,,,,,,ANY,701,Pornstars Punishment,,,,"NONE_TAGS(""JAV"") AND ANY_STUDIOS(""Pornstars Punishment"")",,"hierarchical network/studio, 139 post-JAV scenes",414|Pornstars Punishment: The Binge Bureau,,,,
415,MILFs Like it Big: The Rerun Situation,studio_spotlight,138,0.680,,,,ANY,9320,JAV,,,,,,,ANY,257,MILFs Like it Big,,,,"NONE_TAGS(""JAV"") AND ANY_STUDIOS(""MILFs Like it Big"")",,"hierarchical network/studio, 138 post-JAV scenes",415|MILFs Like it Big: The Rerun Situation,,,,
416,Casual + Dress,tag_pair,711,3.503,ALL,8056|8062,WARD: Dress|WARD: Casual,ANY,9320,JAV,,,,,,,,,,,,,,,"two-tag concept, captures 47% of smaller parent, lift 3.86",jw:v1:tagpair:8056:8062,,,,
417,Digital Playground: Approved by Absolutely Nobody,studio_spotlight,210,1.035,,,,ANY,9320,JAV,,,,,,,ANY,41,Digital Playground,,,,"NONE_TAGS(""JAV"") AND ANY_STUDIOS(""Digital Playground"")",,"hierarchical network/studio, 210 post-JAV scenes",417|Digital Playground: Approved by Absolutely Nobody,,,,
418,Sweet Sinner: The Late-Night Department,studio_spotlight,126,0.621,,,,ANY,9320,JAV,,,,,,,ANY,89,Sweet Sinner,,,,"NONE_TAGS(""JAV"") AND ANY_STUDIOS(""Sweet Sinner"")",,"hierarchical network/studio, 126 post-JAV scenes",418|Sweet Sinner: The Late-Night Department,,,,
419,"Hot Wife XXX: House Rules, House Exceptions",studio_spotlight,124,0.611,,,,ANY,9320,JAV,,,,,,,ANY,620,Hot Wife XXX,,,,"NONE_TAGS(""JAV"") AND ANY_STUDIOS(""Hot Wife XXX"")",,"hierarchical network/studio, 124 post-JAV scenes","419|Hot Wife XXX: House Rules, House Exceptions",,,,
420,Tonight's Girlfriend: Where the Budget Went,studio_spotlight,122,0.601,,,,ANY,9320,JAV,,,,,,,ANY,136,Tonight's Girlfriend,,,,"NONE_TAGS(""JAV"") AND ANY_STUDIOS(""Tonight's Girlfriend"")",,"hierarchical network/studio, 122 post-JAV scenes",420|Tonight's Girlfriend: Where the Budget Went,,,,
421,XXX Shades: The Production Meeting,studio_spotlight,121,0.596,,,,ANY,9320,JAV,,,,,,,ANY,527,XXX Shades,,,,"NONE_TAGS(""JAV"") AND ANY_STUDIOS(""XXX Shades"")",,"hierarchical network/studio, 121 post-JAV scenes",421|XXX Shades: The Production Meeting,,,,
422,Exotic4K: The Never-Ending Pilot,studio_spotlight,112,0.552,,,,ANY,9320,JAV,,,,,,,ANY,1721,Exotic4K,,,,"NONE_TAGS(""JAV"") AND ANY_STUDIOS(""Exotic4K"")",,"hierarchical network/studio, 112 post-JAV scenes",422|Exotic4K: The Never-Ending Pilot,,,,
423,Pornstars Like It Big: Quality Time Control,studio_spotlight,112,0.552,,,,ANY,9320,JAV,,,,,,,ANY,70,Pornstars Like It Big,,,,"NONE_TAGS(""JAV"") AND ANY_STUDIOS(""Pornstars Like It Big"")",,"hierarchical network/studio, 112 post-JAV scenes",423|Pornstars Like It Big: Quality Time Control,,,,
424,Public Disgrace: The Streaming Committee,studio_spotlight,107,0.527,,,,ANY,9320,JAV,,,,,,,ANY,199,Public Disgrace,,,,"NONE_TAGS(""JAV"") AND ANY_STUDIOS(""Public Disgrace"")",,"hierarchical network/studio, 107 post-JAV scenes",424|Public Disgrace: The Streaming Committee,,,,
425,Hard X: Not Your Local News,studio_spotlight,95,0.468,,,,ANY,9320,JAV,,,,,,,ANY,116,Hard X,,,,"NONE_TAGS(""JAV"") AND ANY_STUDIOS(""Hard X"")",,"hierarchical network/studio, 95 post-JAV scenes",425|Hard X: Not Your Local News,,,,
426,Spanking/impact + Athletic,tag_pair,1712,8.434,ALL,8000|8066,BODY: Athletic|KINK: Spanking/impact,ANY,9320,JAV,,,,,,,,,,,,,,,"two-tag concept, captures 62% of smaller parent, lift 3.19",jw:v1:tagpair:8000:8066,,,,
427,Look At Her Now: Script Pending,studio_spotlight,89,0.438,,,,ANY,9320,JAV,,,,,,,ANY,807,Look At Her Now,,,,"NONE_TAGS(""JAV"") AND ANY_STUDIOS(""Look At Her Now"")",,"hierarchical network/studio, 89 post-JAV scenes",427|Look At Her Now: Script Pending,,,,
428,Dungeon Sex: Channel Surfing Hazard,studio_spotlight,84,0.414,,,,ANY,9320,JAV,,,,,,,ANY,1645,Dungeon Sex,,,,"NONE_TAGS(""JAV"") AND ANY_STUDIOS(""Dungeon Sex"")",,"hierarchical network/studio, 84 post-JAV scenes",428|Dungeon Sex: Channel Surfing Hazard,,,,
429,"MILFY: Prime Time, Questionable Timing",studio_spotlight,85,0.419,,,,ANY,9320,JAV,,,,,,,ANY,385,MILFY,,,,"NONE_TAGS(""JAV"") AND ANY_STUDIOS(""MILFY"")",,"hierarchical network/studio, 85 post-JAV scenes","429|MILFY: Prime Time, Questionable Timing",,,,
430,Thundercock: All Hands Off the Remote,studio_spotlight,79,0.389,,,,ANY,9320,JAV,,,,,,,ANY,594,Thundercock,,,,"NONE_TAGS(""JAV"") AND ANY_STUDIOS(""Thundercock"")",,"hierarchical network/studio, 79 post-JAV scenes",430|Thundercock: All Hands Off the Remote,,,,
431,I Have A Wife: The Talent Department,studio_spotlight,77,0.379,,,,ANY,9320,JAV,,,,,,,ANY,118,I Have A Wife,,,,"NONE_TAGS(""JAV"") AND ANY_STUDIOS(""I Have A Wife"")",,"hierarchical network/studio, 77 post-JAV scenes",431|I Have A Wife: The Talent Department,,,,
432,Don't Break Me: The Credits Can Wait,studio_spotlight,76,0.374,,,,ANY,9320,JAV,,,,,,,ANY,519,Don't Break Me,,,,"NONE_TAGS(""JAV"") AND ANY_STUDIOS(""Don't Break Me"")",,"hierarchical network/studio, 76 post-JAV scenes",432|Don't Break Me: The Credits Can Wait,,,,
433,Spanking/impact + Heels,tag_pair,778,3.833,ALL,8052|8066,WARD: Heels|KINK: Spanking/impact,ANY,9320,JAV,,,,,,,,,,,,,,,"two-tag concept, captures 37% of smaller parent, lift 1.92",jw:v1:tagpair:8052:8066,,,,
434,Exploited College Girls: The Binge Bureau,studio_spotlight,69,0.340,,,,ANY,9320,JAV,,,,,,,ANY,1730,Exploited College Girls,,,,"NONE_TAGS(""JAV"") AND ANY_STUDIOS(""Exploited College Girls"")",,"hierarchical network/studio, 69 post-JAV scenes",434|Exploited College Girls: The Binge Bureau,,,,
435,Big Cock Bully: The Rerun Situation,studio_spotlight,67,0.330,,,,ANY,9320,JAV,,,,,,,ANY,366,Big Cock Bully,,,,"NONE_TAGS(""JAV"") AND ANY_STUDIOS(""Big Cock Bully"")",,"hierarchical network/studio, 67 post-JAV scenes",435|Big Cock Bully: The Rerun Situation,,,,
436,Dom/Sub + Group,tag_pair,297,1.463,ALL,6188|8067,CAST: Group|KINK: Dom/Sub,ANY,9320,JAV,,,,,,,,,,,,,,,"two-tag concept, captures 24% of smaller parent, lift 2.15",jw:v1:tagpair:6188:8067,,,,
437,Reality Junkies: Approved by Absolutely Nobody,studio_spotlight,66,0.325,,,,ANY,9320,JAV,,,,,,,ANY,95,Reality Junkies,,,,"NONE_TAGS(""JAV"") AND ANY_STUDIOS(""Reality Junkies"")",,"hierarchical network/studio, 66 post-JAV scenes",437|Reality Junkies: Approved by Absolutely Nobody,,,,
438,Spizoo: The Late-Night Department,studio_spotlight,86,0.424,,,,ANY,9320,JAV,,,,,,,ANY,54,Spizoo,,,,"NONE_TAGS(""JAV"") AND ANY_STUDIOS(""Spizoo"")",,"hierarchical network/studio, 86 post-JAV scenes",438|Spizoo: The Late-Night Department,,,,
439,"HardX: House Rules, House Exceptions",studio_spotlight,63,0.310,,,,ANY,9320,JAV,,,,,,,ANY,222,HardX,,,,"NONE_TAGS(""JAV"") AND ANY_STUDIOS(""HardX"")",,"hierarchical network/studio, 63 post-JAV scenes","439|HardX: House Rules, House Exceptions",,,,
440,Devil's Film: Where the Budget Went,studio_spotlight,62,0.305,,,,ANY,9320,JAV,,,,,,,ANY,84,Devil's Film,,,,"NONE_TAGS(""JAV"") AND ANY_STUDIOS(""Devil's Film"")",,"hierarchical network/studio, 62 post-JAV scenes",440|Devil's Film: Where the Budget Went,,,,
441,Backroom Casting Couch: The Production Meeting,studio_spotlight,61,0.301,,,,ANY,9320,JAV,,,,,,,ANY,640,Backroom Casting Couch,,,,"NONE_TAGS(""JAV"") AND ANY_STUDIOS(""Backroom Casting Couch"")",,"hierarchical network/studio, 61 post-JAV scenes",441|Backroom Casting Couch: The Production Meeting,,,,
442,Girlsway: The Never-Ending Pilot,studio_spotlight,60,0.296,,,,ANY,9320,JAV,,,,,,,ANY,59,Girlsway,,,,"NONE_TAGS(""JAV"") AND ANY_STUDIOS(""Girlsway"")",,"hierarchical network/studio, 60 post-JAV scenes",442|Girlsway: The Never-Ending Pilot,,,,
443,Nubile Films: Quality Time Control,studio_spotlight,92,0.453,,,,ANY,9320,JAV,,,,,,,ANY,286,Nubile Films,,,,"NONE_TAGS(""JAV"") AND ANY_STUDIOS(""Nubile Films"")",,"hierarchical network/studio, 92 post-JAV scenes",443|Nubile Films: Quality Time Control,,,,
444,Dom/Sub + Sex toys,tag_pair,718,3.537,ALL,7991|8067,ACT: Sex toys|KINK: Dom/Sub,ANY,9320,JAV,,,,,,,,,,,,,,,"two-tag concept, captures 34% of smaller parent, lift 3.1",jw:v1:tagpair:7991:8067,,,,
445,Foot fetish + Bathroom,tag_pair,109,0.537,ALL,8038|8073,SET: Bathroom|KINK: Foot fetish,ANY,9320,JAV,,,,,,,,,,,,,,,"two-tag concept, captures 18% of smaller parent, lift 2.84",jw:v1:tagpair:8038:8073,,,,
446,Foot fetish + Barefoot,tag_pair,110,0.542,ALL,8061|8073,WARD: Barefoot|KINK: Foot fetish,ANY,9320,JAV,,,,,,,,,,,,,,,"two-tag concept, captures 23% of smaller parent, lift 3.59",jw:v1:tagpair:8061:8073,,,,
447,POV + Step-family,tag_pair,149,0.734,ALL,8022|8084,THEME: Step-family|PROD: POV,ANY,9320,JAV,,,,,,,,,,,,,,,"two-tag concept, captures 21% of smaller parent, lift 3.86",jw:v1:tagpair:8022:8084,,,,
448,Amateur + Thong,tag_pair,227,1.118,ALL,8055|8086,WARD: Thong|PROD: Amateur,ANY,9320,JAV,,,,,,,,,,,,,,,"two-tag concept, captures 21% of smaller parent, lift 3.2",jw:v1:tagpair:8055:8086,,,,
449,1M1F + Vaginal sex + Casual,tag_triple,832,4.099,ALL,7876|7975|8062,CAST: 1M1F|ACT: Vaginal sex|WARD: Casual,ANY,9320,JAV,,,,,,,,,,,,,,,"locked three-tag micro-channel, <= 75% of any parent pair, 832 scenes",jw:v1:tagtriple:7876:7975:8062,,,,
450,1M1F + Cheating + Gonzo,tag_triple,842,4.148,ALL,7876|8020|8083,CAST: 1M1F|THEME: Cheating|PROD: Gonzo,ANY,9320,JAV,,,,,,,,,,,,,,,"locked three-tag micro-channel, <= 77% of any parent pair, 842 scenes",jw:v1:tagtriple:7876:8020:8083,,,,
451,1M1F + Roleplay + Dom/Sub,tag_triple,575,2.833,ALL,7876|8026|8067,CAST: 1M1F|THEME: Roleplay|KINK: Dom/Sub,ANY,9320,JAV,,,,,,,,,,,,,,,"locked three-tag micro-channel, <= 55% of any parent pair, 575 scenes",jw:v1:tagtriple:7876:8026:8067,,,,
452,Vaginal sex + Big dick + Spanking/impact,tag_triple,903,4.448,ALL,7975|8016|8066,ACT: Vaginal sex|BODY: Big dick|KINK: Spanking/impact,ANY,9320,JAV,,,,,,,,,,,,,,,"locked three-tag micro-channel, <= 66% of any parent pair, 903 scenes",jw:v1:tagtriple:7975:8016:8066,,,,
453,Anal sex + Shaved + Humiliation,tag_triple,825,4.064,ALL,7976|8002|8068,ACT: Anal sex|BODY: Shaved|KINK: Humiliation,ANY,9320,JAV,,,,,,,,,,,,,,,"locked three-tag micro-channel, <= 78% of any parent pair, 825 scenes",jw:v1:tagtriple:7976:8002:8068,,,,
454,Twistys: The Binge Bureau,studio_spotlight,92,0.453,,,,ANY,9320,JAV,,,,,,,ANY,50,Twistys,,,,"NONE_TAGS(""JAV"") AND ANY_STUDIOS(""Twistys"")",,"hierarchical network/studio, 92 post-JAV scenes",454|Twistys: The Binge Bureau,,,,
455,Anal sex + Roleplay + Bondage,tag_triple,800,3.941,ALL,7976|8026|8065,ACT: Anal sex|THEME: Roleplay|KINK: Bondage,ANY,9320,JAV,,,,,,,,,,,,,,,"locked three-tag micro-channel, <= 80% of any parent pair, 800 scenes",jw:v1:tagtriple:7976:8026:8065,,,,
456,Blowjob + Roleplay + Narrative,tag_triple,694,3.419,ALL,7977|8026|8085,ACT: Blowjob|THEME: Roleplay|PROD: Narrative,ANY,9320,JAV,,,,,,,,,,,,,,,"locked three-tag micro-channel, <= 64% of any parent pair, 694 scenes",jw:v1:tagtriple:7977:8026:8085,,,,
457,Cunnilingus + Big breasts + Cheating,tag_triple,656,3.232,ALL,7978|8003|8020,ACT: Cunnilingus|BODY: Big breasts|THEME: Cheating,ANY,9320,JAV,,,,,,,,,,,,,,,"locked three-tag micro-channel, <= 79% of any parent pair, 656 scenes",jw:v1:tagtriple:7978:8003:8020,,,,
458,Cunnilingus + Big dick + Cheating,tag_triple,759,3.739,ALL,7978|8016|8020,ACT: Cunnilingus|BODY: Big dick|THEME: Cheating,ANY,9320,JAV,,,,,,,,,,,,,,,"locked three-tag micro-channel, <= 77% of any parent pair, 759 scenes",jw:v1:tagtriple:7978:8016:8020,,,,
459,Cunnilingus + Bedroom + Gonzo,tag_triple,616,3.035,ALL,7978|8037|8083,ACT: Cunnilingus|SET: Bedroom|PROD: Gonzo,ANY,9320,JAV,,,,,,,,,,,,,,,"locked three-tag micro-channel, <= 74% of any parent pair, 616 scenes",jw:v1:tagtriple:7978:8037:8083,,,,
460,Fingering + Big dick + Spanking/impact,tag_triple,874,4.306,ALL,7981|8016|8066,ACT: Fingering|BODY: Big dick|KINK: Spanking/impact,ANY,9320,JAV,,,,,,,,,,,,,,,"locked three-tag micro-channel, <= 54% of any parent pair, 874 scenes",jw:v1:tagtriple:7981:8016:8066,,,,
461,Nagae Style: The Production Meeting,studio_spotlight,39,0.192,,,,,,,,,,,,,ANY,1599,Nagae Style,,,,"ANY_STUDIOS(""Nagae Style"")",,sanctioned all-JAV studio (owner policy; no JAV exclusion),461|Nagae Style: The Production Meeting,,,,
462,Cumshot - face + Shaved + Lingerie,tag_triple,773,3.808,ALL,7986|8002|8051,ACT: Cumshot - face|BODY: Shaved|WARD: Lingerie,ANY,9320,JAV,,,,,,,,,,,,,,,"locked three-tag micro-channel, <= 55% of any parent pair, 773 scenes",jw:v1:tagtriple:7986:8002:8051,,,,
463,Cumshot - face + Big breasts + Heels,tag_triple,716,3.527,ALL,7986|8003|8052,ACT: Cumshot - face|BODY: Big breasts|WARD: Heels,ANY,9320,JAV,,,,,,,,,,,,,,,"locked three-tag micro-channel, <= 60% of any parent pair, 716 scenes",jw:v1:tagtriple:7986:8003:8052,,,,
464,Cumshot - face + Dress + Gonzo,tag_triple,737,3.631,ALL,7986|8056|8083,ACT: Cumshot - face|WARD: Dress|PROD: Gonzo,ANY,9320,JAV,,,,,,,,,,,,,,,"locked three-tag micro-channel, <= 77% of any parent pair, 737 scenes",jw:v1:tagtriple:7986:8056:8083,,,,
465,Cumshot - mouth + Casual + Gonzo,tag_triple,720,3.547,ALL,7987|8062|8083,ACT: Cumshot - mouth|WARD: Casual|PROD: Gonzo,ANY,9320,JAV,,,,,,,,,,,,,,,"locked three-tag micro-channel, <= 68% of any parent pair, 720 scenes",jw:v1:tagtriple:7987:8062:8083,,,,
466,Fantasy Massage (Network),studio_spotlight,67,0.330,,,,ANY,9320,JAV,,,,,,,ANY,1017,Fantasy Massage (Network),,,,,,"hierarchical network/studio, 67 post-JAV scenes",jw:v1:studio:1017,,,,
467,Penthouse,studio_spotlight,165,0.813,,,,ANY,9320,JAV,,,,,,,ANY,1083,Penthouse,,,,,,"hierarchical network/studio, 165 post-JAV scenes",jw:v1:studio:1083,,,,
468,Adult Time Originals,studio_spotlight,411,2.025,,,,ANY,9320,JAV,,,,,,,ANY,1261,Adult Time Originals,,,,,,"hierarchical network/studio, 411 post-JAV scenes",jw:v1:studio:1261,,,,
469,Full Porn Network,studio_spotlight,105,0.517,,,,ANY,9320,JAV,,,,,,,ANY,1329,Full Porn Network,,,,,,"hierarchical network/studio, 105 post-JAV scenes",jw:v1:studio:1329,,,,
470,ExploitedX,studio_spotlight,302,1.488,,,,ANY,9320,JAV,,,,,,,ANY,1365,ExploitedX,,,,,,"hierarchical network/studio, 302 post-JAV scenes",jw:v1:studio:1365,,,,
471,XEmpire,studio_spotlight,224,1.104,,,,ANY,9320,JAV,,,,,,,ANY,144,XEmpire,,,,,,"hierarchical network/studio, 224 post-JAV scenes",jw:v1:studio:144,,,,
472,Blowpass (Network),studio_spotlight,107,0.527,,,,ANY,9320,JAV,,,,,,,ANY,153,Blowpass (Network),,,,,,"hierarchical network/studio, 107 post-JAV scenes",jw:v1:studio:153,,,,
473,NF Media,studio_spotlight,153,0.754,,,,ANY,9320,JAV,,,,,,,ANY,1547,NF Media,,,,,,"hierarchical network/studio, 153 post-JAV scenes",jw:v1:studio:1547,,,,
474,Mile High Media,studio_spotlight,214,1.054,,,,ANY,9320,JAV,,,,,,,ANY,165,Mile High Media,,,,,,"hierarchical network/studio, 214 post-JAV scenes",jw:v1:studio:165,,,,
475,BangBros,studio_spotlight,79,0.389,,,,ANY,9320,JAV,,,,,,,ANY,168,BangBros,,,,,,"hierarchical network/studio, 79 post-JAV scenes",jw:v1:studio:168,,,,
476,Adult Prime,studio_spotlight,207,1.020,,,,ANY,9320,JAV,,,,,,,ANY,1738,Adult Prime,,,,,,"hierarchical network/studio, 207 post-JAV scenes",jw:v1:studio:1738,,,,
477,TeamSkeet (Network),studio_spotlight,358,1.764,,,,ANY,9320,JAV,,,,,,,ANY,176,TeamSkeet (Network),,,,,,"hierarchical network/studio, 358 post-JAV scenes",jw:v1:studio:176,,,,
478,MetArt Network,studio_spotlight,62,0.305,,,,ANY,9320,JAV,,,,,,,ANY,1804,MetArt Network,,,,,,"hierarchical network/studio, 62 post-JAV scenes",jw:v1:studio:1804,,,,
479,Mofos,studio_spotlight,143,0.704,,,,ANY,9320,JAV,,,,,,,ANY,196,Mofos,,,,,,"hierarchical network/studio, 143 post-JAV scenes",jw:v1:studio:196,,,,
480,Hunter: Where the Budget Went,studio_spotlight,30,0.148,,,,,,,,,,,,,ANY,2733,Hunter,,,,"ANY_STUDIOS(""Hunter"")",,sanctioned all-JAV studio (owner policy; no JAV exclusion),480|Hunter: Where the Budget Went,,,,
481,Kink,studio_spotlight,1792,8.828,,,,ANY,9320,JAV,,,,,,,ANY,198,Kink,,,,,,"hierarchical network/studio, 1792 post-JAV scenes",jw:v1:studio:198,,,,
482,Dorcel,studio_spotlight,131,0.645,,,,ANY,9320,JAV,,,,,,,ANY,200,Dorcel,,,,,,"hierarchical network/studio, 131 post-JAV scenes",jw:v1:studio:200,,,,
483,Kelly Madison Media,studio_spotlight,271,1.335,,,,ANY,9320,JAV,,,,,,,ANY,203,Kelly Madison Media,,,,,,"hierarchical network/studio, 271 post-JAV scenes",jw:v1:studio:203,,,,
484,Girlsway (Network),studio_spotlight,82,0.404,,,,ANY,9320,JAV,,,,,,,ANY,206,Girlsway (Network),,,,,,"hierarchical network/studio, 82 post-JAV scenes",jw:v1:studio:206,,,,
485,Fuck You Cash,studio_spotlight,1130,5.567,,,,ANY,9320,JAV,,,,,,,ANY,208,Fuck You Cash,,,,,,"hierarchical network/studio, 1130 post-JAV scenes",jw:v1:studio:208,,,,
486,Metro HD,studio_spotlight,73,0.360,,,,ANY,9320,JAV,,,,,,,ANY,212,Metro HD,,,,,,"hierarchical network/studio, 73 post-JAV scenes",jw:v1:studio:212,,,,
487,Nubiles Porn (Network),studio_spotlight,91,0.448,,,,ANY,9320,JAV,,,,,,,ANY,217,Nubiles Porn (Network),,,,,,"hierarchical network/studio, 91 post-JAV scenes",jw:v1:studio:217,,,,
488,Manipulative Media,studio_spotlight,205,1.010,,,,ANY,9320,JAV,,,,,,,ANY,2204,Manipulative Media,,,,,,"hierarchical network/studio, 205 post-JAV scenes",jw:v1:studio:2204,,,,
489,Reality Kings,studio_spotlight,910,4.483,,,,ANY,9320,JAV,,,,,,,ANY,223,Reality Kings,,,,,,"hierarchical network/studio, 910 post-JAV scenes",jw:v1:studio:223,,,,
490,The Fourth Wall Is on Lunch,tag_spotlight,227,1.118,ALL,10219,PROD: Behind the scenes,ANY,9320,JAV,,,,,,,,,,,,,"ALL_TAGS(""PROD: Behind the scenes"") AND NONE_TAGS(""JAV"")",,"canonical PROD tag, 227 scenes",490|The Fourth Wall Is on Lunch,,,,
491,Method Acting Gone Rogue,tag_spotlight,2402,11.833,ALL,8026,THEME: Roleplay,ANY,9320,JAV,,,,,,,,,,,,,"ALL_TAGS(""THEME: Roleplay"") AND NONE_TAGS(""JAV"")",,"canonical THEME tag, 2402 scenes",491|Method Acting Gone Rogue,,,,
492,Terms & Conditions Apply,tag_spotlight,1443,7.109,ALL,8020,THEME: Cheating,ANY,9320,JAV,,,,,,,,,,,,,"ALL_TAGS(""THEME: Cheating"") AND NONE_TAGS(""JAV"")",,"canonical THEME tag, 1443 scenes",492|Terms & Conditions Apply,,,,
493,The Sharing Economy,tag_spotlight,233,1.148,ALL,8030,THEME: Wife sharing,ANY,9320,JAV,,,,,,,,,,,,,"ALL_TAGS(""THEME: Wife sharing"") AND NONE_TAGS(""JAV"")",,"canonical THEME tag, 233 scenes",493|The Sharing Economy,,,,
494,"Rom-Com, Credits Optional",tag_spotlight,630,3.104,ALL,8027,THEME: Romance,ANY,9320,JAV,,,,,,,,,,,,,"ALL_TAGS(""THEME: Romance"") AND NONE_TAGS(""JAV"")",,"canonical THEME tag, 630 scenes","494|Rom-Com, Credits Optional",,,,
495,Neighborhood Watch-ish,tag_spotlight,617,3.040,ALL,8024,THEME: Voyeurism,ANY,9320,JAV,,,,,,,,,,,,,"ALL_TAGS(""THEME: Voyeurism"") AND NONE_TAGS(""JAV"")",,"canonical THEME tag, 617 scenes",495|Neighborhood Watch-ish,,,,
496,Standing Room Only,tag_spotlight,118,0.581,ALL,8036,THEME: Gangbang,ANY,9320,JAV,,,,,,,,,,,,,"ALL_TAGS(""THEME: Gangbang"") AND NONE_TAGS(""JAV"")",,"canonical THEME tag, 118 scenes",496|Standing Room Only,,,,
497,The Unscheduled Interview,tag_spotlight,207,1.020,ALL,10221,PROD: Interview,ANY,9320,JAV,,,,,,,,,,,,,"ALL_TAGS(""PROD: Interview"") AND NONE_TAGS(""JAV"")",,"canonical PROD tag, 207 scenes",497|The Unscheduled Interview,,,,
498,Knead to Know,tag_spotlight,367,1.808,ALL,8028,THEME: Massage,ANY,9320,JAV,,,,,,,,,,,,,"ALL_TAGS(""THEME: Massage"") AND NONE_TAGS(""JAV"")",,"canonical THEME tag, 367 scenes",498|Knead to Know,,,,
499,The Third-Wheel Deal,tag_spotlight,332,1.636,ALL,8021,THEME: Cuckolding,ANY,9320,JAV,,,,,,,,,,,,,"ALL_TAGS(""THEME: Cuckolding"") AND NONE_TAGS(""JAV"")",,"canonical THEME tag, 332 scenes",499|The Third-Wheel Deal,,,,
500,Clap Back TV,tag_spotlight,3932,19.370,ALL,8066,KINK: Spanking/impact,ANY,9320,JAV,,,,,,,,,,,,,"ALL_TAGS(""KINK: Spanking/impact"") AND NONE_TAGS(""JAV"")",,"canonical KINK tag, 3932 scenes",500|Clap Back TV,,,,
501,Management & Other Issues,tag_spotlight,2219,10.932,ALL,8067,KINK: Dom/Sub,ANY,9320,JAV,,,,,,,,,,,,,"ALL_TAGS(""KINK: Dom/Sub"") AND NONE_TAGS(""JAV"")",,"canonical KINK tag, 2219 scenes",501|Management & Other Issues,,,,
502,Roast Department,tag_spotlight,2050,10.099,ALL,8068,KINK: Humiliation,ANY,9320,JAV,,,,,,,,,,,,,"ALL_TAGS(""KINK: Humiliation"") AND NONE_TAGS(""JAV"")",,"canonical KINK tag, 2050 scenes",502|Roast Department,,,,
503,Knot Your Average Network,tag_spotlight,1962,9.666,ALL,8065,KINK: Bondage,ANY,9320,JAV,,,,,,,,,,,,,"ALL_TAGS(""KINK: Bondage"") AND NONE_TAGS(""JAV"")",,"canonical KINK tag, 1962 scenes",503|Knot Your Average Network,,,,
504,"Please Hold, Indefinitely",tag_spotlight,417,2.054,ALL,8074,KINK: Chastity/orgasm control,ANY,9320,JAV,,,,,,,,,,,,,"ALL_TAGS(""KINK: Chastity/orgasm control"") AND NONE_TAGS(""JAV"")",,"canonical KINK tag, 417 scenes","504|Please Hold, Indefinitely",,,,
505,Sole Proprietorship,tag_spotlight,1309,6.449,ALL,8073,KINK: Foot fetish,ANY,9320,JAV,,,,,,,,,,,,,"ALL_TAGS(""KINK: Foot fetish"") AND NONE_TAGS(""JAV"")",,"canonical KINK tag, 1309 scenes",505|Sole Proprietorship,,,,
506,The Mute Button,tag_spotlight,578,2.847,ALL,8070,KINK: Gags/restraints,ANY,9320,JAV,,,,,,,,,,,,,"ALL_TAGS(""KINK: Gags/restraints"") AND NONE_TAGS(""JAV"")",,"canonical KINK tag, 578 scenes",506|The Mute Button,,,,
507,Choose Your Own Remote,tag_spotlight,269,1.325,ALL,10220,PROD: Interactive,ANY,9320,JAV,,,,,,,,,,,,,"ALL_TAGS(""PROD: Interactive"") AND NONE_TAGS(""JAV"")",,"canonical PROD tag, 269 scenes",507|Choose Your Own Remote,,,,
508,"Bedtime, Allegedly",tag_spotlight,1460,7.192,ALL,8037,SET: Bedroom,ANY,9320,JAV,,,,,,,,,,,,,"ALL_TAGS(""SET: Bedroom"") AND NONE_TAGS(""JAV"")",,"canonical SET tag, 1460 scenes","508|Bedtime, Allegedly",,,,
509,Nature Calls the Shots,tag_spotlight,1221,6.015,ALL,8040,SET: Outdoor,ANY,9320,JAV,,,,,,,,,,,,,"ALL_TAGS(""SET: Outdoor"") AND NONE_TAGS(""JAV"")",,"canonical SET tag, 1221 scenes",509|Nature Calls the Shots,,,,
510,Couch Potato Confidential,tag_spotlight,1171,5.769,ALL,8039,SET: Living room,ANY,9320,JAV,,,,,,,,,,,,,"ALL_TAGS(""SET: Living room"") AND NONE_TAGS(""JAV"")",,"canonical SET tag, 1171 scenes",510|Couch Potato Confidential,,,,
511,Steam Team Six,tag_spotlight,596,2.936,ALL,8038,SET: Bathroom,ANY,9320,JAV,,,,,,,,,,,,,"ALL_TAGS(""SET: Bathroom"") AND NONE_TAGS(""JAV"")",,"canonical SET tag, 596 scenes",511|Steam Team Six,,,,
512,Pool Rules Are Suggestions,tag_spotlight,273,1.345,ALL,8048,SET: Pool/water,ANY,9320,JAV,,,,,,,,,,,,,"ALL_TAGS(""SET: Pool/water"") AND NONE_TAGS(""JAV"")",,"canonical SET tag, 273 scenes",512|Pool Rules Are Suggestions,,,,
513,Counter Intelligence,tag_spotlight,369,1.818,ALL,8044,SET: Kitchen,ANY,9320,JAV,,,,,,,,,,,,,"ALL_TAGS(""SET: Kitchen"") AND NONE_TAGS(""JAV"")",,"canonical SET tag, 369 scenes",513|Counter Intelligence,,,,
514,Park & Recreation,tag_spotlight,228,1.123,ALL,8043,SET: Car,ANY,9320,JAV,,,,,,,,,,,,,"ALL_TAGS(""SET: Car"") AND NONE_TAGS(""JAV"")",,"canonical SET tag, 228 scenes",514|Park & Recreation,,,,
515,Do Not Disturb-ish,tag_spotlight,194,0.956,ALL,8042,SET: Hotel,ANY,9320,JAV,,,,,,,,,,,,,"ALL_TAGS(""SET: Hotel"") AND NONE_TAGS(""JAV"")",,"canonical SET tag, 194 scenes",515|Do Not Disturb-ish,,,,
516,Brief Encounters,tag_spotlight,2649,13.050,ALL,8051,WARD: Lingerie,ANY,9320,JAV,,,,,,,,,,,,,"ALL_TAGS(""WARD: Lingerie"") AND NONE_TAGS(""JAV"")",,"canonical WARD tag, 2649 scenes",516|Brief Encounters,,,,
517,Transparency International-ish,tag_spotlight,32,0.158,ALL,10215,WARD: Sheer clothing,ANY,9320,JAV,,,,,,,,,,,,,"ALL_TAGS(""WARD: Sheer clothing"") AND NONE_TAGS(""JAV"")",,"canonical WARD tag, 32 scenes",517|Transparency International-ish,,,,
518,Elevated Programming,tag_spotlight,2093,10.311,ALL,8052,WARD: Heels,ANY,9320,JAV,,,,,,,,,,,,,"ALL_TAGS(""WARD: Heels"") AND NONE_TAGS(""JAV"")",,"canonical WARD tag, 2093 scenes",518|Elevated Programming,,,,
519,Knit Happens,tag_spotlight,1613,7.946,ALL,8053,WARD: Stockings,ANY,9320,JAV,,,,,,,,,,,,,"ALL_TAGS(""WARD: Stockings"") AND NONE_TAGS(""JAV"")",,"canonical WARD tag, 1613 scenes",519|Knit Happens,,,,
520,Dress Rehearsal,tag_spotlight,1526,7.518,ALL,8056,WARD: Dress,ANY,9320,JAV,,,,,,,,,,,,,"ALL_TAGS(""WARD: Dress"") AND NONE_TAGS(""JAV"")",,"canonical WARD tag, 1526 scenes",520|Dress Rehearsal,,,,
521,Minimal Coverage Network,tag_spotlight,1059,5.217,ALL,8055,WARD: Thong,ANY,9320,JAV,,,,,,,,,,,,,"ALL_TAGS(""WARD: Thong"") AND NONE_TAGS(""JAV"")",,"canonical WARD tag, 1059 scenes",521|Minimal Coverage Network,,,,
522,"Say Cheese, Cancel Plans",tag_spotlight,36,0.177,ALL,10222,PROD: Photoshoot,ANY,9320,JAV,,,,,,,,,,,,,"ALL_TAGS(""PROD: Photoshoot"") AND NONE_TAGS(""JAV"")",,"canonical PROD tag, 36 scenes","522|Say Cheese, Cancel Plans",,,,
523,Suit Yourself TV,tag_spotlight,135,0.665,ALL,10216,WARD: Swimwear,ANY,9320,JAV,,,,,,,,,,,,,"ALL_TAGS(""WARD: Swimwear"") AND NONE_TAGS(""JAV"")",,"canonical WARD tag, 135 scenes",523|Suit Yourself TV,,,,
524,Plot Happens,tag_spotlight,1764,8.690,ALL,8085,PROD: Narrative,ANY,9320,JAV,,,,,,,,,,,,,"ALL_TAGS(""PROD: Narrative"") AND NONE_TAGS(""JAV"")",,"canonical PROD tag, 1764 scenes",524|Plot Happens,,,,
525,You Are Here-ish,tag_spotlight,1115,5.493,ALL,8084,PROD: POV,ANY,9320,JAV,,,,,,,,,,,,,"ALL_TAGS(""PROD: POV"") AND NONE_TAGS(""JAV"")",,"canonical PROD tag, 1115 scenes",525|You Are Here-ish,,,,
526,Do-It-Yourself Television,tag_spotlight,1361,6.705,ALL,8086,PROD: Amateur,ANY,9320,JAV,,,,,,,,,,,,,"ALL_TAGS(""PROD: Amateur"") AND NONE_TAGS(""JAV"")",,"canonical PROD tag, 1361 scenes",526|Do-It-Yourself Television,,,,
527,Good Lighting Department,tag_spotlight,771,3.798,ALL,8088,PROD: Glamour,ANY,9320,JAV,,,,,,,,,,,,,"ALL_TAGS(""PROD: Glamour"") AND NONE_TAGS(""JAV"")",,"canonical PROD tag, 771 scenes",527|Good Lighting Department,,,,
528,La Touraine,studio_spotlight,150,0.739,,,,ANY,9320,JAV,,,,,,,ANY,2315,La Touraine,,,,,,"hierarchical network/studio, 150 post-JAV scenes",jw:v1:studio:2315,,,,
529,Terms of Endearment: Unfiltered,tag_spotlight,177,0.872,ALL,10217,KINK: Dirty talk,ANY,9320,JAV,,,,,,,,,,,,,"ALL_TAGS(""KINK: Dirty talk"") AND NONE_TAGS(""JAV"")",,"canonical KINK tag, 177 scenes",529|Terms of Endearment: Unfiltered,,,,
530,One-Woman Programming,tag_spotlight,1971,9.710,ALL,7828,CAST: 1F,ANY,9320,JAV,,,,,,,,,,,,,"ALL_TAGS(""CAST: 1F"") AND NONE_TAGS(""JAV"")",,"canonical CAST tag, 1971 scenes",530|One-Woman Programming,,,,
531,Two Women & a Plot Twist,tag_spotlight,1943,9.572,ALL,7882,CAST: 1M2F,ANY,9320,JAV,,,,,,,,,,,,,"ALL_TAGS(""CAST: 1M2F"") AND NONE_TAGS(""JAV"")",,"canonical CAST tag, 1943 scenes",531|Two Women & a Plot Twist,,,,
532,Ensemble Cast Away,tag_spotlight,1263,6.222,ALL,6188,CAST: Group,ANY,9320,JAV,,,,,,,,,,,,,"ALL_TAGS(""CAST: Group"") AND NONE_TAGS(""JAV"")",,"canonical CAST tag, 1263 scenes",532|Ensemble Cast Away,,,,
533,Two-Woman Double Bill,tag_spotlight,946,4.660,ALL,7849,CAST: 2F,ANY,9320,JAV,,,,,,,,,,,,,"ALL_TAGS(""CAST: 2F"") AND NONE_TAGS(""JAV"")",,"canonical CAST tag, 946 scenes",533|Two-Woman Double Bill,,,,
534,Rear View Review,tag_spotlight,3300,16.257,ALL,7995,BODY: Big ass,ANY,9320,JAV,,,,,,,,,,,,,"ALL_TAGS(""BODY: Big ass"") AND NONE_TAGS(""JAV"")",,"canonical BODY tag, 3300 scenes",534|Rear View Review,,,,
535,Chest a Minute,tag_spotlight,1277,6.291,ALL,10210,ACT: Breast play,ANY,9320,JAV,,,,,,,,,,,,,"ALL_TAGS(""ACT: Breast play"") AND NONE_TAGS(""JAV"")",,"canonical ACT tag, 1277 scenes",535|Chest a Minute,,,,
536,Reserved Seating,tag_spotlight,1634,8.050,ALL,10211,ACT: Facesitting,ANY,9320,JAV,,,,,,,,,,,,,"ALL_TAGS(""ACT: Facesitting"") AND NONE_TAGS(""JAV"")",,"canonical ACT tag, 1634 scenes",536|Reserved Seating,,,,
537,"Cardio, Allegedly",tag_spotlight,2770,13.646,ALL,8000,BODY: Athletic,ANY,9320,JAV,,,,,,,,,,,,,"ALL_TAGS(""BODY: Athletic"") AND NONE_TAGS(""JAV"")",,"canonical BODY tag, 2770 scenes","537|Cardio, Allegedly",,,,
538,The Ensemble Episode,tag_spotlight,351,1.729,ALL,10214,THEME: Orgy,ANY,9320,JAV,,,,,,,,,,,,,"ALL_TAGS(""THEME: Orgy"") AND NONE_TAGS(""JAV"")",,"canonical THEME tag, 351 scenes",538|The Ensemble Episode,,,,
539,Small Screen Energy,tag_spotlight,2035,10.025,ALL,8013,BODY: Petite,ANY,9320,JAV,,,,,,,,,,,,,"ALL_TAGS(""BODY: Petite"") AND NONE_TAGS(""JAV"")",,"canonical BODY tag, 2035 scenes",539|Small Screen Energy,,,,
540,Brazzers,studio_spotlight,1868,9.202,,,,ANY,9320,JAV,,,,,,,ANY,242,Brazzers,,,,,,"hierarchical network/studio, 1868 post-JAV scenes",jw:v1:studio:242,,,,
541,Snack to the Future,tag_spotlight,137,0.675,ALL,10218,KINK: Food play,ANY,9320,JAV,,,,,,,,,,,,,"ALL_TAGS(""KINK: Food play"") AND NONE_TAGS(""JAV"")",,"canonical KINK tag, 137 scenes",541|Snack to the Future,,,,
542,"Slim Pickings, Big Ratings",tag_spotlight,1792,8.828,ALL,7999,BODY: Slim,ANY,9320,JAV,,,,,,,,,,,,,"ALL_TAGS(""BODY: Slim"") AND NONE_TAGS(""JAV"")",,"canonical BODY tag, 1792 scenes","542|Slim Pickings, Big Ratings",,,,
543,Roundabout Programming,tag_spotlight,2719,13.395,ALL,7985,ACT: Rimming,ANY,9320,JAV,,,,,,,,,,,,,"ALL_TAGS(""ACT: Rimming"") AND NONE_TAGS(""JAV"")",,"canonical ACT tag, 2719 scenes",543|Roundabout Programming,,,,
544,The Other Entrance,tag_spotlight,3887,19.149,ALL,7976,ACT: Anal sex,ANY,9320,JAV,,,,,,,,,,,,,"ALL_TAGS(""ACT: Anal sex"") AND NONE_TAGS(""JAV"")",,"canonical ACT tag, 3887 scenes",544|The Other Entrance,,,,
545,Special Delivery Desk,tag_spotlight,3875,19.090,ALL,7987,ACT: Cumshot - mouth,ANY,9320,JAV,,,,,,,,,,,,,"ALL_TAGS(""ACT: Cumshot - mouth"") AND NONE_TAGS(""JAV"")",,"canonical ACT tag, 3875 scenes",545|Special Delivery Desk,,,,
546,Regularly Scheduled Mischief,tag_spotlight,3501,17.247,ALL,7975,ACT: Vaginal sex,ANY,9320,JAV,,,,,,,,,,,,,"ALL_TAGS(""ACT: Vaginal sex"") AND NONE_TAGS(""JAV"")",,"canonical ACT tag, 3501 scenes",546|Regularly Scheduled Mischief,,,,
547,Manual Override,tag_spotlight,3331,16.410,ALL,7979,ACT: Handjob,ANY,9320,JAV,,,,,,,,,,,,,"ALL_TAGS(""ACT: Handjob"") AND NONE_TAGS(""JAV"")",,"canonical ACT tag, 3331 scenes",547|Manual Override,,,,
548,Hole Lot of Questions,tag_spotlight,31,0.153,ALL,10212,THEME: Glory hole,ANY,9320,JAV,,,,,,,,,,,,,"ALL_TAGS(""THEME: Glory hole"") AND NONE_TAGS(""JAV"")",,"canonical THEME tag, 31 scenes",548|Hole Lot of Questions,,,,
549,Lip Service Broadcasting,tag_spotlight,2538,12.503,ALL,7984,ACT: Kissing,ANY,9320,JAV,,,,,,,,,,,,,"ALL_TAGS(""ACT: Kissing"") AND NONE_TAGS(""JAV"")",,"canonical ACT tag, 2538 scenes",549|Lip Service Broadcasting,,,,
550,Love Her Films,studio_spotlight,102,0.502,,,,ANY,9320,JAV,,,,,,,ANY,2446,Love Her Films,,,,,,"hierarchical network/studio, 102 post-JAV scenes",jw:v1:studio:2446,,,,
551,Naughty America (Network),studio_spotlight,818,4.030,,,,ANY,9320,JAV,,,,,,,ANY,247,Naughty America (Network),,,,,,"hierarchical network/studio, 818 post-JAV scenes",jw:v1:studio:247,,,,
552,MYLF,studio_spotlight,94,0.463,,,,ANY,9320,JAV,,,,,,,ANY,251,MYLF,,,,,,"hierarchical network/studio, 94 post-JAV scenes",jw:v1:studio:251,,,,
553,Vixen Media Group,studio_spotlight,1992,9.813,,,,ANY,9320,JAV,,,,,,,ANY,2695,Vixen Media Group,,,,,,"hierarchical network/studio, 1992 post-JAV scenes",jw:v1:studio:2695,,,,
554,Hush Hush Entertainment,studio_spotlight,140,0.690,,,,ANY,9320,JAV,,,,,,,ANY,2696,Hush Hush Entertainment,,,,,,"hierarchical network/studio, 140 post-JAV scenes",jw:v1:studio:2696,,,,
555,Teens Love Huge Cocks,studio_spotlight,63,0.310,,,,ANY,9320,JAV,,,,,,,ANY,29,Teens Love Huge Cocks,,,,,,"hierarchical network/studio, 63 post-JAV scenes",jw:v1:studio:29,,,,
556,Moms Bang Teens,studio_spotlight,61,0.301,,,,ANY,9320,JAV,,,,,,,ANY,339,Moms Bang Teens,,,,,,"hierarchical network/studio, 61 post-JAV scenes",jw:v1:studio:339,,,,
557,Lethal Pass,studio_spotlight,77,0.379,,,,ANY,9320,JAV,,,,,,,ANY,759,Lethal Pass,,,,,,"hierarchical network/studio, 77 post-JAV scenes",jw:v1:studio:759,,,,
558,Devil's Film (Network),studio_spotlight,75,0.369,,,,ANY,9320,JAV,,,,,,,ANY,840,Devil's Film (Network),,,,,,"hierarchical network/studio, 75 post-JAV scenes",jw:v1:studio:840,,,,
559,ManyVids,studio_spotlight,62,0.305,,,,ANY,9320,JAV,,,,,,,ANY,844,ManyVids,,,,,,"hierarchical network/studio, 62 post-JAV scenes",jw:v1:studio:844,,,,
560,Porn Pros,studio_spotlight,68,0.335,,,,ANY,9320,JAV,,,,,,,ANY,883,Porn Pros,,,,,,"hierarchical network/studio, 68 post-JAV scenes",jw:v1:studio:883,,,,
561,LetsDoeIt,studio_spotlight,472,2.325,,,,ANY,9320,JAV,,,,,,,ANY,927,LetsDoeIt,,,,,,"hierarchical network/studio, 472 post-JAV scenes",jw:v1:studio:927,,,,
562,Babes (Network),studio_spotlight,538,2.650,,,,ANY,9320,JAV,,,,,,,ANY,980,Babes (Network),,,,,,"hierarchical network/studio, 538 post-JAV scenes",jw:v1:studio:980,,,,
563,TeamSkeet (Network) · Narrative,studio_tag,141,0.695,ALL,8085,PROD: Narrative,ANY,9320,JAV,,,,,,,ANY,176,TeamSkeet (Network),,,,,,"TeamSkeet (Network) signature (39% of the network), lift 4.53",jw:v1:studiotag:176:8085,,,,
564,Kink · Sex toys,studio_tag,617,3.040,ALL,7991,ACT: Sex toys,ANY,9320,JAV,,,,,,,ANY,198,Kink,,,,,,"Kink signature (34% of the network), lift 3.3",jw:v1:studiotag:198:7991,,,,
565,Kink · Roleplay,studio_tag,942,4.641,ALL,8026,THEME: Roleplay,ANY,9320,JAV,,,,,,,ANY,198,Kink,,,,,,"Kink signature (53% of the network), lift 4.44",jw:v1:studiotag:198:8026,,,,
566,Kink · Gags/restraints,studio_tag,516,2.542,ALL,8070,KINK: Gags/restraints,ANY,9320,JAV,,,,,,,ANY,198,Kink,,,,,,"Kink signature (29% of the network), lift 10.11",jw:v1:studiotag:198:8070,,,,
567,Fuck You Cash · Amateur,studio_tag,267,1.315,ALL,8086,PROD: Amateur,ANY,9320,JAV,,,,,,,ANY,208,Fuck You Cash,,,,,,"Fuck You Cash signature (24% of the network), lift 3.52",jw:v1:studiotag:208:8086,,,,
568,Reality Kings · Thong,studio_tag,200,0.985,ALL,8055,WARD: Thong,ANY,9320,JAV,,,,,,,ANY,223,Reality Kings,,,,,,"Reality Kings signature (22% of the network), lift 4.21",jw:v1:studiotag:223:8055,,,,
569,Reality Kings · Casual,studio_tag,350,1.724,ALL,8062,WARD: Casual,ANY,9320,JAV,,,,,,,ANY,223,Reality Kings,,,,,,"Reality Kings signature (38% of the network), lift 3.19",jw:v1:studiotag:223:8062,,,,
570,Reality Kings · Amateur,studio_tag,565,2.783,ALL,8086,PROD: Amateur,ANY,9320,JAV,,,,,,,ANY,223,Reality Kings,,,,,,"Reality Kings signature (62% of the network), lift 9.26",jw:v1:studiotag:223:8086,,,,
571,Brazzers · Breast play,studio_tag,527,2.596,ALL,10210,ACT: Breast play,ANY,9320,JAV,,,,,,,ANY,242,Brazzers,,,,,,"Brazzers signature (28% of the network), lift 4.48",jw:v1:studiotag:242:10210,,,,
572,Brazzers · Heels,studio_tag,691,3.404,ALL,8052,WARD: Heels,ANY,9320,JAV,,,,,,,ANY,242,Brazzers,,,,,,"Brazzers signature (37% of the network), lift 3.59",jw:v1:studiotag:242:8052,,,,
573,Brazzers · Dress,studio_tag,681,3.355,ALL,8056,WARD: Dress,ANY,9320,JAV,,,,,,,ANY,242,Brazzers,,,,,,"Brazzers signature (36% of the network), lift 4.85",jw:v1:studiotag:242:8056,,,,
574,Naughty America (Network) · Cumshot - body,studio_tag,284,1.399,ALL,7988,ACT: Cumshot - body,ANY,9320,JAV,,,,,,,ANY,247,Naughty America (Network),,,,,,"Naughty America (Network) signature (35% of the network), lift 2.83",jw:v1:studiotag:247:7988,,,,
575,Naughty America (Network) · Stockings,studio_tag,223,1.099,ALL,8053,WARD: Stockings,ANY,9320,JAV,,,,,,,ANY,247,Naughty America (Network),,,,,,"Naughty America (Network) signature (27% of the network), lift 3.43",jw:v1:studiotag:247:8053,,,,
576,Vixen Media Group · Ass-to-mouth,studio_tag,717,3.532,ALL,7993,ACT: Ass-to-mouth,ANY,9320,JAV,,,,,,,ANY,2695,Vixen Media Group,,,,,,"Vixen Media Group signature (36% of the network), lift 3.5",jw:v1:studiotag:2695:7993,,,,
577,New Sensations · Interactive,studio_tag,251,1.237,ALL,10220,PROD: Interactive,ANY,9320,JAV,,,,,,,ANY,76,New Sensations,,,,,,"New Sensations signature (24% of the network), lift 18.07",jw:v1:studiotag:76:10220,,,,
578,Martin Stein & Nancy Ace,performer_pair,25,0.123,,,,ANY,9320,JAV,ALL,1063|1064,Martin Stein|Nancy Ace,,,,,,,,,,,,"locked recurring duo, 25 scenes together, mutuality 0.595, capture 1.0",jw:v1:perfduo:1063:1064,,,,
579,Little Caprice & Marcello Bravo,performer_pair,12,0.059,,,,ANY,9320,JAV,ALL,1066|1067,Little Caprice|Marcello Bravo,,,,,,,,,,,,"locked recurring duo, 12 scenes together, mutuality 0.522, capture 0.667",jw:v1:perfduo:1066:1067,,,,
580,Ryan Madison & Kelly Madison,performer_pair,58,0.286,,,,ANY,9320,JAV,ALL,11|874,Ryan Madison|Kelly Madison,,,,,,,,,,,,"locked recurring duo, 58 scenes together, mutuality 0.239, capture 1.0",jw:v1:perfduo:11:874,,,,
581,Adam Ocelot & Eva Elfie,performer_pair,13,0.064,,,,ANY,9320,JAV,ALL,1157|1158,Adam Ocelot|Eva Elfie,,,,,,,,,,,,"locked recurring duo, 13 scenes together, mutuality 0.271, capture 1.0",jw:v1:perfduo:1157:1158,,,,
582,Cory Chase & Luke Longly,performer_pair,33,0.163,,,,ANY,9320,JAV,ALL,12|1715,Cory Chase|Luke Longly,,,,,,,,,,,,"locked recurring duo, 33 scenes together, mutuality 0.224, capture 0.971",jw:v1:perfduo:12:1715,,,,
583,Steve Holmes & Max Cortes,performer_pair,12,0.059,,,,ANY,9320,JAV,ALL,186|3647,Steve Holmes|Max Cortes,,,,,,,,,,,,"locked recurring duo, 12 scenes together, mutuality 0.071, capture 0.8",jw:v1:perfduo:186:3647,,,,
584,Steve Holmes & Silvia Rubi,performer_pair,15,0.074,,,,ANY,9320,JAV,ALL,186|7565,Steve Holmes|Silvia Rubi,,,,,,,,,,,,"locked recurring duo, 15 scenes together, mutuality 0.089, capture 1.0",jw:v1:perfduo:186:7565,,,,
585,Shane Diesel & Boz,performer_pair,28,0.138,,,,ANY,9320,JAV,ALL,239|6762,Shane Diesel|Boz,,,,,,,,,,,,"locked recurring duo, 28 scenes together, mutuality 0.068, capture 1.0",jw:v1:perfduo:239:6762,,,,
586,Mandy Flores & David Flores,performer_pair,14,0.069,,,,ANY,9320,JAV,ALL,4598|4791,Mandy Flores|David Flores,,,,,,,,,,,,"locked recurring duo, 14 scenes together, mutuality 0.452, capture 1.0",jw:v1:perfduo:4598:4791,,,,
587,Johnny Sins · Rimming,performer_tag,104,0.512,ALL,7985,ACT: Rimming,ANY,9320,JAV,ALL,139,Johnny Sins,,,,,,,,,,,,"specialization of Johnny Sins (44% of their scenes), lift 3.32",jw:v1:perftag:139:7985,,,,
588,Johnny Sins · Thong,performer_tag,56,0.276,ALL,8055,WARD: Thong,ANY,9320,JAV,ALL,139,Johnny Sins,,,,,,,,,,,,"specialization of Johnny Sins (24% of their scenes), lift 4.59",jw:v1:perftag:139:8055,,,,
589,Tyler Nixon · Rimming,performer_tag,116,0.571,ALL,7985,ACT: Rimming,ANY,9320,JAV,ALL,154,Tyler Nixon,,,,,,,,,,,,"specialization of Tyler Nixon (45% of their scenes), lift 3.37",jw:v1:perftag:154:7985,,,,
590,Tyler Nixon · Choking/breath,performer_tag,101,0.498,ALL,8069,KINK: Choking/breath,ANY,9320,JAV,ALL,154,Tyler Nixon,,,,,,,,,,,,"specialization of Tyler Nixon (39% of their scenes), lift 14.72",jw:v1:perftag:154:8069,,,,
591,Mick Blue · Rimming,performer_tag,170,0.837,ALL,7985,ACT: Rimming,ANY,9320,JAV,ALL,157,Mick Blue,,,,,,,,,,,,"specialization of Mick Blue (30% of their scenes), lift 2.21",jw:v1:perftag:157:7985,,,,
592,Xander Corvus · Breast play,performer_tag,77,0.379,ALL,10210,ACT: Breast play,ANY,9320,JAV,ALL,176,Xander Corvus,,,,,,,,,,,,"specialization of Xander Corvus (22% of their scenes), lift 3.45",jw:v1:perftag:176:10210,,,,
593,Xander Corvus · Cheating,performer_tag,83,0.409,ALL,8020,THEME: Cheating,ANY,9320,JAV,ALL,176,Xander Corvus,,,,,,,,,,,,"specialization of Xander Corvus (23% of their scenes), lift 3.29",jw:v1:perftag:176:8020,,,,
594,Steve Holmes · Anal sex,performer_tag,104,0.512,ALL,7976,ACT: Anal sex,ANY,9320,JAV,ALL,186,Steve Holmes,,,,,,,,,,,,"specialization of Steve Holmes (62% of their scenes), lift 3.21",jw:v1:perftag:186:7976,,,,
595,Markus Dupree · Anal sex,performer_tag,119,0.586,ALL,7976,ACT: Anal sex,ANY,9320,JAV,ALL,21,Markus Dupree,,,,,,,,,,,,"specialization of Markus Dupree (64% of their scenes), lift 3.32",jw:v1:perftag:21:7976,,,,
596,Keiran Lee · Rimming,performer_tag,177,0.872,ALL,7985,ACT: Rimming,ANY,9320,JAV,ALL,60,Keiran Lee,,,,,,,,,,,,"specialization of Keiran Lee (48% of their scenes), lift 3.56",jw:v1:perftag:60:7985,,,,
597,Keiran Lee · Dress,performer_tag,136,0.670,ALL,8056,WARD: Dress,ANY,9320,JAV,ALL,60,Keiran Lee,,,,,,,,,,,,"specialization of Keiran Lee (37% of their scenes), lift 4.88",jw:v1:perftag:60:8056,,,,
598,Tommy Pistol · Dom/Sub,performer_tag,116,0.571,ALL,8067,KINK: Dom/Sub,ANY,9320,JAV,ALL,61,Tommy Pistol,,,,,,,,,,,,"specialization of Tommy Pistol (52% of their scenes), lift 4.8",jw:v1:perftag:61:8067,,,,
608,"Slim Pickings, Big Ratings: The Plot Happens Department",tag_pair,877,4.320,ALL,7999|8085,BODY: Slim|PROD: Narrative,ANY,9320,JAV,,,,,,,,,,,,,"ALL_TAGS(""BODY: Slim"", ""PROD: Narrative"") AND NONE_TAGS(""JAV"")",,"two-tag concept, captures 50% of smaller parent, lift 5.63","608|Slim Pickings, Big Ratings: The Plot Happens Department",,,,
638,Lip Service: The Good Lighting Department Department,tag_pair,412,2.030,ALL,7984|8088,ACT: Kissing|PROD: Glamour,ANY,9320,JAV,,,,,,,,,,,,,"ALL_TAGS(""ACT: Kissing"", ""PROD: Glamour"") AND NONE_TAGS(""JAV"")",,"two-tag concept, captures 53% of smaller parent, lift 4.27",638|Lip Service: The Good Lighting Department Department,,,,
643,Couch Potato Confidential: A Do-It-Yourself Special,tag_pair,304,1.498,ALL,8039|8086,SET: Living room|PROD: Amateur,ANY,9320,JAV,,,,,,,,,,,,,"ALL_TAGS(""SET: Living room"", ""PROD: Amateur"") AND NONE_TAGS(""JAV"")",,"two-tag concept, captures 26% of smaller parent, lift 3.87",643|Couch Potato Confidential: A Do-It-Yourself Special,,,,
644,Method Acting Gone Rogue Goes The Mute Button,tag_pair,257,1.266,ALL,8026|8070,THEME: Roleplay|KINK: Gags/restraints,ANY,9320,JAV,,,,,,,,,,,,,"ALL_TAGS(""THEME: Roleplay"", ""KINK: Gags/restraints"") AND NONE_TAGS(""JAV"")",,"two-tag concept, captures 44% of smaller parent, lift 3.76",644|Method Acting Gone Rogue Goes The Mute Button,,,,
747,Bobby Beefcake: Couch Potato Confidential,performer_tag,111,0.547,ALL,8039,SET: Living room,ANY,9320,JAV,ALL,408,Bobby Beefcake,,,,,,,,,,"ALL_TAGS(""SET: Living room"") AND NONE_TAGS(""JAV"") AND ALL_PERFORMERS(""Bobby Beefcake"")",,"specialization of Bobby Beefcake (34% of their scenes), lift 5.9",747|Bobby Beefcake: Couch Potato Confidential,,,,
752,Mick Blue: Scenic Route,performer_tag,214,1.054,ALL,7993,ACT: Ass-to-mouth,ANY,9320,JAV,ALL,157,Mick Blue,,,,,,,,,,"ALL_TAGS(""ACT: Ass-to-mouth"") AND NONE_TAGS(""JAV"") AND ALL_PERFORMERS(""Mick Blue"")",,"specialization of Mick Blue (37% of their scenes), lift 3.63",752|Mick Blue: Scenic Route,,,,
784,Rissa May: Between the Headlines,performer_tag,55,0.271,ALL,7980,ACT: Titjob,ANY,9320,JAV,ALL,3532,Rissa May,,,,,,,,,,"ALL_TAGS(""ACT: Titjob"") AND NONE_TAGS(""JAV"") AND ALL_PERFORMERS(""Rissa May"")",,"specialization of Rissa May (38% of their scenes), lift 4.12",784|Rissa May: Between the Headlines,,,,
860,Dylan Ryan & Krysta Kaos: Scheduling Conflict,performer_pair,24,0.118,,,,ANY,9320,JAV,ALL,4041|5373,Dylan Ryan|Krysta Kaos,,,,,,,,,,"NONE_TAGS(""JAV"") AND ALL_PERFORMERS(""Dylan Ryan"", ""Krysta Kaos"")",,"locked recurring duo, 24 scenes together, mutuality 0.387, capture 0.414",860|Dylan Ryan & Krysta Kaos: Scheduling Conflict,,,,
861,Beretta James + Dylan Ryan: The Crossover Episode,performer_pair,24,0.118,,,,ANY,9320,JAV,ALL,3993|4041,Beretta James|Dylan Ryan,,,,,,,,,,"NONE_TAGS(""JAV"") AND ALL_PERFORMERS(""Beretta James"", ""Dylan Ryan"")",,"locked recurring duo, 24 scenes together, mutuality 0.387, capture 0.686",861|Beretta James + Dylan Ryan: The Crossover Episode,,,,
862,"Iona Grace & Sparky Sin Claire: Co-Stars, Co-Conspirators",performer_pair,23,0.113,,,,ANY,9320,JAV,ALL,3769|7400,Iona Grace|Sparky Sin Claire,,,,,,,,,,"NONE_TAGS(""JAV"") AND ALL_PERFORMERS(""Iona Grace"", ""Sparky Sin Claire"")",,"locked recurring duo, 23 scenes together, mutuality 0.343, capture 0.639","862|Iona Grace & Sparky Sin Claire: Co-Stars, Co-Conspirators",,,,
865,Iona Grace + Lilla Katt: Double Trouble Desk,performer_pair,21,0.103,,,,ANY,9320,JAV,ALL,3769|7596,Iona Grace|Lilla Katt,,,,,,,,,,"NONE_TAGS(""JAV"") AND ALL_PERFORMERS(""Iona Grace"", ""Lilla Katt"")",,"locked recurring duo, 21 scenes together, mutuality 0.313, capture 0.512",865|Iona Grace + Lilla Katt: Double Trouble Desk,,,,
868,Nerine Mechanique & Lilla Katt: Scheduling Conflict,performer_pair,19,0.094,,,,ANY,9320,JAV,ALL,7406|7596,Nerine Mechanique|Lilla Katt,,,,,,,,,,"NONE_TAGS(""JAV"") AND ALL_PERFORMERS(""Nerine Mechanique"", ""Lilla Katt"")",,"locked recurring duo, 19 scenes together, mutuality 0.432, capture 0.463",868|Nerine Mechanique & Lilla Katt: Scheduling Conflict,,,,
871,Krysta Kaos + Maestro Stefanos: Shared Screen Time,performer_pair,18,0.089,,,,ANY,9320,JAV,ALL,5373|7043,Krysta Kaos|Maestro Stefanos,,,,,,,,,,"NONE_TAGS(""JAV"") AND ALL_PERFORMERS(""Krysta Kaos"", ""Maestro Stefanos"")",,"locked recurring duo, 18 scenes together, mutuality 0.31, capture 0.45",871|Krysta Kaos + Maestro Stefanos: Shared Screen Time,,,,
872,Francesca Le & Mark Wood: The Joint Statement,performer_pair,18,0.089,,,,ANY,9320,JAV,ALL,8|387,Mark Wood|Francesca Le,,,,,,,,,,"NONE_TAGS(""JAV"") AND ALL_PERFORMERS(""Francesca Le"", ""Mark Wood"")",,"locked recurring duo, 18 scenes together, mutuality 0.212, capture 0.72",872|Francesca Le & Mark Wood: The Joint Statement,,,,
